,gammas,conv_iters,threshold,max_value,times_api,times_real,policy_updates,policies,V,all_stats
0,0.05,2,0.18999999999999997,4.18,0.00012612342834472656,0.00036334991455078125,2,"(0, 1, 1, 1, 1, 1, 1, 1, 1, 1, 1, 1, 1, 1, 1, 1, 1, 1, 1, 1, 1, 1, 1, 0)","(0.045000000000000005, 1.0, 1.0, 1.0, 1.0, 1.0, 1.0, 1.0, 1.0, 1.0, 1.0, 1.0, 1.0, 1.0, 1.0, 1.0, 1.0, 1.0, 1.0, 1.0, 1.0, 1.0, 1.0, 4.18)","[{'State': None, 'Action': None, 'Reward': 4.0, 'Error': 4.0, 'Time': 3.361701965332031e-05, 'Epsilon': 0.01, 'Max V': 4.0, 'Mean V': 1.0833333333333333}, {'State': None, 'Action': None, 'Reward': 4.18, 'Error': 0.17999999999999972, 'Time': 9.250640869140625e-05, 'Epsilon': 0.01, 'Max V': 4.18, 'Mean V': 1.0927083333333334}]"
1,0.1,3,0.09000000000000001,4.3933,0.00026297569274902344,0.00040650367736816406,3,"(0, 1, 1, 1, 1, 1, 1, 1, 1, 1, 1, 1, 1, 1, 1, 1, 1, 1, 1, 1, 1, 1, 1, 0)","(0.09090000000000001, 1.009, 1.009, 1.009, 1.009, 1.009, 1.009, 1.009, 1.009, 1.009, 1.009, 1.009, 1.009, 1.009, 1.009, 1.009, 1.009, 1.009, 1.009, 1.009, 1.009, 1.009, 1.009, 4.3933)","[{'State': None, 'Action': None, 'Reward': 4.0, 'Error': 4.0, 'Time': 3.337860107421875e-05, 'Epsilon': 0.01, 'Max V': 4.0, 'Mean V': 1.0833333333333333}, {'State': None, 'Action': None, 'Reward': 4.36, 'Error': 0.3600000000000003, 'Time': 8.988380432128906e-05, 'Epsilon': 0.01, 'Max V': 4.36, 'Mean V': 1.1020833333333333}, {'State': None, 'Action': None, 'Reward': 4.3933, 'Error': 0.032399999999999665, 'Time': 0.00013971328735351562, 'Epsilon': 0.01, 'Max V': 4.3933, 'Mean V': 1.1117583333333332}]"
2,0.15000000000000002,4,0.056666666666666664,4.62507025,0.0004436969757080078,0.0004467964172363281,4,"(0, 1, 1, 1, 1, 1, 1, 1, 1, 1, 1, 1, 1, 1, 1, 1, 1, 1, 1, 1, 1, 1, 1, 0)","(0.13978912500000001, 1.02055375, 1.02055375, 1.02055375, 1.02055375, 1.02055375, 1.02055375, 1.02055375, 1.02055375, 1.02055375, 1.02055375, 1.02055375, 1.02055375, 1.02055375, 1.02055375, 1.02055375, 1.02055375, 1.02055375, 1.02055375, 1.02055375, 1.02055375, 1.02055375, 1.02055375, 4.62507025)","[{'State': None, 'Action': None, 'Reward': 4.0, 'Error': 4.0, 'Time': 3.218650817871094e-05, 'Epsilon': 0.01, 'Max V': 4.0, 'Mean V': 1.0833333333333333}, {'State': None, 'Action': None, 'Reward': 4.54, 'Error': 0.54, 'Time': 8.797645568847656e-05, 'Epsilon': 0.01, 'Max V': 4.54, 'Mean V': 1.1114583333333332}, {'State': None, 'Action': None, 'Reward': 4.614925, 'Error': 0.07290000000000038, 'Time': 0.0001380443572998047, 'Epsilon': 0.01, 'Max V': 4.614925, 'Mean V': 1.1332270833333336}, {'State': None, 'Action': None, 'Reward': 4.62507025, 'Error': 0.009841500000000059, 'Time': 0.00018548965454101562, 'Epsilon': 0.01, 'Max V': 4.62507025, 'Mean V': 1.1340434114583333}]"
3,0.2,4,0.04,4.877248,0.0004506111145019531,0.0004534721374511719,4,"(0, 1, 1, 1, 1, 1, 1, 1, 1, 1, 1, 1, 1, 1, 1, 1, 1, 1, 1, 1, 1, 1, 1, 0)","(0.19015200000000002, 1.03672, 1.03672, 1.03672, 1.03672, 1.03672, 1.03672, 1.03672, 1.03672, 1.03672, 1.03672, 1.03672, 1.03672, 1.03672, 1.03672, 1.03672, 1.03672, 1.03672, 1.03672, 1.03672, 1.03672, 1.03672, 1.03672, 4.877248)","[{'State': None, 'Action': None, 'Reward': 4.0, 'Error': 4.0, 'Time': 3.2901763916015625e-05, 'Epsilon': 0.01, 'Max V': 4.0, 'Mean V': 1.0833333333333333}, {'State': None, 'Action': None, 'Reward': 4.72, 'Error': 0.7199999999999998, 'Time': 8.96453857421875e-05, 'Epsilon': 0.01, 'Max V': 4.72, 'Mean V': 1.1208333333333333}, {'State': None, 'Action': None, 'Reward': 4.8532, 'Error': 0.12960000000000044, 'Time': 0.00014019012451171875, 'Epsilon': 0.01, 'Max V': 4.8532, 'Mean V': 1.1595333333333333}, {'State': None, 'Action': None, 'Reward': 4.877248, 'Error': 0.02332799999999957, 'Time': 0.00018787384033203125, 'Epsilon': 0.01, 'Max V': 4.877248, 'Mean V': 1.1614683333333333}]"
4,0.25,5,0.03,5.1659816406250005,0.0006806850433349609,0.0004973411560058594,5,"(0, 1, 1, 1, 1, 1, 1, 1, 1, 1, 1, 1, 1, 1, 1, 1, 1, 1, 1, 1, 1, 1, 0, 0)","(0.24405820312499998, 1.06085546875, 1.06085546875, 1.06085546875, 1.06085546875, 1.06085546875, 1.06085546875, 1.06085546875, 1.06085546875, 1.06085546875, 1.06085546875, 1.06085546875, 1.06085546875, 1.06085546875, 1.06085546875, 1.06085546875, 1.06085546875, 1.06085546875, 1.06085546875, 1.06085546875, 1.06085546875, 1.06085546875, 1.165981640625, 5.1659816406250005)","[{'State': None, 'Action': None, 'Reward': 4.0, 'Error': 4.0, 'Time': 3.266334533691406e-05, 'Epsilon': 0.01, 'Max V': 4.0, 'Mean V': 1.0833333333333333}, {'State': None, 'Action': None, 'Reward': 4.9, 'Error': 0.9000000000000004, 'Time': 8.893013000488281e-05, 'Epsilon': 0.01, 'Max V': 4.9, 'Mean V': 1.1302083333333333}, {'State': None, 'Action': None, 'Reward': 5.108125, 'Error': 0.2024999999999999, 'Time': 0.00013899803161621094, 'Epsilon': 0.01, 'Max V': 5.108125, 'Mean V': 1.1928385416666665}, {'State': None, 'Action': None, 'Reward': 5.15509375, 'Error': 0.04556249999999995, 'Time': 0.00018668174743652344, 'Epsilon': 0.01, 'Max V': 5.15509375, 'Mean V': 1.1985162760416666}, {'State': None, 'Action': None, 'Reward': 5.1659816406250005, 'Error': 0.010251562500000727, 'Time': 0.0002334117889404297, 'Epsilon': 0.01, 'Max V': 5.1659816406250005, 'Mean V': 1.2022494303385418}]"
5,0.3,5,0.02333333333333333,5.48343913,0.0006902217864990234,0.0004963874816894531,5,"(0, 1, 1, 1, 1, 1, 1, 1, 1, 1, 1, 1, 1, 1, 1, 1, 1, 1, 1, 1, 1, 1, 0, 0)","(0.30153248999999993, 1.0900639, 1.0900639, 1.0900639, 1.0900639, 1.0900639, 1.0900639, 1.0900639, 1.0900639, 1.0900639, 1.0900639, 1.0900639, 1.0900639, 1.0900639, 1.0900639, 1.0900639, 1.0900639, 1.0900639, 1.0900639, 1.0900639, 1.0900639, 1.0900639, 1.4834391299999998, 5.48343913)","[{'State': None, 'Action': None, 'Reward': 4.0, 'Error': 4.0, 'Time': 3.2901763916015625e-05, 'Epsilon': 0.01, 'Max V': 4.0, 'Mean V': 1.0833333333333333}, {'State': None, 'Action': None, 'Reward': 5.08, 'Error': 1.08, 'Time': 9.012222290039062e-05, 'Epsilon': 0.01, 'Max V': 5.08, 'Mean V': 1.1429166666666666}, {'State': None, 'Action': None, 'Reward': 5.3797, 'Error': 0.29159999999999986, 'Time': 0.00014162063598632812, 'Epsilon': 0.01, 'Max V': 5.3797, 'Mean V': 1.2391041666666667}, {'State': None, 'Action': None, 'Reward': 5.460862, 'Error': 0.07873200000000002, 'Time': 0.0001895427703857422, 'Epsilon': 0.01, 'Max V': 5.460862, 'Mean V': 1.2489152916666664}, {'State': None, 'Action': None, 'Reward': 5.48343913, 'Error': 0.021257640000000244, 'Time': 0.00023603439331054688, 'Epsilon': 0.01, 'Max V': 5.48343913, 'Mean V': 1.2566563604166667}]"
6,0.35000000000000003,6,0.018571428571428565,5.85189520875625,0.0009768009185791016,0.0005466938018798828,6,"(0, 1, 1, 1, 1, 1, 1, 1, 1, 1, 1, 1, 1, 1, 1, 1, 1, 1, 1, 1, 1, 1, 0, 0)","(0.367541088665625, 1.12725445009375, 1.12725445009375, 1.12725445009375, 1.12725445009375, 1.12725445009375, 1.12725445009375, 1.12725445009375, 1.12725445009375, 1.12725445009375, 1.12725445009375, 1.12725445009375, 1.12725445009375, 1.12725445009375, 1.12725445009375, 1.12725445009375, 1.12725445009375, 1.12725445009375, 1.12725445009375, 1.12725445009375, 1.12725445009375, 1.12725445009375, 1.8518952087562501, 5.85189520875625)","[{'State': None, 'Action': None, 'Reward': 4.0, 'Error': 4.0, 'Time': 3.2901763916015625e-05, 'Epsilon': 0.01, 'Max V': 4.0, 'Mean V': 1.0833333333333333}, {'State': None, 'Action': None, 'Reward': 5.26, 'Error': 1.2599999999999998, 'Time': 9.083747863769531e-05, 'Epsilon': 0.01, 'Max V': 5.26, 'Mean V': 1.1597916666666668}, {'State': None, 'Action': None, 'Reward': 5.667925, 'Error': 0.3969000000000006, 'Time': 0.00014209747314453125, 'Epsilon': 0.01, 'Max V': 5.667925, 'Mean V': 1.2907135416666666}, {'State': None, 'Action': None, 'Reward': 5.7968072500000005, 'Error': 0.12502350000000018, 'Time': 0.00019025802612304688, 'Epsilon': 0.01, 'Max V': 5.7968072500000005, 'Mean V': 1.3062932447916666}, {'State': None, 'Action': None, 'Reward': 5.838634170625, 'Error': 0.03938240249999997, 'Time': 0.00023698806762695312, 'Epsilon': 0.01, 'Max V': 5.838634170625, 'Mean V': 1.3206345303385416}, {'State': None, 'Action': None, 'Reward': 5.85189520875625, 'Error': 0.012405456787500047, 'Time': 0.0002837181091308594, 'Epsilon': 0.01, 'Max V': 5.85189520875625, 'Mean V': 1.3226531232561198}]"
7,0.4,7,0.015,6.272009678848001,0.0013959407806396484,0.0006549358367919922,7,"(0, 1, 1, 1, 1, 1, 1, 1, 1, 1, 1, 1, 1, 1, 1, 1, 1, 1, 1, 1, 1, 1, 0, 0)","(0.43961005670400005, 1.1754803814399999, 1.1754803814399999, 1.1754803814399999, 1.1754803814399999, 1.1754803814399999, 1.1754803814399999, 1.1754803814399999, 1.1754803814399999, 1.1754803814399999, 1.1754803814399999, 1.1754803814399999, 1.1754803814399999, 1.1754803814399999, 1.1754803814399999, 1.1754803814399999, 1.1754803814399999, 1.1754803814399999, 1.1754803814399999, 1.1754803814399999, 1.1754803814399999, 1.1754803814399999, 2.272009678848, 6.272009678848001)","[{'State': None, 'Action': None, 'Reward': 4.0, 'Error': 4.0, 'Time': 3.2901763916015625e-05, 'Epsilon': 0.01, 'Max V': 4.0, 'Mean V': 1.0833333333333333}, {'State': None, 'Action': None, 'Reward': 5.44, 'Error': 1.4400000000000004, 'Time': 9.1552734375e-05, 'Epsilon': 0.01, 'Max V': 5.44, 'Mean V': 1.1766666666666667}, {'State': None, 'Action': None, 'Reward': 5.9728, 'Error': 0.5184000000000002, 'Time': 0.00014281272888183594, 'Epsilon': 0.01, 'Max V': 5.9728, 'Mean V': 1.3476666666666668}, {'State': None, 'Action': None, 'Reward': 6.165184, 'Error': 0.18662400000000012, 'Time': 0.00019097328186035156, 'Epsilon': 0.01, 'Max V': 6.165184, 'Mean V': 1.370922666666667}, {'State': None, 'Action': None, 'Reward': 6.23653888, 'Error': 0.06718464000000024, 'Time': 0.00024437904357910156, 'Epsilon': 0.01, 'Max V': 6.23653888, 'Mean V': 1.3953882666666668}, {'State': None, 'Action': None, 'Reward': 6.262393446400001, 'Error': 0.024186470400000326, 'Time': 0.00031256675720214844, 'Epsilon': 0.01, 'Max V': 6.262393446400001, 'Mean V': 1.399323844266667}, {'State': None, 'Action': None, 'Reward': 6.272009678848001, 'Error': 0.008707129343999753, 'Time': 0.0003807544708251953, 'Epsilon': 0.01, 'Max V': 6.272009678848001, 'Mean V': 1.4028632260266667}]"
8,0.45,8,0.012222222222222223,6.756607450557208,0.0016677379608154297,0.0006358623504638672,8,"(0, 1, 1, 1, 1, 1, 1, 1, 1, 1, 1, 1, 1, 1, 1, 1, 1, 1, 1, 1, 1, 1, 0, 0)","(0.5228980750361385, 1.2341266615049853, 1.2341266615049853, 1.2341266615049853, 1.2341266615049853, 1.2341266615049853, 1.2341266615049853, 1.2341266615049853, 1.2341266615049853, 1.2341266615049853, 1.2341266615049853, 1.2341266615049853, 1.2341266615049853, 1.2341266615049853, 1.2341266615049853, 1.2341266615049853, 1.2341266615049853, 1.2341266615049853, 1.2341266615049853, 1.2341266615049853, 1.2341266615049853, 1.2341266615049853, 2.756607450557208, 6.756607450557208)","[{'State': None, 'Action': None, 'Reward': 4.0, 'Error': 4.0, 'Time': 3.266334533691406e-05, 'Epsilon': 0.01, 'Max V': 4.0, 'Mean V': 1.0833333333333333}, {'State': None, 'Action': None, 'Reward': 5.62, 'Error': 1.62, 'Time': 9.059906005859375e-05, 'Epsilon': 0.01, 'Max V': 5.62, 'Mean V': 1.1935416666666667}, {'State': None, 'Action': None, 'Reward': 6.294325, 'Error': 0.6560999999999997, 'Time': 0.00014162063598632812, 'Epsilon': 0.01, 'Max V': 6.294325, 'Mean V': 1.4099635416666665}, {'State': None, 'Action': None, 'Reward': 6.56824675, 'Error': 0.26572050000000047, 'Time': 0.00018930435180664062, 'Epsilon': 0.01, 'Max V': 6.56824675, 'Mean V': 1.4430760885416667}, {'State': None, 'Action': None, 'Reward': 6.682543470625, 'Error': 0.10761680250000005, 'Time': 0.00023555755615234375, 'Epsilon': 0.01, 'Max V': 6.682543470625, 'Mean V': 1.4822652490885417}, {'State': None, 'Action': None, 'Reward': 6.72913423879375, 'Error': 0.04358480501250006, 'Time': 0.00028133392333984375, 'Epsilon': 0.01, 'Max V': 6.72913423879375, 'Mean V': 1.4893572877147137}, {'State': None, 'Action': None, 'Reward': 6.748629097300516, 'Error': 0.017651846030062757, 'Time': 0.00032591819763183594, 'Epsilon': 0.01, 'Max V': 6.748629097300516, 'Mean V': 1.4965326286796647}, {'State': None, 'Action': None, 'Reward': 6.756607450557208, 'Error': 0.00714899764217547, 'Time': 0.0003707408905029297, 'Epsilon': 0.01, 'Max V': 6.756607450557208, 'Mean V': 1.4980322028231352}]"
9,0.5,9,0.01,7.322501768476563,0.0028142929077148438,0.0008115768432617188,9,"(0, 1, 1, 1, 1, 1, 1, 1, 1, 1, 1, 1, 1, 1, 1, 1, 1, 1, 1, 1, 1, 0, 0, 0)","(0.6185921347265625, 1.308769155859375, 1.308769155859375, 1.308769155859375, 1.308769155859375, 1.308769155859375, 1.308769155859375, 1.308769155859375, 1.308769155859375, 1.308769155859375, 1.308769155859375, 1.308769155859375, 1.308769155859375, 1.308769155859375, 1.308769155859375, 1.308769155859375, 1.308769155859375, 1.308769155859375, 1.308769155859375, 1.308769155859375, 1.308769155859375, 1.5225017684765625, 3.3225017684765628, 7.322501768476563)","[{'State': None, 'Action': None, 'Reward': 4.0, 'Error': 4.0, 'Time': 3.361701965332031e-05, 'Epsilon': 0.01, 'Max V': 4.0, 'Mean V': 1.0833333333333333}, {'State': None, 'Action': None, 'Reward': 5.8, 'Error': 1.7999999999999998, 'Time': 0.00010776519775390625, 'Epsilon': 0.01, 'Max V': 5.8, 'Mean V': 1.2104166666666667}, {'State': None, 'Action': None, 'Reward': 6.6325, 'Error': 0.8100000000000005, 'Time': 0.00019121170043945312, 'Epsilon': 0.01, 'Max V': 6.6325, 'Mean V': 1.4776041666666668}, {'State': None, 'Action': None, 'Reward': 7.00825, 'Error': 0.3645000000000005, 'Time': 0.0002770423889160156, 'Epsilon': 0.01, 'Max V': 7.00825, 'Mean V': 1.523026041666667}, {'State': None, 'Action': None, 'Reward': 7.1824562499999995, 'Error': 0.16402499999999964, 'Time': 0.00033783912658691406, 'Epsilon': 0.01, 'Max V': 7.1824562499999995, 'Mean V': 1.586715625}, {'State': None, 'Action': None, 'Reward': 7.261358125, 'Error': 0.07381125000000055, 'Time': 0.00038814544677734375, 'Epsilon': 0.01, 'Max V': 7.261358125, 'Mean V': 1.6018015234375003}, {'State': None, 'Action': None, 'Reward': 7.298041140625, 'Error': 0.03321506249999995, 'Time': 0.0004360675811767578, 'Epsilon': 0.01, 'Max V': 7.298041140625, 'Mean V': 1.6163411640624998}, {'State': None, 'Action': None, 'Reward': 7.3147218953125, 'Error': 0.014946778125000115, 'Time': 0.0004963874816894531, 'Epsilon': 0.01, 'Max V': 7.3147218953125, 'Mean V': 1.6200991834960938}, {'State': None, 'Action': None, 'Reward': 7.322501768476563, 'Error': 0.006726050156250607, 'Time': 0.0005462169647216797, 'Epsilon': 0.01, 'Max V': 7.322501768476563, 'Mean V': 1.6233950232226564}]"
10,0.55,10,0.00818181818181818,7.992124283392995,0.0025713443756103516,0.0007390975952148438,10,"(0, 1, 1, 1, 1, 1, 1, 1, 1, 1, 1, 1, 1, 1, 1, 1, 1, 1, 1, 1, 1, 0, 0, 0)","(0.7333995218133256, 1.4017050832714353, 1.4017050832714353, 1.4017050832714353, 1.4017050832714353, 1.4017050832714353, 1.4017050832714353, 1.4017050832714353, 1.4017050832714353, 1.4017050832714353, 1.4017050832714353, 1.4017050832714353, 1.4017050832714353, 1.4017050832714353, 1.4017050832714353, 1.4017050832714353, 1.4017050832714353, 1.4017050832714353, 1.4017050832714353, 1.4017050832714353, 1.4017050832714353, 2.012124283392994, 3.9921242833929944, 7.992124283392995)","[{'State': None, 'Action': None, 'Reward': 4.0, 'Error': 4.0, 'Time': 3.314018249511719e-05, 'Epsilon': 0.01, 'Max V': 4.0, 'Mean V': 1.0833333333333333}, {'State': None, 'Action': None, 'Reward': 5.98, 'Error': 1.9800000000000004, 'Time': 9.131431579589844e-05, 'Epsilon': 0.01, 'Max V': 5.98, 'Mean V': 1.2272916666666667}, {'State': None, 'Action': None, 'Reward': 6.987325, 'Error': 0.9801000000000004, 'Time': 0.00014162063598632812, 'Epsilon': 0.01, 'Max V': 6.987325, 'Mean V': 1.5505885416666672}, {'State': None, 'Action': None, 'Reward': 7.48744825, 'Error': 0.4851494999999997, 'Time': 0.0001900196075439453, 'Epsilon': 0.01, 'Max V': 7.48744825, 'Mean V': 1.620221078125}, {'State': None, 'Action': None, 'Reward': 7.7425036206249995, 'Error': 0.24014900249999982, 'Time': 0.0002372264862060547, 'Epsilon': 0.01, 'Max V': 7.7425036206249995, 'Mean V': 1.71517711375}, {'State': None, 'Action': None, 'Reward': 7.869575879331251, 'Error': 0.1188737562375013, 'Time': 0.00028395652770996094, 'Epsilon': 0.01, 'Max V': 7.869575879331251, 'Mean V': 1.7394731040425782}, {'State': None, 'Action': None, 'Reward': 7.934562079174892, 'Error': 0.0588425093375633, 'Time': 0.0003299713134765625, 'Epsilon': 0.01, 'Max V': 7.934562079174892, 'Mean V': 1.7652309643278439}, {'State': None, 'Action': None, 'Reward': 7.967068151075328, 'Error': 0.029127042122093716, 'Time': 0.0003757476806640625, 'Epsilon': 0.01, 'Max V': 7.967068151075328, 'Mean V': 1.7725542810602206}, {'State': None, 'Action': None, 'Reward': 7.983745000133031, 'Error': 0.014417885850436685, 'Time': 0.00042128562927246094, 'Epsilon': 0.01, 'Max V': 7.983745000133031, 'Mean V': 1.7796192062176333}, {'State': None, 'Action': None, 'Reward': 7.992124283392995, 'Error': 0.0071368534959666, 'Time': 0.00046706199645996094, 'Epsilon': 0.01, 'Max V': 7.992124283392995, 'Mean V': 1.781828084892542}]"
11,0.6000000000000001,12,0.0066666666666666645,8.802728347379993,0.0036613941192626953,0.0008265972137451172,12,"(0, 1, 1, 1, 1, 1, 1, 1, 1, 1, 1, 1, 1, 1, 1, 1, 1, 1, 1, 1, 1, 0, 0, 0)","(0.8742347088411894, 1.5231861454475681, 1.5231861454475681, 1.5231861454475681, 1.5231861454475681, 1.5231861454475681, 1.5231861454475681, 1.5231861454475681, 1.5231861454475681, 1.5231861454475681, 1.5231861454475681, 1.5231861454475681, 1.5231861454475681, 1.5231861454475681, 1.5231861454475681, 1.5231861454475681, 1.5231861454475681, 1.5231861454475681, 1.5231861454475681, 1.5231861454475681, 1.5231861454475681, 2.642728347379993, 4.802728347379993, 8.802728347379993)","[{'State': None, 'Action': None, 'Reward': 4.0, 'Error': 4.0, 'Time': 3.2901763916015625e-05, 'Epsilon': 0.01, 'Max V': 4.0, 'Mean V': 1.0833333333333333}, {'State': None, 'Action': None, 'Reward': 6.16, 'Error': 2.16, 'Time': 9.226799011230469e-05, 'Epsilon': 0.01, 'Max V': 6.16, 'Mean V': 1.2441666666666666}, {'State': None, 'Action': None, 'Reward': 7.3588000000000005, 'Error': 1.1664000000000003, 'Time': 0.0001430511474609375, 'Epsilon': 0.01, 'Max V': 7.3588000000000005, 'Mean V': 1.6289166666666668}, {'State': None, 'Action': None, 'Reward': 8.008096000000002, 'Error': 0.6298560000000013, 'Time': 0.0001914501190185547, 'Epsilon': 0.01, 'Max V': 8.008096000000002, 'Mean V': 1.728433}, {'State': None, 'Action': None, 'Reward': 8.369330080000001, 'Error': 0.3401222400000008, 'Time': 0.00023889541625976562, 'Epsilon': 0.01, 'Max V': 8.369330080000001, 'Mean V': 1.8629189200000003}, {'State': None, 'Action': None, 'Reward': 8.565663193600003, 'Error': 0.18366600960000135, 'Time': 0.000286102294921875, 'Epsilon': 0.01, 'Max V': 8.565663193600003, 'Mean V': 1.9004574628000004}, {'State': None, 'Action': None, 'Reward': 8.675198091328003, 'Error': 0.09917964518400113, 'Time': 0.000331878662109375, 'Epsilon': 0.01, 'Max V': 8.675198091328003, 'Mean V': 1.9438725970720006}, {'State': None, 'Action': None, 'Reward': 8.734968251253761, 'Error': 0.053557008399360395, 'Time': 0.00037741661071777344, 'Epsilon': 0.01, 'Max V': 8.734968251253761, 'Mean V': 1.9573382601524807}, {'State': None, 'Action': None, 'Reward': 8.768420281831247, 'Error': 0.028920784535655275, 'Time': 0.000423431396484375, 'Epsilon': 0.01, 'Max V': 8.768420281831247, 'Mean V': 1.971509767706196}, {'State': None, 'Action': None, 'Reward': 8.786756253105597, 'Error': 0.015617223649253775, 'Time': 0.00046896934509277344, 'Epsilon': 0.01, 'Max V': 8.786756253105597, 'Mean V': 1.9763433477004637}, {'State': None, 'Action': None, 'Reward': 8.797055060805992, 'Error': 0.008433300770597452, 'Time': 0.0005147457122802734, 'Epsilon': 0.01, 'Max V': 8.797055060805992, 'Mean V': 1.9810199548871268}, {'State': None, 'Action': None, 'Reward': 8.802728347379993, 'Error': 0.004553982416123148, 'Time': 0.0005602836608886719, 'Epsilon': 0.01, 'Max V': 8.802728347379993, 'Mean V': 1.9827559441638556}]"
12,0.6500000000000001,14,0.005384615384615382,9.795823236976698,0.004942178726196289,0.0009262561798095703,14,"(0, 1, 1, 1, 1, 1, 1, 1, 1, 1, 1, 1, 1, 1, 1, 1, 1, 1, 1, 1, 0, 0, 0, 0)","(1.051440939495199, 1.6820089070807454, 1.6820089070807454, 1.6820089070807454, 1.6820089070807454, 1.6820089070807454, 1.6820089070807454, 1.6820089070807454, 1.6820089070807454, 1.6820089070807454, 1.6820089070807454, 1.6820089070807454, 1.6820089070807454, 1.6820089070807454, 1.6820089070807454, 1.6820089070807454, 1.6820089070807454, 1.6820089070807454, 1.6820089070807454, 1.6820089070807454, 2.0869232369766957, 3.4558232369766957, 5.795823236976697, 9.795823236976698)","[{'State': None, 'Action': None, 'Reward': 4.0, 'Error': 4.0, 'Time': 3.2901763916015625e-05, 'Epsilon': 0.01, 'Max V': 4.0, 'Mean V': 1.0833333333333333}, {'State': None, 'Action': None, 'Reward': 6.340000000000001, 'Error': 2.3400000000000007, 'Time': 9.107589721679688e-05, 'Epsilon': 0.01, 'Max V': 6.340000000000001, 'Mean V': 1.2610416666666666}, {'State': None, 'Action': None, 'Reward': 7.746925000000001, 'Error': 1.3689000000000007, 'Time': 0.00014257431030273438, 'Epsilon': 0.01, 'Max V': 7.746925000000001, 'Mean V': 1.7137000000000002}, {'State': None, 'Action': None, 'Reward': 8.572447750000002, 'Error': 0.8008065000000011, 'Time': 0.00019121170043945312, 'Epsilon': 0.01, 'Max V': 8.572447750000002, 'Mean V': 1.846858796875}, {'State': None, 'Action': None, 'Reward': 9.069998220625003, 'Error': 0.46847180250000053, 'Time': 0.0002391338348388672, 'Epsilon': 0.01, 'Max V': 9.069998220625003, 'Mean V': 2.0320947325000005}, {'State': None, 'Action': None, 'Reward': 9.362955359368753, 'Error': 0.2740560044625, 'Time': 0.0002865791320800781, 'Epsilon': 0.01, 'Max V': 9.362955359368753, 'Mean V': 2.0916072572329436}, {'State': None, 'Action': None, 'Reward': 9.540017269334644, 'Error': 0.160322762610563, 'Time': 0.0003333091735839844, 'Epsilon': 0.01, 'Max V': 9.540017269334644, 'Mean V': 2.166797411790039}, {'State': None, 'Action': None, 'Reward': 9.644686531242787, 'Error': 0.09378881612718004, 'Time': 0.00037932395935058594, 'Epsilon': 0.01, 'Max V': 9.644686531242787, 'Mean V': 2.194286293760191}, {'State': None, 'Action': None, 'Reward': 9.708149346696878, 'Error': 0.05486645743440022, 'Time': 0.0004258155822753906, 'Epsilon': 0.01, 'Max V': 9.708149346696878, 'Mean V': 2.222886047719508}, {'State': None, 'Action': None, 'Reward': 9.745833857008801, 'Error': 0.03209687759912372, 'Time': 0.0004718303680419922, 'Epsilon': 0.01, 'Max V': 9.745833857008801, 'Mean V': 2.2341575025071534}, {'State': None, 'Action': None, 'Reward': 9.768764065928595, 'Error': 0.01877667339548794, 'Time': 0.0005178451538085938, 'Epsilon': 0.01, 'Max V': 9.768764065928595, 'Mean V': 2.245156700206897}, {'State': None, 'Action': None, 'Reward': 9.782448217955753, 'Error': 0.010984353936360325, 'Time': 0.0005640983581542969, 'Epsilon': 0.01, 'Max V': 9.782448217955753, 'Mean V': 2.24980164430726}, {'State': None, 'Action': None, 'Reward': 9.79080742951901, 'Error': 0.006425847052770939, 'Time': 0.0006101131439208984, 'Epsilon': 0.01, 'Max V': 9.79080742951901, 'Mean V': 2.2540777655557345}, {'State': None, 'Action': None, 'Reward': 9.795823236976698, 'Error': 0.0037591205258731275, 'Time': 0.0006563663482666016, 'Epsilon': 0.01, 'Max V': 9.795823236976698, 'Mean V': 2.2560001300806727}]"
13,0.7000000000000001,16,0.004285714285714284,11.043468979801592,0.0062408447265625,0.0009875297546386719,16,"(0, 1, 1, 1, 1, 1, 1, 1, 1, 1, 1, 1, 1, 1, 1, 1, 1, 1, 1, 0, 0, 0, 0, 0)","(1.283275211034223, 1.896394344216553, 1.896394344216553, 1.896394344216553, 1.896394344216553, 1.896394344216553, 1.896394344216553, 1.896394344216553, 1.896394344216553, 1.896394344216553, 1.896394344216553, 1.896394344216553, 1.896394344216553, 1.896394344216553, 1.896394344216553, 1.896394344216553, 1.896394344216553, 1.896394344216553, 1.896394344216553, 1.9356809798015884, 2.9358689798015885, 4.5234689798015895, 7.043468979801591, 11.043468979801592)","[{'State': None, 'Action': None, 'Reward': 4.0, 'Error': 4.0, 'Time': 3.62396240234375e-05, 'Epsilon': 0.01, 'Max V': 4.0, 'Mean V': 1.0833333333333333}, {'State': None, 'Action': None, 'Reward': 6.5200000000000005, 'Error': 2.5200000000000005, 'Time': 9.322166442871094e-05, 'Epsilon': 0.01, 'Max V': 6.5200000000000005, 'Mean V': 1.2779166666666666}, {'State': None, 'Action': None, 'Reward': 8.151700000000002, 'Error': 1.5876000000000012, 'Time': 0.00014352798461914062, 'Epsilon': 0.01, 'Max V': 8.151700000000002, 'Mean V': 1.8095500000000004}, {'State': None, 'Action': None, 'Reward': 9.182758000000002, 'Error': 1.0001880000000007, 'Time': 0.00019073486328125, 'Epsilon': 0.01, 'Max V': 9.182758000000002, 'Mean V': 1.9758621250000001}, {'State': None, 'Action': None, 'Reward': 9.851988730000002, 'Error': 0.6301184400000007, 'Time': 0.00023674964904785156, 'Epsilon': 0.01, 'Max V': 9.851988730000002, 'Mean V': 2.228175429583334}, {'State': None, 'Action': None, 'Reward': 10.276341950200003, 'Error': 0.3969746172000006, 'Time': 0.00028252601623535156, 'Epsilon': 0.01, 'Max V': 10.276341950200003, 'Mean V': 2.3258516210458335}, {'State': None, 'Action': None, 'Reward': 10.552548036937004, 'Error': 0.25009400883600197, 'Time': 0.0003268718719482422, 'Epsilon': 0.01, 'Max V': 10.552548036937004, 'Mean V': 2.4431438063349593}, {'State': None, 'Action': None, 'Reward': 10.728385717034385, 'Error': 0.15755922556668112, 'Time': 0.0003714561462402344, 'Epsilon': 0.01, 'Max V': 10.728385717034385, 'Mean V': 2.4893233737264255}, {'State': None, 'Action': None, 'Reward': 10.8432002337603, 'Error': 0.09926231210700931, 'Time': 0.00041556358337402344, 'Epsilon': 0.01, 'Max V': 10.8432002337603, 'Mean V': 2.541064962967679}, {'State': None, 'Action': None, 'Reward': 10.91662203362095, 'Error': 0.06253525662741621, 'Time': 0.00045943260192871094, 'Epsilon': 0.01, 'Max V': 10.91662203362095, 'Mean V': 2.563025457895352}, {'State': None, 'Action': None, 'Reward': 10.964734192550466, 'Error': 0.03939721167527255, 'Time': 0.0005033016204833984, 'Epsilon': 0.01, 'Max V': 10.964734192550466, 'Mean V': 2.586103971906206}, {'State': None, 'Action': None, 'Reward': 10.995654898983858, 'Error': 0.024820243355420768, 'Time': 0.0005483627319335938, 'Epsilon': 0.01, 'Max V': 10.995654898983858, 'Mean V': 2.5969806581705837}, {'State': None, 'Action': None, 'Reward': 11.015996330711072, 'Error': 0.015636753313915452, 'Time': 0.0005922317504882812, 'Epsilon': 0.01, 'Max V': 11.015996330711072, 'Mean V': 2.607874884770641}, {'State': None, 'Action': None, 'Reward': 11.029140760188149, 'Error': 0.00985115458776753, 'Time': 0.0006363391876220703, 'Epsilon': 0.01, 'Max V': 11.029140760188149, 'Mean V': 2.6133230997260246}, {'State': None, 'Action': None, 'Reward': 11.037824675206245, 'Error': 0.006206227390293861, 'Time': 0.0006804466247558594, 'Epsilon': 0.01, 'Max V': 11.037824675206245, 'Mean V': 2.618257419029152}, {'State': None, 'Action': None, 'Reward': 11.043468979801592, 'Error': 0.003909923255885683, 'Time': 0.0007238388061523438, 'Epsilon': 0.01, 'Max V': 11.043468979801592, 'Mean V': 2.6208470960808383}]"
14,0.7500000000000001,20,0.0033333333333333314,12.669511834335697,0.009490013122558594,0.0011494159698486328,20,"(0, 1, 1, 1, 1, 1, 1, 1, 1, 1, 1, 1, 1, 1, 1, 1, 1, 1, 1, 0, 0, 0, 0, 0)","(1.6060407173017788, 2.202825466353401, 2.202825466353401, 2.202825466353401, 2.202825466353401, 2.202825466353401, 2.202825466353401, 2.202825466353401, 2.202825466353401, 2.202825466353401, 2.202825466353401, 2.202825466353401, 2.202825466353401, 2.202825466353401, 2.202825466353401, 2.202825466353401, 2.202825466353401, 2.202825466353401, 2.202825466353401, 2.9168243343356948, 4.147011834335695, 5.969511834335696, 8.669511834335697, 12.669511834335697)","[{'State': None, 'Action': None, 'Reward': 4.0, 'Error': 4.0, 'Time': 3.218650817871094e-05, 'Epsilon': 0.01, 'Max V': 4.0, 'Mean V': 1.0833333333333333}, {'State': None, 'Action': None, 'Reward': 6.700000000000001, 'Error': 2.700000000000001, 'Time': 8.749961853027344e-05, 'Epsilon': 0.01, 'Max V': 6.700000000000001, 'Mean V': 1.2947916666666668}, {'State': None, 'Action': None, 'Reward': 8.573125000000001, 'Error': 1.8225000000000013, 'Time': 0.00013709068298339844, 'Epsilon': 0.01, 'Max V': 8.573125000000001, 'Mean V': 1.9112500000000001}, {'State': None, 'Action': None, 'Reward': 9.841281250000002, 'Error': 1.230187500000001, 'Time': 0.00018477439880371094, 'Epsilon': 0.01, 'Max V': 9.841281250000002, 'Mean V': 2.1158066406250002}, {'State': None, 'Action': None, 'Reward': 10.723200390625003, 'Error': 0.8303765625000012, 'Time': 0.0002315044403076172, 'Epsilon': 0.01, 'Max V': 10.723200390625003, 'Mean V': 2.460697444661459}, {'State': None, 'Action': None, 'Reward': 11.322361503906254, 'Error': 0.5605041796875017, 'Time': 0.00027751922607421875, 'Epsilon': 0.01, 'Max V': 11.322361503906254, 'Mean V': 2.5986103267415372}, {'State': None, 'Action': None, 'Reward': 11.74020397875977, 'Error': 0.37834032128906414, 'Time': 0.0003235340118408203, 'Epsilon': 0.01, 'Max V': 11.74020397875977, 'Mean V': 2.776524757548015}, {'State': None, 'Action': None, 'Reward': 12.025210310803226, 'Error': 0.2553797168701184, 'Time': 0.0003681182861328125, 'Epsilon': 0.01, 'Max V': 12.025210310803226, 'Mean V': 2.862015685786693}, {'State': None, 'Action': None, 'Reward': 12.224599950761874, 'Error': 0.17238130888732917, 'Time': 0.0004124641418457031, 'Epsilon': 0.01, 'Max V': 12.224599950761874, 'Mean V': 2.9572582849592473}, {'State': None, 'Action': None, 'Reward': 12.36121358256431, 'Error': 0.11635738349894797, 'Time': 0.0004572868347167969, 'Epsilon': 0.01, 'Max V': 12.36121358256431, 'Mean V': 3.0029677109031314}, {'State': None, 'Action': None, 'Reward': 12.457128703594323, 'Error': 0.07854123386179035, 'Time': 0.0005011558532714844, 'Epsilon': 0.01, 'Max V': 12.457128703594323, 'Mean V': 3.05143083647498}, {'State': None, 'Action': None, 'Reward': 12.523174451827199, 'Error': 0.053015332856708675, 'Time': 0.0005452632904052734, 'Epsilon': 0.01, 'Max V': 12.523174451827199, 'Mean V': 3.0760583559135513}, {'State': None, 'Action': None, 'Reward': 12.569726650528665, 'Error': 0.03578534967827851, 'Time': 0.0005891323089599609, 'Epsilon': 0.01, 'Max V': 12.569726650528665, 'Mean V': 3.1009902391843913}, {'State': None, 'Action': None, 'Reward': 12.601956898328893, 'Error': 0.024155111032837073, 'Time': 0.0006327629089355469, 'Epsilon': 0.01, 'Max V': 12.601956898328893, 'Mean V': 3.1143493064902157}, {'State': None, 'Action': None, 'Reward': 12.624770859183467, 'Error': 0.016304699947165657, 'Time': 0.0006766319274902344, 'Epsilon': 0.01, 'Max V': 12.624770859183467, 'Mean V': 3.127312511126711}, {'State': None, 'Action': None, 'Reward': 12.64065847732836, 'Error': 0.011005672464337035, 'Time': 0.0007197856903076172, 'Epsilon': 0.01, 'Max V': 12.64065847732836, 'Mean V': 3.1346019476588416}, {'State': None, 'Action': None, 'Reward': 12.651955121860912, 'Error': 0.007428828913427665, 'Time': 0.000762939453125, 'Epsilon': 0.01, 'Max V': 12.651955121860912, 'Mean V': 3.1414103413895305}, {'State': None, 'Action': None, 'Reward': 12.659870443091819, 'Error': 0.005014459516564429, 'Time': 0.0008065700531005859, 'Epsilon': 0.01, 'Max V': 12.659870443091819, 'Mean V': 3.145408116123122}, {'State': None, 'Action': None, 'Reward': 12.665524870667193, 'Error': 0.003384760173680945, 'Time': 0.0008502006530761719, 'Epsilon': 0.01, 'Max V': 12.665524870667193, 'Mean V': 3.1490175844268964}, {'State': None, 'Action': None, 'Reward': 12.669511834335697, 'Error': 0.002284713117234105, 'Time': 0.0008935928344726562, 'Epsilon': 0.01, 'Max V': 12.669511834335697, 'Mean V': 3.1512196159725616}]"
15,0.8,24,0.002499999999999999,14.867822035065279,0.014714479446411133,0.0014262199401855469,24,"(0, 1, 1, 1, 1, 1, 1, 1, 1, 1, 1, 1, 1, 1, 1, 1, 1, 1, 0, 0, 0, 0, 0, 0)","(2.0819424422160684, 2.663118787345578, 2.663118787345578, 2.663118787345578, 2.663118787345578, 2.663118787345578, 2.663118787345578, 2.663118787345578, 2.663118787345578, 2.663118787345578, 2.663118787345578, 2.663118787345578, 2.663118787345578, 2.663118787345578, 2.663118787345578, 2.663118787345578, 2.663118787345578, 2.663118787345578, 3.3462757950652753, 4.421230035065276, 5.914222035065276, 7.987822035065278, 10.867822035065279, 14.867822035065279)","[{'State': None, 'Action': None, 'Reward': 4.0, 'Error': 4.0, 'Time': 3.2901763916015625e-05, 'Epsilon': 0.01, 'Max V': 4.0, 'Mean V': 1.0833333333333333}, {'State': None, 'Action': None, 'Reward': 6.880000000000001, 'Error': 2.880000000000001, 'Time': 8.893013000488281e-05, 'Epsilon': 0.01, 'Max V': 6.880000000000001, 'Mean V': 1.3116666666666668}, {'State': None, 'Action': None, 'Reward': 9.011200000000002, 'Error': 2.0736000000000017, 'Time': 0.0001385211944580078, 'Epsilon': 0.01, 'Max V': 9.011200000000002, 'Mean V': 2.0188}, {'State': None, 'Action': None, 'Reward': 10.550272000000001, 'Error': 1.492992, 'Time': 0.00018548965454101562, 'Epsilon': 0.01, 'Max V': 10.550272000000001, 'Mean V': 2.2670559999999997}, {'State': None, 'Action': None, 'Reward': 11.691950080000002, 'Error': 1.0749542400000012, 'Time': 0.0002319812774658203, 'Epsilon': 0.01, 'Max V': 11.691950080000002, 'Mean V': 2.7246315733333337}, {'State': None, 'Action': None, 'Reward': 12.519296204800003, 'Error': 0.773967052800002, 'Time': 0.0002970695495605469, 'Epsilon': 0.01, 'Max V': 12.519296204800003, 'Mean V': 2.917641591466667}, {'State': None, 'Action': None, 'Reward': 13.134735081472003, 'Error': 0.5572562780160009, 'Time': 0.00035762786865234375, 'Epsilon': 0.01, 'Max V': 13.134735081472003, 'Mean V': 3.1964048001706673}, {'State': None, 'Action': None, 'Reward': 13.582505680568323, 'Error': 0.40122452017152055, 'Time': 0.0004036426544189453, 'Epsilon': 0.01, 'Max V': 13.582505680568323, 'Mean V': 3.3307187428829876}, {'State': None, 'Action': None, 'Reward': 13.916648688635087, 'Error': 0.28888165452349424, 'Time': 0.00044989585876464844, 'Epsilon': 0.01, 'Max V': 13.916648688635087, 'Mean V': 3.4912731039408134}, {'State': None, 'Action': None, 'Reward': 14.16085256272662, 'Error': 0.20799479125691667, 'Time': 0.0004954338073730469, 'Epsilon': 0.01, 'Max V': 14.16085256272662, 'Mean V': 3.581647496998585}, {'State': None, 'Action': None, 'Reward': 14.34373597452443, 'Error': 0.14975624970498091, 'Time': 0.0005550384521484375, 'Epsilon': 0.01, 'Max V': 14.34373597452443, 'Mean V': 3.6787330574029187}, {'State': None, 'Action': None, 'Reward': 14.478062203986282, 'Error': 0.10782449978758724, 'Time': 0.0006024837493896484, 'Epsilon': 0.01, 'Max V': 14.478062203986282, 'Mean V': 3.733314083896867}, {'State': None, 'Action': None, 'Reward': 14.579053717568506, 'Error': 0.07763363984706184, 'Time': 0.0006494522094726562, 'Epsilon': 0.01, 'Max V': 14.579053717568506, 'Mean V': 3.789827991316713}, {'State': None, 'Action': None, 'Reward': 14.653636237246523, 'Error': 0.05589622068988653, 'Time': 0.0006957054138183594, 'Epsilon': 0.01, 'Max V': 14.653636237246523, 'Mean V': 3.823070597776168}, {'State': None, 'Action': None, 'Reward': 14.709948479747542, 'Error': 0.040245278896718695, 'Time': 0.0007421970367431641, 'Epsilon': 0.01, 'Max V': 14.709948479747542, 'Mean V': 3.85632564924261}, {'State': None, 'Action': None, 'Reward': 14.751778651436618, 'Error': 0.028976600805637798, 'Time': 0.0007889270782470703, 'Epsilon': 0.01, 'Max V': 14.751778651436618, 'Mean V': 3.8767252099191865}, {'State': None, 'Action': None, 'Reward': 14.783504192739542, 'Error': 0.020863152580059552, 'Time': 0.0008363723754882812, 'Epsilon': 0.01, 'Max V': 14.783504192739542, 'Mean V': 3.896497903389786}, {'State': None, 'Action': None, 'Reward': 14.807215573575478, 'Error': 0.015021469857642522, 'Time': 0.0008840560913085938, 'Epsilon': 0.01, 'Max V': 14.807215573575478, 'Mean V': 3.9090996554768402}, {'State': None, 'Action': None, 'Reward': 14.825283390052768, 'Error': 0.010815458297503522, 'Time': 0.0009305477142333984, 'Epsilon': 0.01, 'Max V': 14.825283390052768, 'Mean V': 3.9209711156378524}, {'State': None, 'Action': None, 'Reward': 14.8388724065708, 'Error': 0.007787129974202944, 'Time': 0.0009763240814208984, 'Epsilon': 0.01, 'Max V': 14.8388724065708, 'Mean V': 3.928800900612464}, {'State': None, 'Action': None, 'Reward': 14.849276391986773, 'Error': 0.005606733581427381, 'Time': 0.0010230541229248047, 'Epsilon': 0.01, 'Max V': 14.849276391986773, 'Mean V': 3.9359926949140784}, {'State': None, 'Action': None, 'Reward': 14.857151041633038, 'Error': 0.004036848178627039, 'Time': 0.001069784164428711, 'Epsilon': 0.01, 'Max V': 14.857151041633038, 'Mean V': 3.9408817589282346}, {'State': None, 'Action': None, 'Reward': 14.863208550459333, 'Error': 0.002906530688611575, 'Time': 0.0011162757873535156, 'Epsilon': 0.01, 'Max V': 14.863208550459333, 'Mean V': 3.9452740678808453}, {'State': None, 'Action': None, 'Reward': 14.867822035065279, 'Error': 0.0020927020958003695, 'Time': 0.0011627674102783203, 'Epsilon': 0.01, 'Max V': 14.867822035065279, 'Mean V': 3.9483398248951063}]"
16,0.8500000000000001,30,0.00176470588235294,18.03750185667269,0.021646499633789062,0.0016467571258544922,30,"(0, 1, 1, 1, 1, 1, 1, 1, 1, 1, 1, 1, 1, 1, 1, 1, 0, 0, 0, 0, 0, 0, 0, 0)","(2.8655080915327735, 3.431897056553882, 3.431897056553882, 3.431897056553882, 3.431897056553882, 3.431897056553882, 3.431897056553882, 3.431897056553882, 3.431897056553882, 3.431897056553882, 3.431897056553882, 3.431897056553882, 3.431897056553882, 3.431897056553882, 3.431897056553882, 3.431897056553882, 3.6261150913271294, 4.427845954260194, 5.475860154172693, 6.845813356672694, 8.636601856672693, 10.977501856672696, 14.037501856672693, 18.03750185667269)","[{'State': None, 'Action': None, 'Reward': 4.0, 'Error': 4.0, 'Time': 3.3855438232421875e-05, 'Epsilon': 0.01, 'Max V': 4.0, 'Mean V': 1.0833333333333333}, {'State': None, 'Action': None, 'Reward': 7.0600000000000005, 'Error': 3.0600000000000005, 'Time': 9.202957153320312e-05, 'Epsilon': 0.01, 'Max V': 7.0600000000000005, 'Mean V': 1.3285416666666667}, {'State': None, 'Action': None, 'Reward': 9.465925000000002, 'Error': 2.3409000000000018, 'Time': 0.00014281272888183594, 'Epsilon': 0.01, 'Max V': 9.465925000000002, 'Mean V': 2.1322000000000005}, {'State': None, 'Action': None, 'Reward': 11.311984750000002, 'Error': 1.790788500000001, 'Time': 0.00019168853759765625, 'Epsilon': 0.01, 'Max V': 11.311984750000002, 'Mean V': 2.4385390052083338}, {'State': None, 'Action': None, 'Reward': 12.766972770625003, 'Error': 1.369953202500001, 'Time': 0.00023984909057617188, 'Epsilon': 0.01, 'Max V': 12.766972770625003, 'Mean V': 3.0230359284114585}, {'State': None, 'Action': None, 'Reward': 13.887266565943754, 'Error': 1.048014199912501, 'Time': 0.0002884864807128906, 'Epsilon': 0.01, 'Max V': 13.887266565943754, 'Mean V': 3.301328625960027}, {'State': None, 'Action': None, 'Reward': 14.77270538672027, 'Error': 0.8017308629330644, 'Time': 0.0003352165222167969, 'Epsilon': 0.01, 'Max V': 14.77270538672027, 'Mean V': 3.7023883837144846}, {'State': None, 'Action': None, 'Reward': 15.457181261030998, 'Error': 0.6133241101437941, 'Time': 0.0003814697265625, 'Epsilon': 0.01, 'Max V': 15.457181261030998, 'Mean V': 3.92165992850167}, {'State': None, 'Action': None, 'Reward': 15.99988634217345, 'Error': 0.4691929442600027, 'Time': 0.0004277229309082031, 'Epsilon': 0.01, 'Max V': 15.99988634217345, 'Mean V': 4.195556551995163}, {'State': None, 'Action': None, 'Reward': 16.421304260882437, 'Error': 0.35893260235890256, 'Time': 0.00047397613525390625, 'Epsilon': 0.01, 'Max V': 16.421304260882437, 'Mean V': 4.351513900209544}, {'State': None, 'Action': None, 'Reward': 16.75662753838469, 'Error': 0.2745834408045593, 'Time': 0.0005202293395996094, 'Epsilon': 0.01, 'Max V': 16.75662753838469, 'Mean V': 4.538010158412351}, {'State': None, 'Action': None, 'Reward': 17.018312731793223, 'Error': 0.2100563322154887, 'Time': 0.0005657672882080078, 'Epsilon': 0.01, 'Max V': 17.018312731793223, 'Mean V': 4.653093536628822}, {'State': None, 'Action': None, 'Reward': 17.227354055011737, 'Error': 0.1606930941448499, 'Time': 0.0006113052368164062, 'Epsilon': 0.01, 'Max V': 17.227354055011737, 'Mean V': 4.775092767185543}, {'State': None, 'Action': None, 'Reward': 17.39138026674516, 'Error': 0.12293021702080953, 'Time': 0.0006563663482666016, 'Epsilon': 0.01, 'Max V': 17.39138026674516, 'Mean V': 4.853323931623194}, {'State': None, 'Action': None, 'Reward': 17.522965745383495, 'Error': 0.09404161602091987, 'Time': 0.0007023811340332031, 'Epsilon': 0.01, 'Max V': 17.522965745383495, 'Mean V': 4.933970201583532}, {'State': None, 'Action': None, 'Reward': 17.626819864864302, 'Error': 0.07194183625600425, 'Time': 0.0007469654083251953, 'Epsilon': 0.01, 'Max V': 17.626819864864302, 'Mean V': 4.987614914510669}, {'State': None, 'Action': None, 'Reward': 17.710509574361666, 'Error': 0.05503550473584262, 'Time': 0.00079345703125, 'Epsilon': 0.01, 'Max V': 17.710509574361666, 'Mean V': 5.043127018593259}, {'State': None, 'Action': None, 'Reward': 17.776967809531882, 'Error': 0.04210216112292198, 'Time': 0.0008394718170166016, 'Epsilon': 0.01, 'Max V': 17.776967809531882, 'Mean V': 5.0819557105265565}, {'State': None, 'Action': None, 'Reward': 17.83077329665498, 'Error': 0.03220815325903548, 'Time': 0.000885009765625, 'Epsilon': 0.01, 'Max V': 17.83077329665498, 'Mean V': 5.119321619423688}, {'State': None, 'Action': None, 'Reward': 17.87377026768259, 'Error': 0.02463923724316297, 'Time': 0.0009303092956542969, 'Epsilon': 0.01, 'Max V': 17.87377026768259, 'Mean V': 5.146149091010477}, {'State': None, 'Action': None, 'Reward': 17.908746941681812, 'Error': 0.01884901649101911, 'Time': 0.0009760856628417969, 'Epsilon': 0.01, 'Max V': 17.908746941681812, 'Mean V': 5.171504912842407}, {'State': None, 'Action': None, 'Reward': 17.936874948179412, 'Error': 0.014419497615629773, 'Time': 0.0010211467742919922, 'Epsilon': 0.01, 'Max V': 17.936874948179412, 'Mean V': 5.19017012402975}, {'State': None, 'Action': None, 'Reward': 17.959864510729375, 'Error': 0.01103091567595671, 'Time': 0.0010662078857421875, 'Epsilon': 0.01, 'Max V': 17.959864510729375, 'Mean V': 5.207529323370112}, {'State': None, 'Action': None, 'Reward': 17.978468011064386, 'Error': 0.008438650492108124, 'Time': 0.0011119842529296875, 'Epsilon': 0.01, 'Max V': 17.978468011064386, 'Mean V': 5.220594959319681}, {'State': None, 'Action': None, 'Reward': 17.993743022380276, 'Error': 0.006455567626462155, 'Time': 0.0011565685272216797, 'Epsilon': 0.01, 'Max V': 17.993743022380276, 'Mean V': 5.23257494132623}, {'State': None, 'Action': None, 'Reward': 18.00617805875053, 'Error': 0.004938509234243771, 'Time': 0.001201629638671875, 'Epsilon': 0.01, 'Max V': 18.00617805875053, 'Mean V': 5.241769081011515}, {'State': None, 'Action': None, 'Reward': 18.016433009701565, 'Error': 0.003777959564197353, 'Time': 0.0012464523315429688, 'Epsilon': 0.01, 'Max V': 18.016433009701565, 'Mean V': 5.250095698434992}, {'State': None, 'Action': None, 'Reward': 18.02482859144699, 'Error': 0.002890139066611841, 'Time': 0.0012912750244140625, 'Epsilon': 0.01, 'Max V': 18.02482859144699, 'Mean V': 5.256594626417953}, {'State': None, 'Action': None, 'Reward': 18.031780589565102, 'Error': 0.0022109563859582515, 'Time': 0.0013360977172851562, 'Epsilon': 0.01, 'Max V': 18.031780589565102, 'Mean V': 5.2624181155474}, {'State': None, 'Action': None, 'Reward': 18.03750185667269, 'Error': 0.0016913816352608357, 'Time': 0.0013806819915771484, 'Epsilon': 0.01, 'Max V': 18.03750185667269, 'Mean V': 5.267029413456854}]"
17,0.9000000000000001,40,0.0011111111111111096,23.0983914316809,0.03807783126831055,0.0021026134490966797,40,"(0, 1, 1, 1, 1, 1, 1, 1, 1, 1, 1, 1, 1, 1, 0, 0, 0, 0, 0, 0, 0, 0, 0, 0)","(4.405180588524144, 4.957546072225507, 4.957546072225507, 4.957546072225507, 4.957546072225507, 4.957546072225507, 4.957546072225507, 4.957546072225507, 4.957546072225507, 4.957546072225507, 4.957546072225507, 4.957546072225507, 4.957546072225507, 4.957546072225507, 5.205646911617712, 5.94685498715845, 6.86192668535689, 7.991644831280895, 9.386358591680896, 11.108227431680897, 13.2339914316809, 15.858391431680898, 19.0983914316809, 23.0983914316809)","[{'State': None, 'Action': None, 'Reward': 4.0, 'Error': 4.0, 'Time': 3.337860107421875e-05, 'Epsilon': 0.01, 'Max V': 4.0, 'Mean V': 1.0833333333333333}, {'State': None, 'Action': None, 'Reward': 7.24, 'Error': 3.24, 'Time': 9.250640869140625e-05, 'Epsilon': 0.01, 'Max V': 7.24, 'Mean V': 1.3454166666666667}, {'State': None, 'Action': None, 'Reward': 9.9373, 'Error': 2.6244000000000005, 'Time': 0.0001442432403564453, 'Epsilon': 0.01, 'Max V': 9.9373, 'Mean V': 2.25145}, {'State': None, 'Action': None, 'Reward': 12.128674000000002, 'Error': 2.125764000000001, 'Time': 0.0001938343048095703, 'Epsilon': 0.01, 'Max V': 12.128674000000002, 'Mean V': 2.6244932083333343}, {'State': None, 'Action': None, 'Reward': 13.957421530000003, 'Error': 1.7218688400000008, 'Time': 0.00024199485778808594, 'Epsilon': 0.01, 'Max V': 13.957421530000003, 'Mean V': 3.359136579583334}, {'State': None, 'Action': None, 'Reward': 15.448326111400005, 'Error': 1.394713760400002, 'Time': 0.0002903938293457031, 'Epsilon': 0.01, 'Max V': 15.448326111400005, 'Mean V': 3.7452252702541684}, {'State': None, 'Action': None, 'Reward': 16.695997055833004, 'Error': 1.129718145924003, 'Time': 0.0003383159637451172, 'Epsilon': 0.01, 'Max V': 16.695997055833004, 'Mean V': 4.316834633184877}, {'State': None, 'Action': None, 'Reward': 17.717226272689544, 'Error': 0.9150716981984433, 'Time': 0.00038433074951171875, 'Epsilon': 0.01, 'Max V': 17.717226272689544, 'Mean V': 4.661292073248821}, {'State': None, 'Action': None, 'Reward': 18.57456522823204, 'Error': 0.7412080755407402, 'Time': 0.00043082237243652344, 'Epsilon': 0.01, 'Max V': 18.57456522823204, 'Mean V': 5.103634700275141}, {'State': None, 'Action': None, 'Reward': 19.279461561421616, 'Error': 0.6003785411879994, 'Time': 0.00047707557678222656, 'Epsilon': 0.01, 'Max V': 19.279461561421616, 'Mean V': 5.389516843260594}, {'State': None, 'Action': None, 'Reward': 19.873342709762042, 'Error': 0.48630661836228173, 'Time': 0.0005230903625488281, 'Epsilon': 0.01, 'Max V': 19.873342709762042, 'Mean V': 5.722777303043652}, {'State': None, 'Action': None, 'Reward': 20.364068147615825, 'Error': 0.3939083608734486, 'Time': 0.0005691051483154297, 'Epsilon': 0.01, 'Max V': 20.364068147615825, 'Mean V': 5.955000379074235}, {'State': None, 'Action': None, 'Reward': 20.77913222732527, 'Error': 0.31906577230749367, 'Time': 0.0006146430969238281, 'Epsilon': 0.01, 'Max V': 20.77913222732527, 'Mean V': 6.207207970835067}, {'State': None, 'Action': None, 'Reward': 21.123973979556098, 'Error': 0.25844327556906954, 'Time': 0.0006611347198486328, 'Epsilon': 0.01, 'Max V': 21.123973979556098, 'Mean V': 6.384265856007334}, {'State': None, 'Action': None, 'Reward': 21.41688663546293, 'Error': 0.20933905321094715, 'Time': 0.0007069110870361328, 'Epsilon': 0.01, 'Max V': 21.41688663546293, 'Mean V': 6.576870215583923}, {'State': None, 'Action': None, 'Reward': 21.661667510990096, 'Error': 0.169564633100868, 'Time': 0.0007524490356445312, 'Epsilon': 0.01, 'Max V': 21.661667510990096, 'Mean V': 6.717439493684513}, {'State': None, 'Action': None, 'Reward': 21.870524686230233, 'Error': 0.13734735281170485, 'Time': 0.0007979869842529297, 'Epsilon': 0.01, 'Max V': 21.870524686230233, 'Mean V': 6.860484395702379}, {'State': None, 'Action': None, 'Reward': 22.046134882193307, 'Error': 0.11125135577748146, 'Time': 0.000843048095703125, 'Epsilon': 0.01, 'Max V': 22.046134882193307, 'Mean V': 6.967721362593878}, {'State': None, 'Action': None, 'Reward': 22.196674592045092, 'Error': 0.0901135981797605, 'Time': 0.0008883476257324219, 'Epsilon': 0.01, 'Max V': 22.196674592045092, 'Mean V': 7.075081639984529}, {'State': None, 'Action': None, 'Reward': 22.32405010707552, 'Error': 0.07299201452560666, 'Time': 0.0009336471557617188, 'Epsilon': 0.01, 'Max V': 22.32405010707552, 'Mean V': 7.157597479421097}, {'State': None, 'Action': None, 'Reward': 22.43376110962243, 'Error': 0.059123531765744364, 'Time': 0.0009799003601074219, 'Epsilon': 0.01, 'Max V': 22.43376110962243, 'Mean V': 7.2401539296905355}, {'State': None, 'Action': None, 'Reward': 22.527179894055735, 'Error': 0.047890060730251705, 'Time': 0.0010249614715576172, 'Epsilon': 0.01, 'Max V': 22.527179894055735, 'Mean V': 7.306135700163797}, {'State': None, 'Action': None, 'Reward': 22.608024220946415, 'Error': 0.03879094919150461, 'Time': 0.0010700225830078125, 'Epsilon': 0.01, 'Max V': 22.608024220946415, 'Mean V': 7.369604914395784}, {'State': None, 'Action': None, 'Reward': 22.67729292972079, 'Error': 0.031420668845119515, 'Time': 0.0011153221130371094, 'Epsilon': 0.01, 'Max V': 22.67729292972079, 'Mean V': 7.420872198310978}, {'State': None, 'Action': None, 'Reward': 22.737513872470682, 'Error': 0.02545074176454687, 'Time': 0.0011599063873291016, 'Epsilon': 0.01, 'Max V': 22.737513872470682, 'Mean V': 7.469693329645504}, {'State': None, 'Action': None, 'Reward': 22.789422154186777, 'Error': 0.020615100829282973, 'Time': 0.0012049674987792969, 'Epsilon': 0.01, 'Max V': 22.789422154186777, 'Mean V': 7.509790876511489}, {'State': None, 'Action': None, 'Reward': 22.834748088425286, 'Error': 0.01669823167171902, 'Time': 0.0012505054473876953, 'Epsilon': 0.01, 'Max V': 22.834748088425286, 'Mean V': 7.547637394480375}, {'State': None, 'Action': None, 'Reward': 22.87403858838949, 'Error': 0.013525567654095738, 'Time': 0.0012950897216796875, 'Epsilon': 0.01, 'Max V': 22.87403858838949, 'Mean V': 7.579178871309421}, {'State': None, 'Action': None, 'Reward': 22.90848706254062, 'Error': 0.010955709799816304, 'Time': 0.0013403892517089844, 'Epsilon': 0.01, 'Max V': 22.90848706254062, 'Mean V': 7.608720100446054}, {'State': None, 'Action': None, 'Reward': 22.938504675394654, 'Error': 0.008874124937854333, 'Time': 0.0013859272003173828, 'Epsilon': 0.01, 'Max V': 22.938504675394654, 'Mean V': 7.6336535792211135}, {'State': None, 'Action': None, 'Reward': 22.964921523529984, 'Error': 0.007188041199660766, 'Time': 0.0014314651489257812, 'Epsilon': 0.01, 'Max V': 22.964921523529984, 'Mean V': 7.656850783902427}, {'State': None, 'Action': None, 'Reward': 22.98804976314381, 'Error': 0.0058223133717252296, 'Time': 0.0014765262603759766, 'Epsilon': 0.01, 'Max V': 22.98804976314381, 'Mean V': 7.676643323147036}, {'State': None, 'Action': None, 'Reward': 23.008472172643664, 'Error': 0.004716073831098733, 'Time': 0.0015215873718261719, 'Epsilon': 0.01, 'Max V': 23.008472172643664, 'Mean V': 7.6949533245767086}, {'State': None, 'Action': None, 'Reward': 23.026427894548732, 'Error': 0.0038200198031912436, 'Time': 0.0015664100646972656, 'Epsilon': 0.01, 'Max V': 23.026427894548732, 'Mean V': 7.710720493469535}, {'State': None, 'Action': None, 'Reward': 23.042330192926578, 'Error': 0.0030942160405853514, 'Time': 0.0016109943389892578, 'Epsilon': 0.01, 'Max V': 23.042330192926578, 'Mean V': 7.725236840912537}, {'State': None, 'Action': None, 'Reward': 23.056363782022988, 'Error': 0.002506314992874792, 'Time': 0.0016558170318603516, 'Epsilon': 0.01, 'Max V': 23.056363782022988, 'Mean V': 7.737834520377613}, {'State': None, 'Action': None, 'Reward': 23.068824835947737, 'Error': 0.0020301151442279064, 'Time': 0.0017004013061523438, 'Epsilon': 0.01, 'Max V': 23.068824835947737, 'Mean V': 7.749386251894012}, {'State': None, 'Action': None, 'Reward': 23.07985707411703, 'Error': 0.001644393266825972, 'Time': 0.001745462417602539, 'Epsilon': 0.01, 'Max V': 23.07985707411703, 'Mean V': 7.759476389754187}, {'State': None, 'Action': None, 'Reward': 23.089675091923883, 'Error': 0.0013319585461317729, 'Time': 0.0017900466918945312, 'Epsilon': 0.01, 'Max V': 23.089675091923883, 'Mean V': 7.768697801128923}, {'State': None, 'Action': None, 'Reward': 23.0983914316809, 'Error': 0.001078886422367198, 'Time': 0.001834869384765625, 'Epsilon': 0.01, 'Max V': 23.0983914316809, 'Mean V': 7.776796028873128}]"
18,0.9500000000000001,59,0.0005263157894736835,33.16404398336752,0.08247065544128418,0.0029578208923339844,59,"(0, 1, 1, 1, 1, 1, 1, 1, 1, 1, 1, 0, 0, 0, 0, 0, 0, 0, 0, 0, 0, 0, 0, 0)","(8.75888229727917, 9.298018053590258, 9.298018053590258, 9.298018053590258, 9.298018053590258, 9.298018053590258, 9.298018053590258, 9.298018053590258, 9.298018053590258, 9.298018053590258, 9.298018053590258, 9.787868785888655, 10.501850769941946, 11.336917417957489, 12.313603555987376, 13.455926524443374, 14.791976779947463, 16.35460865773003, 18.182248280867523, 20.319838483367523, 22.819943983367526, 25.744043983367522, 29.16404398336752, 33.16404398336752)","[{'State': None, 'Action': None, 'Reward': 4.0, 'Error': 4.0, 'Time': 3.361701965332031e-05, 'Epsilon': 0.01, 'Max V': 4.0, 'Mean V': 1.0833333333333333}, {'State': None, 'Action': None, 'Reward': 7.42, 'Error': 3.42, 'Time': 9.179115295410156e-05, 'Epsilon': 0.01, 'Max V': 7.42, 'Mean V': 1.3622916666666667}, {'State': None, 'Action': None, 'Reward': 10.425325, 'Error': 2.924100000000001, 'Time': 0.00014400482177734375, 'Epsilon': 0.01, 'Max V': 10.425325, 'Mean V': 2.3765500000000004}, {'State': None, 'Action': None, 'Reward': 13.002594250000001, 'Error': 2.5001055000000014, 'Time': 0.0001933574676513672, 'Epsilon': 0.01, 'Max V': 13.002594250000001, 'Mean V': 2.824314723958333}, {'State': None, 'Action': None, 'Reward': 15.272867520625, 'Error': 2.137590202500001, 'Time': 0.00024127960205078125, 'Epsilon': 0.01, 'Max V': 15.272867520625, 'Mean V': 3.7363275534114586}, {'State': None, 'Action': None, 'Reward': 17.22655605848125, 'Error': 1.8276396231375012, 'Time': 0.00028967857360839844, 'Epsilon': 0.01, 'Max V': 17.22655605848125, 'Mean V': 4.256846287852995}, {'State': None, 'Action': None, 'Reward': 18.952340846296142, 'Error': 1.562631877782564, 'Time': 0.0003371238708496094, 'Epsilon': 0.01, 'Max V': 18.952340846296142, 'Mean V': 5.069132273709648}, {'State': None, 'Action': None, 'Reward': 20.443386366330948, 'Error': 1.336050255504094, 'Time': 0.0003848075866699219, 'Epsilon': 0.01, 'Max V': 20.443386366330948, 'Mean V': 5.582165692828551}, {'State': None, 'Action': None, 'Reward': 21.764686029659345, 'Error': 1.142322968456, 'Time': 0.00043201446533203125, 'Epsilon': 0.01, 'Max V': 21.764686029659345, 'Mean V': 6.284707081576616}, {'State': None, 'Action': None, 'Reward': 22.911400027818004, 'Error': 0.9766861380298812, 'Time': 0.0004787445068359375, 'Epsilon': 0.01, 'Max V': 22.911400027818004, 'Mean V': 6.771167133393809}, {'State': None, 'Action': None, 'Reward': 23.9311894387341, 'Error': 0.8350666480155491, 'Time': 0.0005252361297607422, 'Epsilon': 0.01, 'Max V': 23.9311894387341, 'Mean V': 7.364724609385302}, {'State': None, 'Action': None, 'Reward': 24.820658047542913, 'Error': 0.7139819840532944, 'Time': 0.00057220458984375, 'Epsilon': 0.01, 'Max V': 24.820658047542913, 'Mean V': 7.807210450091069}, {'State': None, 'Action': None, 'Reward': 25.61478200954749, 'Error': 0.6104545963655683, 'Time': 0.00061798095703125, 'Epsilon': 0.01, 'Max V': 25.61478200954749, 'Mean V': 8.30882491800381}, {'State': None, 'Action': None, 'Reward': 26.31120658679711, 'Error': 0.5219386798925614, 'Time': 0.0006649494171142578, 'Epsilon': 0.01, 'Max V': 26.31120658679711, 'Mean V': 8.699269951281002}, {'State': None, 'Action': None, 'Reward': 26.935621804241904, 'Error': 0.4462575713081378, 'Time': 0.0007116794586181641, 'Epsilon': 0.01, 'Max V': 26.935621804241904, 'Mean V': 9.123798964910689}, {'State': None, 'Action': None, 'Reward': 27.486421791540185, 'Error': 0.3815502234684569, 'Time': 0.000759124755859375, 'Epsilon': 0.01, 'Max V': 27.486421791540185, 'Mean V': 9.459945959055027}, {'State': None, 'Action': None, 'Reward': 27.982496326051425, 'Error': 0.32622544106553253, 'Time': 0.0008151531219482422, 'Epsilon': 0.01, 'Max V': 27.982496326051425, 'Mean V': 9.820093226455628}, {'State': None, 'Action': None, 'Reward': 28.422775716935874, 'Error': 0.2789227521110318, 'Time': 0.00086212158203125, 'Epsilon': 0.01, 'Max V': 28.422775716935874, 'Mean V': 10.112194905281095}, {'State': None, 'Action': None, 'Reward': 28.821167892188193, 'Error': 0.2384789530549316, 'Time': 0.0009081363677978516, 'Epsilon': 0.01, 'Max V': 28.821167892188193, 'Mean V': 10.41122085009386}, {'State': None, 'Action': None, 'Reward': 29.176984958137677, 'Error': 0.20389950486196895, 'Time': 0.0009593963623046875, 'Epsilon': 0.01, 'Max V': 29.176984958137677, 'Mean V': 10.66562995581644}, {'State': None, 'Action': None, 'Reward': 29.50048333106827, 'Error': 0.17433407665698653, 'Time': 0.0010056495666503906, 'Epsilon': 0.01, 'Max V': 29.50048333106827, 'Mean V': 10.921937070035492}, {'State': None, 'Action': None, 'Reward': 29.79124504806992, 'Error': 0.14905563554172474, 'Time': 0.0010645389556884766, 'Epsilon': 0.01, 'Max V': 29.79124504806992, 'Mean V': 11.139723632136509}, {'State': None, 'Action': None, 'Reward': 30.05684846518914, 'Error': 0.12744256838817591, 'Time': 0.0011088848114013672, 'Epsilon': 0.01, 'Max V': 30.05684846518914, 'Mean V': 11.356208559356126}, {'State': None, 'Action': None, 'Reward': 30.297064667455526, 'Error': 0.1089633959718892, 'Time': 0.0011539459228515625, 'Epsilon': 0.01, 'Max V': 30.297064667455526, 'Mean V': 11.543078099011275}, {'State': None, 'Action': None, 'Reward': 30.517506417645595, 'Error': 0.09316370355596426, 'Time': 0.001199483871459961, 'Epsilon': 0.01, 'Max V': 30.517506417645595, 'Mean V': 11.727870086391464}, {'State': None, 'Action': None, 'Reward': 30.718075528488345, 'Error': 0.07965496654035231, 'Time': 0.001245260238647461, 'Epsilon': 0.01, 'Max V': 30.718075528488345, 'Mean V': 11.892760410138017}, {'State': None, 'Action': None, 'Reward': 30.902940767422955, 'Error': 0.06810499639200085, 'Time': 0.0012898445129394531, 'Epsilon': 0.01, 'Max V': 30.902940767422955, 'Mean V': 12.053505129517129}, {'State': None, 'Action': None, 'Reward': 31.072092769753596, 'Error': 0.058229771915161876, 'Time': 0.0013341903686523438, 'Epsilon': 0.01, 'Max V': 31.072092769753596, 'Mean V': 12.196575046510773}, {'State': None, 'Action': None, 'Reward': 31.228638300718753, 'Error': 0.0497864549874647, 'Time': 0.0013782978057861328, 'Epsilon': 0.01, 'Max V': 31.228638300718753, 'Mean V': 12.335487874667871}, {'State': None, 'Action': None, 'Reward': 31.372626841911842, 'Error': 0.042567419014283736, 'Time': 0.0014219284057617188, 'Epsilon': 0.01, 'Max V': 31.372626841911842, 'Mean V': 12.46040975942748}, {'State': None, 'Action': None, 'Reward': 31.506383027440506, 'Error': 0.036395143257213824, 'Time': 0.0014653205871582031, 'Epsilon': 0.01, 'Max V': 31.506383027440506, 'Mean V': 12.581275998385884}, {'State': None, 'Action': None, 'Reward': 31.629993865083303, 'Error': 0.03111784748491697, 'Time': 0.0015091896057128906, 'Epsilon': 0.01, 'Max V': 31.629993865083303, 'Mean V': 12.6909486335094}, {'State': None, 'Action': None, 'Reward': 31.745207014210663, 'Error': 0.026605759599602763, 'Time': 0.0015530586242675781, 'Epsilon': 0.01, 'Max V': 31.745207014210663, 'Mean V': 12.796738909445233}, {'State': None, 'Action': None, 'Reward': 31.852131958719692, 'Error': 0.02274792445766316, 'Time': 0.001596689224243164, 'Epsilon': 0.01, 'Max V': 31.852131958719692, 'Mean V': 12.893474679457603}, {'State': None, 'Action': None, 'Reward': 31.95208986638566, 'Error': 0.019449475411301265, 'Time': 0.0016410350799560547, 'Epsilon': 0.01, 'Max V': 31.95208986638566, 'Mean V': 12.986544231248738}, {'State': None, 'Action': None, 'Reward': 32.045202178504255, 'Error': 0.016629301476664082, 'Time': 0.0016851425170898438, 'Epsilon': 0.01, 'Max V': 32.045202178504255, 'Mean V': 13.072208002080915}, {'State': None, 'Action': None, 'Reward': 32.13247403728671, 'Error': 0.01421805276254684, 'Time': 0.0017282962799072266, 'Epsilon': 0.01, 'Max V': 32.13247403728671, 'Mean V': 13.15444430050997}, {'State': None, 'Action': None, 'Reward': 32.21403158811761, 'Error': 0.012156435111979391, 'Time': 0.001771688461303711, 'Epsilon': 0.01, 'Max V': 32.21403158811761, 'Mean V': 13.230556781446955}, {'State': None, 'Action': None, 'Reward': 32.290645115405226, 'Error': 0.01039375202074666, 'Time': 0.0018143653869628906, 'Epsilon': 0.01, 'Max V': 32.290645115405226, 'Mean V': 13.303489188227227}, {'State': None, 'Action': None, 'Reward': 32.362440559886494, 'Error': 0.008886657977738466, 'Time': 0.0018575191497802734, 'Epsilon': 0.01, 'Max V': 32.362440559886494, 'Mean V': 13.371304150489303}, {'State': None, 'Action': None, 'Reward': 32.43001305776278, 'Error': 0.007598092570967552, 'Time': 0.0019006729125976562, 'Epsilon': 0.01, 'Max V': 32.43001305776278, 'Mean V': 13.436185657246712}, {'State': None, 'Action': None, 'Reward': 32.49348511195102, 'Error': 0.006496369148177195, 'Time': 0.0019478797912597656, 'Epsilon': 0.01, 'Max V': 32.49348511195102, 'Mean V': 13.496747879420662}, {'State': None, 'Action': None, 'Reward': 32.55332069712803, 'Error': 0.00555439562169191, 'Time': 0.001991748809814453, 'Epsilon': 0.01, 'Max V': 32.55332069712803, 'Mean V': 13.554616282815}, {'State': None, 'Action': None, 'Reward': 32.60963683546214, 'Error': 0.004749008256546006, 'Time': 0.002035379409790039, 'Epsilon': 0.01, 'Max V': 32.60963683546214, 'Mean V': 13.608805261200862}, {'State': None, 'Action': None, 'Reward': 32.662798800041266, 'Error': 0.00406040205935021, 'Time': 0.0020782947540283203, 'Epsilon': 0.01, 'Max V': 32.662798800041266, 'Mean V': 13.660529166717296}, {'State': None, 'Action': None, 'Reward': 32.712916928195796, 'Error': 0.00347164376074538, 'Time': 0.0021219253540039062, 'Epsilon': 0.01, 'Max V': 32.712916928195796, 'Mean V': 13.709092287770659}, {'State': None, 'Action': None, 'Reward': 32.760281795324644, 'Error': 0.0029682554154373264, 'Time': 0.0021653175354003906, 'Epsilon': 0.01, 'Max V': 32.760281795324644, 'Mean V': 13.75540589777321}, {'State': None, 'Action': None, 'Reward': 32.80499643483258, 'Error': 0.0025378583801920485, 'Time': 0.002209186553955078, 'Epsilon': 0.01, 'Max V': 32.80499643483258, 'Mean V': 13.798983788215025}, {'State': None, 'Action': None, 'Reward': 32.84729451995554, 'Error': 0.002169868915068207, 'Time': 0.002252817153930664, 'Epsilon': 0.01, 'Max V': 32.84729451995554, 'Mean V': 13.840513378097226}, {'State': None, 'Action': None, 'Reward': 32.88727156327542, 'Error': 0.0018552379223883975, 'Time': 0.00229644775390625, 'Epsilon': 0.01, 'Max V': 32.88727156327542, 'Mean V': 13.879659429431035}, {'State': None, 'Action': None, 'Reward': 32.92511756872733, 'Error': 0.0015862284236405344, 'Time': 0.002339601516723633, 'Epsilon': 0.01, 'Max V': 32.92511756872733, 'Mean V': 13.916943645649575}, {'State': None, 'Action': None, 'Reward': 32.9609205822064, 'Error': 0.0013562253022119108, 'Time': 0.0023832321166992188, 'Epsilon': 0.01, 'Max V': 32.9609205822064, 'Mean V': 13.952139183212031}, {'State': None, 'Action': None, 'Reward': 32.99483681395873, 'Error': 0.0011595726333926137, 'Time': 0.002426624298095703, 'Epsilon': 0.01, 'Max V': 32.99483681395873, 'Mean V': 13.98564473299004}, {'State': None, 'Action': None, 'Reward': 33.02694707472327, 'Error': 0.0009914346015502673, 'Time': 0.0024700164794921875, 'Epsilon': 0.01, 'Max V': 33.02694707472327, 'Mean V': 14.017310913672645}, {'State': None, 'Action': None, 'Reward': 33.057381182734225, 'Error': 0.0008476765843248302, 'Time': 0.002513408660888672, 'Epsilon': 0.01, 'Max V': 33.057381182734225, 'Mean V': 14.047444802893324}, {'State': None, 'Action': None, 'Reward': 33.08621305606913, 'Error': 0.0007247634796030411, 'Time': 0.0025572776794433594, 'Epsilon': 0.01, 'Max V': 33.08621305606913, 'Mean V': 14.075952042586318}, {'State': None, 'Action': None, 'Reward': 33.11355169633936, 'Error': 0.0006196727750644726, 'Time': 0.0026006698608398438, 'Epsilon': 0.01, 'Max V': 33.11355169633936, 'Mean V': 14.103071215415389}, {'State': None, 'Action': None, 'Reward': 33.13946453568245, 'Error': 0.00052982022268111, 'Time': 0.002644777297973633, 'Epsilon': 0.01, 'Max V': 33.13946453568245, 'Mean V': 14.128746739450406}, {'State': None, 'Action': None, 'Reward': 33.16404398336752, 'Error': 0.00045299629039163847, 'Time': 0.0026886463165283203, 'Epsilon': 0.01, 'Max V': 33.16404398336752, 'Mean V': 14.1531657509493}]"
