,lrs,time,average_score,policy,q_map
0,0.05,27.41691517829895,1.0000000000000007,"[1, 1, 1, 1, 1, 1, 1, 2, 2, 2, 2, 2, 2, 2]","{0: array([0.18755636, 0.29046097, 0.29046097, 0.18755636]), 1: array([ 0.18755634,  0.39440502, -9.11901813,  0.29046092]), 2: array([0.88988055, 0.14852218, 0.77077936, 0.63102452]), 3: array([0.30785374, 0.28478182, 0.78536499, 0.30646644]), 4: array([-0.26779063, -0.21922085,  0.3130257 ,  0.10347888]), 5: array([0.31607857, 0.31702294, 0.21573054, 0.3248365 ]), 6: array([ 0.33299426, -0.15778099, -1.27954963,  0.22494759]), 7: array([0.01654123, 0.98422309, 0.20573836, 0.18301273]), 8: array([0.29046097, 0.39440502, 0.39440502, 0.18755636]), 9: array([0.29046097, 0.49939901, 0.49939901, 0.29046097]), 10: array([ 0.28181005, -7.93411319,  0.60545355, -8.23399502]), 11: array([ 0.28999879,  0.71257934, -7.43207751, -7.34055083]), 12: array([0.00853859, 0.89892694, 0.65502754, 0.00348333]), 13: array([-1.32245728,  0.11410005,  0.14970534, -0.02725909]), 14: array([0.17822647, 0.17724104, 0.17826175, 0.18130906]), 15: array([ 0.20770832,  0.205503  ,  0.20758306, -3.56728657]), 16: array([0.39440502, 0.49939901, 0.49939901, 0.29046097]), 17: array([ 0.39440502,  0.60545355, -9.44372443,  0.39440502]), 18: array([0.08506591, 0.56189451, 0.29151701, 0.13135015]), 19: array([-9.35093642,  0.82078721,  0.57200467,  0.56412746]), 20: array([ 0.71147265,  0.22971276,  0.13312234, -6.22185523]), 21: array([0.32781583, 0.11146323, 0.19036466, 0.19007545]), 22: array([ 0.18340484, -3.93182613,  0.18713037,  0.18519075]), 23: array([0.17604857, 0.21635199, 0.11484901, 0.0849328 ]), 24: array([0.49939901, 0.60545355, 0.60545355, 0.39440502]), 25: array([ 0.49939901, -9.26620731,  0.71257934,  0.49939901]), 26: array([ 0.60545355,  0.82078721,  0.82078721, -9.44372443]), 27: array([0.71257934, 0.93008809, 0.71257934, 0.71257934]), 28: array([ 0.82078721, -8.76352451,  0.39124797,  0.56681407]), 29: array([ 0.6182814 ,  0.19401854, -2.40219952,  0.17470812]), 30: array([0.52175206, 0.02265911, 0.41604622, 0.74281843]), 31: array([0.19025879, 0.43206704, 0.28898694, 0.32820646]), 32: array([ 0.60545355,  0.71257934, -9.26620731,  0.49939901]), 33: array([0.44120596, 0.67689917, 0.59313114, 0.74120473]), 34: array([-9.26620731, -9.50921999,  0.93008809,  0.71257934]), 35: array([ 0.82078721,  1.04049302, -9.05491615,  0.82078721]), 36: array([0.90873509, 0.28167707, 0.28965751, 0.95463015]), 37: array([0.35315183, 0.31925355, 0.47250897, 0.03788882]), 38: array([0.48507441, 0.15134329, 0.79714159, 0.18698868]), 39: array([0.45259117, 1.16022857, 0.75385142, 0.67523582]), 40: array([0.71257934, 0.82078721, 0.82078721, 0.60545355]), 41: array([ 0.70363305,  0.93008809, -9.48398847, -9.21662258]), 42: array([0.25202897, 0.26327492, 0.49573739, 0.16222761]), 43: array([-9.50921999,  1.15201316,  0.93008809,  0.93008809]), 44: array([ 1.04049302, -9.05180104, -9.31438945, -9.04945956]), 45: array([0.07985163, 0.06038248, 0.4215216 , 0.68698182]), 46: array([-7.04331867,  1.49337797,  1.11518447,  0.57106224]), 47: array([1.37844172, 0.85417105, 0.910386  , 0.63822162]), 48: array([0.82078721, 0.93008809, 0.93008809, 0.71257934]), 49: array([ 0.82078392,  1.04049302, -9.18680124,  0.82078601]), 50: array([0.8213986 , 0.12598819, 0.1564083 , 0.69196709]), 51: array([-9.18681539,  1.26465975, -9.06696981,  1.04049302]), 52: array([0.44098816, 0.82156202, 0.08798956, 0.94245474]), 53: array([-9.06652159,  1.49337798,  1.49334476, -9.31887658]), 54: array([1.37839961, 1.6094727 , 1.15146684, 1.37842417]), 55: array([0.58480249, 0.81471341, 0.7605298 , 1.2645883 ]), 56: array([0.93008809, 0.93008809, 1.04049302, 0.82078721]), 57: array([0.93008809, 1.04049302, 1.15201316, 0.93008809]), 58: array([ 1.04049302,  1.15201316,  1.26465975, -9.18681539]), 59: array([1.15201316, 1.26465975, 1.3784442 , 1.15201316]), 60: array([ 1.26465975,  1.3784442 ,  1.49337798, -9.06696981]), 61: array([1.3784442 , 1.49337798, 1.6094727 , 1.3784442 ]), 62: array([1.49337798, 1.6094727 , 1.7267401 , 1.49337798]), 63: array([0.24381589, 0.73408091, 0.7284137 , 0.26806779])}"
1,0.1,27.003219604492188,1.0000000000000007,"[1, 1, 1, 2, 2, 2, 2, 2, 1, 2, 1, 1, 1, 2]","{0: array([0.13815662, 0.24056224, 0.24056224, 0.13815662]), 1: array([ 0.13815662,  0.34400226, -9.15814065,  0.24056224]), 2: array([0.3021288 , 0.21002016, 0.35684857, 0.85036298]), 3: array([0.70221406, 0.34752271, 0.88949548, 0.76544139]), 4: array([-2.56024725, -4.83222447,  0.44085956,  0.43933078]), 5: array([0.42074733, 0.69313434, 0.3938768 , 0.40269305]), 6: array([ 0.38551257,  0.5176915 , -4.70479439, -0.17199134]), 7: array([0.56638922, 0.79391573, 0.7034533 , 0.24330047]), 8: array([0.24056224, 0.34400226, 0.34400226, 0.13815662]), 9: array([0.24056224, 0.44848713, 0.44848713, 0.24056224]), 10: array([ 0.34400226, -9.15520438,  0.55402741, -9.15814065]), 11: array([ 0.44848713,  0.66063374, -9.26503263, -9.11939947]), 12: array([0.61933861, 0.74239128, 0.27059317, 0.44895734]), 13: array([-8.0547746 ,  0.87708779,  0.58845078,  0.44397427]), 14: array([0.76831687, 0.5075878 , 0.27547463, 0.34012408]), 15: array([ 0.14915247,  0.68317101,  0.15749887, -1.55819355]), 16: array([0.34400226, 0.44848713, 0.44848713, 0.24056224]), 17: array([ 0.34400226,  0.55402741, -9.15520438,  0.34400226]), 18: array([0.5738219 , 0.61266722, 0.85332891, 0.29662229]), 19: array([-9.15520438,  0.76831691,  0.76831691,  0.55402741]), 20: array([ 0.66063374,  0.87708779,  0.87708779, -9.26503263]), 21: array([0.76831691, 0.98695736, 0.98683664, 0.76831691]), 22: array([ 0.68524505, -8.09486483,  1.09791776,  0.6606325 ]), 23: array([0.76126496, 1.21003594, 0.60937673, 0.33600418]), 24: array([0.44848713, 0.34400226, 0.55402741, 0.34400226]), 25: array([ 0.44848713, -9.07683606,  0.66063374,  0.44848713]), 26: array([ 0.55402741,  0.55402741,  0.76831691, -9.15520438]), 27: array([0.66063374, 0.66063374, 0.87708779, 0.66063374]), 28: array([ 0.76831691, -9.20361159,  0.98695736,  0.76831691]), 29: array([ 0.87708779,  1.09793673, -9.3056159 ,  0.87708779]), 30: array([0.40667972, 0.70139808, 0.39807305, 0.08472825]), 31: array([-8.50537844,  1.3232698 ,  1.11351439,  0.94084381]), 32: array([ 0.34400226,  0.24056224, -9.07683606,  0.44848713]), 33: array([0.53107137, 0.2661922 , 0.93248882, 0.88262312]), 34: array([-9.07683606, -9.09845575,  0.66063374,  0.66063374]), 35: array([ 0.55402741,  0.55402741, -9.20361159,  0.76831691]), 36: array([0.75827515, 0.80443274, 0.46699628, 0.41893945]), 37: array([-9.20361159, -9.27987016,  1.2100371 ,  0.98695736]), 38: array([ 1.09793673,  1.3232698 ,  1.3232698 , -9.3056159 ]), 39: array([1.2100371 , 1.43764626, 1.3232698 , 1.2100371 ]), 40: array([0.16293966, 0.04066944, 0.03023011, 0.34400226]), 41: array([ 0.05073696,  0.18856612, -2.10862326, -3.2218496 ]), 42: array([0.11636513, 0.91065076, 0.07452621, 0.10902857]), 43: array([-7.76105928,  0.51111597,  0.24765094,  0.66063374]), 44: array([ 0.41920153, -1.95552735, -0.34157204, -1.12696895]), 45: array([0.72740388, 0.46979703, 0.31234297, 0.26530362]), 46: array([-9.27987016,  1.43764626,  1.43764626,  1.2100371 ]), 47: array([1.3232698 , 1.55317804, 1.43764626, 1.3232698 ]), 48: array([0.09443389, 0.11872128, 0.19009679, 0.12548042]), 49: array([ 0.15795214,  0.46296855, -6.42124269, -0.34535595]), 50: array([0.58452189, 0.75008329, 0.75724529, 0.21308633]), 51: array([-2.88834875,  0.91678853, -3.28711007,  0.16905653]), 52: array([0.55801932, 0.98842501, 0.40861212, 0.77410637]), 53: array([-9.02145922,  1.4376449 ,  1.43764626, -9.27986879]), 54: array([1.3232698 , 1.55317804, 1.55317804, 1.3232698 ]), 55: array([1.43764626, 1.66987681, 1.55317804, 1.43764626]), 56: array([0.12911256, 0.16707145, 0.26592745, 0.08094178]), 57: array([0.21154362, 0.23952424, 0.75393501, 0.21809478]), 58: array([ 0.21972978,  0.31151696,  1.05897142, -1.48645448]), 59: array([0.46819888, 0.46538065, 1.30602585, 0.37544188]), 60: array([ 0.74642916,  0.83732132,  1.43764618, -6.14294069]), 61: array([1.3232659 , 1.43764272, 1.55317804, 1.3232698 ]), 62: array([1.43764626, 1.55317804, 1.66987681, 1.43764626]), 63: array([0.61044628, 0.02961608, 0.67664324, 0.34187216])}"
2,0.15000000000000002,26.931002140045166,1.0000000000000007,"[1, 1, 1, 2, 2, 2, 2, 2, 1, 2, 1, 1, 1, 2]","{0: array([0.31457622, 0.41876386, 0.41876386, 0.31457622]), 1: array([ 0.31457622,  0.5240039 , -9.09013118,  0.41876386]), 2: array([0.52427781, 0.20106297, 0.91905941, 0.75824026]), 3: array([0.75059586, 0.17915086, 0.93323624, 0.54739382]), 4: array([-1.76945298, -5.16922985,  0.30940746,  0.27854483]), 5: array([0.26620461, 0.93907305, 0.17076748, 0.20251614]), 6: array([ 0.43058017,  0.18005529, -0.71451252,  0.29709234]), 7: array([0.2588368 , 0.21336296, 0.90882701, 0.97784949]), 8: array([0.41876386, 0.5240039 , 0.5240039 , 0.31457622]), 9: array([0.41876386, 0.63030697, 0.63030697, 0.41876386]), 10: array([ 0.5240039 , -9.32286857,  0.73768381, -9.09013118]), 11: array([ 0.63030697,  0.84614526, -9.54855017, -9.07609612]), 12: array([0.45600993, 0.37687449, 0.19115534, 0.36848822]), 13: array([-9.47902202,  1.06636594,  0.79847255,  0.75601238]), 14: array([0.95511246, 0.42529381, 0.31594129, 0.29415607]), 15: array([ 0.31001368,  0.58492691,  0.30594028, -6.00860285]), 16: array([0.5240039 , 0.63030697, 0.63030697, 0.41876386]), 17: array([ 0.5240039 ,  0.73768381, -9.32286857,  0.5240039 ]), 18: array([0.58707977, 0.241342  , 0.68397114, 0.07659817]), 19: array([-9.32286857,  0.95570229,  0.95570229,  0.73768381]), 20: array([ 0.84614526,  1.06636594,  1.06636594, -9.54855017]), 21: array([0.95570229, 1.17814742, 0.95570229, 0.95570229]), 22: array([ 1.06636594, -8.84424845,  0.76177981,  0.83010116]), 23: array([0.95570191, 0.5358229 , 0.57413764, 0.3092309 ]), 24: array([0.63030697, 0.5240039 , 0.73768381, 0.5240039 ]), 25: array([ 0.63030697, -9.0130401 ,  0.84614526,  0.63030697]), 26: array([ 0.73768381,  0.73768381,  0.95570229, -9.32286857]), 27: array([0.84614526, 0.84614526, 1.06636594, 0.84614526]), 28: array([ 0.95570229, -9.6358564 ,  1.17814742,  0.95570229]), 29: array([ 1.06636594,  1.291058  , -9.09420673,  1.06636594]), 30: array([0.33979176, 0.0445555 , 0.32190293, 0.9149427 ]), 31: array([-6.19496529,  1.52027057,  0.71606788,  0.84613402]), 32: array([ 0.5240039 ,  0.41876386, -9.0130401 ,  0.63030697]), 33: array([0.99692919, 0.81912259, 0.46955025, 0.29814698]), 34: array([-9.0130401 , -9.23403788,  0.84614526,  0.84614526]), 35: array([ 0.73768381,  0.73768381, -9.6358564 ,  0.95570229]), 36: array([0.11231488, 0.19424456, 0.36782182, 0.35667717]), 37: array([-9.6358564 , -9.61387498,  1.40510909,  1.17814742]), 38: array([ 1.291058  ,  1.52031221,  1.52031221, -9.09420673]), 39: array([1.40510909, 1.636679  , 1.52031221, 1.40478656]), 40: array([ 0.25383638, -0.09361555,  0.06322174,  0.5240039 ]), 41: array([ 0.30948768, -0.10294336, -3.98775248, -4.55293838]), 42: array([0.42476878, 0.77369911, 0.68870183, 0.62035661]), 43: array([-8.815984  ,  0.62977731,  0.40519231,  0.84614526]), 44: array([ 0.64524124, -2.22611269, -1.09133655, -3.64669737]), 45: array([0.24380501, 0.28702802, 0.39002527, 0.25165089]), 46: array([-9.61387498,  1.636679  ,  1.636679  ,  1.40510909]), 47: array([1.52031221, 1.75422121, 1.636679  , 1.52031221]), 48: array([-0.07985414, -0.06997528, -0.09686484,  0.18511743]), 49: array([-0.77526182, -0.09309104, -6.68940274, -0.04137752]), 50: array([0.35722662, 0.76878282, 0.84614863, 0.12823619]), 51: array([-4.35144591,  1.07438167, -2.97031483,  0.22783996]), 52: array([0.64221439, 0.90410495, 0.13675294, 0.27239283]), 53: array([-9.10493561,  1.63664743,  1.636679  , -9.61387488]), 54: array([1.52031221, 1.75422121, 1.75422121, 1.52031221]), 55: array([1.636679  , 1.87295072, 1.75422121, 1.636679  ]), 56: array([-0.06554904, -0.06882165, -0.06655137, -0.07557324]), 57: array([-0.06792327, -0.06548999, -0.06881476, -0.07046022]), 58: array([-0.04942646, -0.04864956,  0.15774205, -4.12491967]), 59: array([0.18137117, 0.39817705, 1.40709662, 0.42152073]), 60: array([ 0.50600494,  0.87088411,  1.63667295, -6.94010058]), 61: array([1.52022427, 1.63665539, 1.75422121, 1.52031221]), 62: array([1.636679  , 1.75422121, 1.87295072, 1.636679  ]), 63: array([0.24725041, 0.03439038, 0.75603585, 0.88176841])}"
3,0.2,26.16748881340027,1.0000000000000007,"[1, 1, 1, 2, 2, 1, 2, 1, 1, 1, 2, 2, 2, 2]","{0: array([-0.08633223,  0.01380583,  0.01380583, -0.08633223]), 1: array([-0.08633223,  0.11495538, -9.2876388 ,  0.01380583]), 2: array([0.2469036 , 0.21800783, 0.69205046, 0.71955676]), 3: array([0.86980205, 0.25136079, 0.13175796, 0.73351704]), 4: array([-3.37810815, -2.37924676,  0.16408118,  0.17312969]), 5: array([ 0.15283582,  0.14721832, -0.37009198,  0.14552937]), 6: array([ 0.22007454, -0.38079066, -0.90378917,  0.23044459]), 7: array([0.10571856, 0.35822408, 0.46410109, 0.28710758]), 8: array([ 0.01380583,  0.11495538,  0.11495538, -0.08633223]), 9: array([0.01380583, 0.21712665, 0.21712665, 0.01380583]), 10: array([ 0.11495538, -9.2423507 ,  0.32032995, -9.2876388 ]), 11: array([ 0.21712665,  0.42457571, -9.04773936, -9.13889597]), 12: array([0.08923411, 0.71978163, 0.96187943, 0.42416153]), 13: array([-5.59307118,  0.16799033,  0.1733749 ,  0.16361083]), 14: array([0.19029978, 0.20990612, 0.21791838, 0.20765309]), 15: array([ 0.24824495,  0.24849175,  0.24329575, -4.3540664 ]), 16: array([0.11495538, 0.21712665, 0.21712665, 0.01380583]), 17: array([ 0.11495538,  0.32032995, -9.2423507 ,  0.11495538]), 18: array([0.50982329, 0.10436319, 0.13625242, 0.76530232]), 19: array([-9.2423507 ,  0.52987445,  0.32032995,  0.32032995]), 20: array([ 0.42457571,  0.35589721,  0.14694935, -7.46583054]), 21: array([0.29125171, 0.17771057, 0.15327332, 0.15096193]), 22: array([ 0.17633843, -2.74399242,  0.16222739,  0.17558568]), 23: array([0.27009115, 0.26872667, 0.27274678, 0.27445922]), 24: array([0.21712665, 0.11495538, 0.32032995, 0.11495538]), 25: array([ 0.21712665, -9.23244364,  0.42457571,  0.21712665]), 26: array([ 0.32032995,  0.52987445,  0.52987445, -9.2423507 ]), 27: array([0.42457571, 0.63623682, 0.42457571, 0.42457571]), 28: array([ 0.52987445, -8.99726294,  0.31449231,  0.31951979]), 29: array([ 0.42347298,  0.15621278, -3.98091466,  0.14610695]), 30: array([0.73652111, 0.27472289, 0.23088752, 0.57123186]), 31: array([-4.5329709 ,  0.28436703,  0.28471321,  0.28521504]), 32: array([ 0.11495538,  0.04763251, -9.23244364,  0.21712665]), 33: array([0.56801515, 0.01935592, 0.4274003 , 0.77530945]), 34: array([-9.23244364, -9.12558991,  0.63623682,  0.42457571]), 35: array([ 0.52987445,  0.74367355, -9.01242445,  0.52987445]), 36: array([0.81177086, 0.05043791, 0.24170273, 0.99755106]), 37: array([-3.29004864, -4.28480136,  0.21229162,  0.22415748]), 38: array([ 0.25007838,  0.24401043,  0.43479092, -4.77110549]), 39: array([0.26071797, 0.83811113, 0.2852991 , 0.15388664]), 40: array([0.01122196, 0.24357742, 0.0588426 , 0.11495538]), 41: array([ 0.06983148,  0.34639069, -2.17336502, -2.09589408]), 42: array([0.597875  , 0.69853053, 0.76124461, 0.88324251]), 43: array([-9.12558991,  0.85219551,  0.63623682,  0.63623682]), 44: array([ 0.74367355, -9.02016821, -9.07446103, -9.01242444]), 45: array([0.93488785, 0.07830113, 0.67207312, 0.18388253]), 46: array([-4.70292802,  0.7156911 ,  1.18274126,  0.28769533]), 47: array([0.53065676, 1.29722885, 0.76895292, 0.35705165]), 48: array([0.08790987, 0.51401961, 0.19841119, 0.07703527]), 49: array([ 0.11363807,  0.69274234, -3.29933008,  0.10454266]), 50: array([0.74273659, 0.66337161, 0.17931337, 0.00524869]), 51: array([-9.26469077,  0.96181365, -9.02016822,  0.74367355]), 52: array([0.46942592, 0.46704621, 0.71745811, 0.98972907]), 53: array([-9.02016808,  1.18438287,  1.18438285, -9.07446085]), 54: array([1.07253903, 1.29735643, 1.29695305, 1.06567876]), 55: array([1.18438286, 1.41147098, 1.03278924, 0.96055977]), 56: array([ 0.16868702, -0.27091623,  0.72871625, -0.00928965]), 57: array([0.4493285 , 0.69165654, 0.85219551, 0.38883027]), 58: array([ 0.74367355,  0.85219551,  0.96181365, -9.26469076]), 59: array([0.85219551, 0.96181365, 1.07253904, 0.85219551]), 60: array([ 0.96181365,  1.07253904,  1.18438287, -9.02016822]), 61: array([1.07253904, 1.18438287, 1.29735643, 1.07253904]), 62: array([1.18438287, 1.29735643, 1.41147114, 1.18438287]), 63: array([0.16315262, 0.17002126, 0.41562741, 0.38535378])}"
4,0.25,27.01372742652893,1.0000000000000007,"[1, 1, 1, 2, 2, 2, 2, 2, 1, 2, 1, 1, 1, 2]","{0: array([0.23456324, 0.33794267, 0.33794267, 0.23456324]), 1: array([ 0.23456324,  0.44236633, -9.28324542,  0.33794267]), 2: array([0.72399452, 0.09372879, 0.00755477, 0.48073696]), 3: array([0.80811586, 0.66776135, 0.12864479, 0.91198393]), 4: array([-2.14102623, -3.36095008,  0.14190271,  0.19748547]), 5: array([0.35597566, 0.31980509, 0.5054822 , 0.36985674]), 6: array([ 0.39794618,  0.69249739, -3.72443357,  0.42029258]), 7: array([0.65446499, 0.19660671, 0.81934086, 0.53580288]), 8: array([0.33794267, 0.44236633, 0.44236633, 0.23456324]), 9: array([0.33794267, 0.54784478, 0.54784478, 0.33794267]), 10: array([ 0.44236633, -9.1258497 ,  0.65438867, -9.28324542]), 11: array([ 0.54784478,  0.76200875, -9.15488174, -9.09713591]), 12: array([0.30527416, 0.26589911, 0.85365481, 0.21116674]), 13: array([-8.39684004,  0.98052112,  0.68253777,  0.3384569 ]), 14: array([0.58749472, 0.86976464, 0.26921174, 0.30745624]), 15: array([ 0.4660397 ,  0.12733753,  0.08161262, -1.03894342]), 16: array([0.44236633, 0.54784478, 0.54784478, 0.33794267]), 17: array([ 0.44236633,  0.65438867, -9.1258497 ,  0.44236633]), 18: array([0.50247884, 0.8829801 , 0.06149363, 0.29103858]), 19: array([-9.1258497 ,  0.87071591,  0.87071591,  0.65438867]), 20: array([ 0.76200875,  0.98052112,  0.98052112, -9.15488174]), 21: array([0.87071591, 1.09143548, 0.87071591, 0.87071591]), 22: array([ 0.98052112, -9.11376606,  0.70118079,  0.72195643]), 23: array([0.86242175, 0.4380958 , 0.44029268, 0.34153769]), 24: array([0.54784478, 0.44236633, 0.65438867, 0.44236633]), 25: array([ 0.54784478, -9.0883214 ,  0.76200875,  0.54784478]), 26: array([ 0.65438867,  0.65438867,  0.87071591, -9.1258497 ]), 27: array([0.76200875, 0.76200875, 0.98052112, 0.76200875]), 28: array([ 0.87071591, -9.12380092,  1.09143548,  0.87071591]), 29: array([ 0.98052112,  1.20347018, -9.24177905,  0.98052112]), 30: array([0.03765271, 0.76587975, 0.37268762, 0.48016552]), 31: array([-7.54710496,  1.430946  ,  0.99221387,  0.59362877]), 32: array([ 0.44236633,  0.33794267, -9.0883214 ,  0.54784478]), 33: array([0.34471595, 0.23173598, 0.92088747, 0.39203567]), 34: array([-9.0883214 , -9.56264557,  0.76200875,  0.76200875]), 35: array([ 0.65438867,  0.65438867, -9.12380092,  0.87071591]), 36: array([0.28294108, 0.14194132, 0.88504957, 0.38718761]), 37: array([-9.12380092, -9.43365842,  1.31663655,  1.09143548]), 38: array([ 1.20347018,  1.43094601,  1.43094601, -9.24177905]), 39: array([1.31663655, 1.54641011, 1.430946  , 1.31663652]), 40: array([0.25869968, 0.03699979, 0.02213684, 0.44236633]), 41: array([ 0.23489247, -0.02646356, -6.46576998, -5.64063826]), 42: array([0.01905912, 0.15849578, 0.03660308, 0.44177215]), 43: array([-7.95856709,  0.43537209,  0.41007597,  0.76200875]), 44: array([ 0.57944161, -2.70929048, -1.03383635, -1.65491338]), 45: array([0.04199338, 0.07366849, 0.0231256 , 0.5720622 ]), 46: array([-9.43365842,  1.54641011,  1.54641011,  1.31663655]), 47: array([1.43094601, 1.66304051, 1.54641011, 1.43094601]), 48: array([-0.00641489, -0.02623787, -0.01075923,  0.25521371]), 49: array([-1.15494887e-02, -9.07911050e-03, -6.58064083e+00,  6.42740900e-03]), 50: array([0.76361771, 0.28087969, 0.85544949, 0.51098779]), 51: array([-3.65369352,  0.77090547, -3.90298223,  0.34697329]), 52: array([0.61122451, 0.00901908, 0.85224641, 0.61861779]), 53: array([-9.15627541,  1.5464101 ,  1.54641011, -9.43365822]), 54: array([1.43094601, 1.66304051, 1.66304051, 1.43094601]), 55: array([1.54641011, 1.780849  , 1.66304051, 1.54641011]), 56: array([-0.01004688, -0.01143728, -0.01764621,  0.03355956]), 57: array([-0.02717929, -0.38879957, -0.02460901, -0.02712195]), 58: array([-0.05265974, -0.04789665, -0.14060676, -4.34752457]), 59: array([0.23018062, 0.63274386, 1.28863245, 0.4155407 ]), 60: array([ 0.78709213,  1.08558217,  1.54641009, -7.67251351]), 61: array([1.43094573, 1.5464101 , 1.66304051, 1.43094599]), 62: array([1.54641011, 1.66304051, 1.780849  , 1.54641011]), 63: array([0.47520022, 0.41888544, 0.20068541, 0.78873637])}"
5,0.3,27.68205189704895,1.0000000000000007,"[1, 1, 1, 1, 1, 1, 1, 2, 2, 2, 2, 2, 2, 2]","{0: array([0.3983526 , 0.50338646, 0.50338646, 0.3983526 ]), 1: array([ 0.3983526 ,  0.60948127, -9.42448171,  0.50338646]), 2: array([0.5813316 , 0.36664643, 0.56846575, 0.4212484 ]), 3: array([0.33119329, 0.48321488, 0.34115533, 0.50523574]), 4: array([-4.60573465, -1.5285267 ,  0.16514587,  0.16661827]), 5: array([0.14118723, 0.82786761, 0.1360906 , 0.14869286]), 6: array([ 0.19404736,  0.14053871, -3.73301885,  0.14612391]), 7: array([0.64472305, 0.26848385, 0.26598676, 0.79621958]), 8: array([0.50338646, 0.60948127, 0.60948127, 0.3983526 ]), 9: array([0.50338646, 0.71664775, 0.71664775, 0.50338646]), 10: array([ 0.60948127, -9.10096535,  0.82489672, -9.42448171]), 11: array([ 0.71664775,  0.93423911, -9.17529975, -9.49981662]), 12: array([0.83303055, 0.33296544, 0.31693999, 0.16800697]), 13: array([-5.83616292,  1.15624837,  0.3128436 ,  0.4417561 ]), 14: array([0.22739941, 0.81380857, 0.12803343, 0.13353612]), 15: array([ 0.14656298,  0.20975349,  0.15156202, -1.86526103]), 16: array([0.60948127, 0.71664775, 0.71664775, 0.50338646]), 17: array([ 0.60948127,  0.82489672, -9.10096535,  0.60948127]), 18: array([0.21516227, 0.90811581, 0.58999637, 0.5797798 ]), 19: array([-9.10096535,  1.04468597,  1.04468597,  0.82489672]), 20: array([ 0.93423911,  1.15624845,  1.15624845, -9.17529975]), 21: array([1.04468596, 1.26893783, 1.04468432, 1.04468518]), 22: array([ 1.1562484 , -6.57451513,  0.55050562,  0.31277989]), 23: array([ 0.95486297, -0.63035045,  0.1801251 ,  0.14217048]), 24: array([0.71664775, 0.82489672, 0.82489672, 0.60948127]), 25: array([ 0.71664775, -9.06273364,  0.93423911,  0.71664775]), 26: array([ 0.82489672,  1.04468589,  1.04468597, -9.10096535]), 27: array([0.93423911, 1.15624844, 1.15624845, 0.93423911]), 28: array([ 1.04468597, -9.28066576,  1.26893783,  1.04468597]), 29: array([ 1.15624845,  1.38276549, -9.15803977,  1.15624845]), 30: array([0.18561459, 0.39473313, 0.79119952, 0.85046488]), 31: array([-4.61230955,  1.61387892,  0.90408915,  0.45380142]), 32: array([ 0.82489672,  0.93423911, -9.06273364,  0.71664775]), 33: array([0.44779765, 0.71101706, 0.23037823, 0.94673369]), 34: array([-9.06273162, -9.0376175 ,  1.15624845,  0.93423886]), 35: array([ 1.02102404,  1.26893783, -9.28066576,  1.04468597]), 36: array([0.26620677, 0.72660024, 0.47504428, 0.39448757]), 37: array([-9.28066576, -9.28019296,  1.49774292,  1.26893783]), 38: array([ 1.38276549,  1.61388173,  1.61388173, -9.15803977]), 39: array([1.49774292, 1.73119367, 1.61387985, 1.49771796]), 40: array([0.93423911, 1.04468597, 1.04468597, 0.82489672]), 41: array([ 0.93422984,  1.15624845, -9.03754795, -9.0627292 ]), 42: array([0.92399598, 0.31817468, 0.74979539, 0.97210345]), 43: array([-8.94904878,  1.38276549,  0.98318184,  1.12925105]), 44: array([ 1.22616609, -1.83148651, -2.04839766, -2.88572239]), 45: array([0.64971522, 0.72707782, 0.07550525, 0.2870444 ]), 46: array([-9.28019296,  1.73119367,  1.73119367,  1.49774292]), 47: array([1.61388173, 1.84969058, 1.73119367, 1.61388173]), 48: array([1.04468597, 1.15624845, 1.15624845, 0.93423911]), 49: array([ 1.04468597,  1.26893783, -9.71575602,  1.04468597]), 50: array([0.05427724, 0.05140547, 0.28535278, 0.28711514]), 51: array([-9.71565906,  1.49774292, -9.30365039,  1.26853914]), 52: array([0.05359611, 0.70320566, 0.15147982, 0.43682368]), 53: array([-9.3038264 ,  1.73119367,  1.73119366, -9.28019296]), 54: array([1.61388173, 1.84969058, 1.84969058, 1.61388173]), 55: array([1.73119367, 1.96938442, 1.84969058, 1.73119367]), 56: array([1.15624845, 1.15624845, 1.26893783, 1.04468597]), 57: array([1.15624845, 1.26893783, 1.38276549, 1.15624845]), 58: array([ 1.26893783,  1.38276549,  1.49774292, -9.71575602]), 59: array([1.38276549, 1.49774292, 1.61388173, 1.38276549]), 60: array([ 1.49774292,  1.61388173,  1.73119367, -9.3038264 ]), 61: array([1.61388173, 1.73119367, 1.84969058, 1.61388173]), 62: array([1.73119367, 1.84969058, 1.96938442, 1.73119367]), 63: array([0.97917618, 0.8246491 , 0.41288602, 0.80303902])}"
6,0.35000000000000003,25.977827072143555,1.0000000000000007,"[1, 1, 1, 2, 2, 1, 2, 1, 1, 1, 2, 2, 2, 2]","{0: array([0.22619138, 0.32948624, 0.32948624, 0.22619138]), 1: array([ 0.22619138,  0.43382449, -9.42071672,  0.32948624]), 2: array([0.18012268, 0.38315579, 0.07017824, 0.58513462]), 3: array([0.25984073, 0.07816437, 0.81109255, 0.99385623]), 4: array([-2.56038231, -3.06658571,  0.29627705,  0.30026137]), 5: array([0.29728808, 0.28626258, 0.29773787, 0.294081  ]), 6: array([ 0.32386991,  0.31438653, -2.54521032,  0.25535046]), 7: array([0.32305969, 0.15757567, 0.58158562, 0.44321957]), 8: array([0.32948624, 0.43382449, 0.43382449, 0.22619138]), 9: array([0.32948624, 0.53921666, 0.53921666, 0.32948624]), 10: array([ 0.43156342, -9.52008331,  0.64567339, -9.3534288 ]), 11: array([ 0.53260167,  0.75320544, -8.94353907, -8.96666591]), 12: array([0.91570911, 0.17635532, 0.99788171, 0.98684354]), 13: array([-2.26543721,  0.29103872,  0.26555304,  0.26477515]), 14: array([ 0.2186724 , -0.25555474,  0.22283146,  0.16260063]), 15: array([ 0.19928474,  0.19997713,  0.20388485, -1.46009399]), 16: array([0.43382449, 0.53921666, 0.53921666, 0.32948624]), 17: array([ 0.43382449,  0.64567339, -9.54341591,  0.43382449]), 18: array([0.46119605, 0.09691291, 0.41189073, 0.06148875]), 19: array([-9.54182224,  0.86182368,  0.64489379,  0.64564196]), 20: array([ 0.75320514,  0.50723482,  0.4197407 , -7.77032971]), 21: array([0.64287925, 0.31470149, 0.31097442, 0.30272526]), 22: array([ 0.34772676, -1.84241562,  0.22948419,  0.325977  ]), 23: array([0.45259977, 0.38842744, 0.4352203 , 0.45450966]), 24: array([0.53921666, 0.43382449, 0.64567339, 0.43382449]), 25: array([ 0.53921666, -9.31618908,  0.75320544,  0.53921666]), 26: array([ 0.64567339,  0.86182368,  0.86182368, -9.54341591]), 27: array([0.75320544, 0.97153907, 0.75320544, 0.75320544]), 28: array([ 0.86182368, -8.97935995,  0.37748757,  0.63172599]), 29: array([ 0.25110277,  0.23915561, -1.13050931,  0.51961062]), 30: array([0.75758748, 0.69577538, 0.15704443, 0.19997471]), 31: array([-2.64865496,  0.40164716,  0.39795653,  0.35895136]), 32: array([ 0.43382449,  0.32948624, -9.31618908,  0.53921666]), 33: array([0.50026812, 0.6907181 , 0.37000793, 0.26770698]), 34: array([-9.31618908, -9.02439929,  0.97153907,  0.75320544]), 35: array([ 0.86182368,  1.0823627 , -9.05088081,  0.86182368]), 36: array([0.91599805, 0.95303785, 0.95870625, 0.19001408]), 37: array([-1.68109065, -1.95545431,  0.40676909,  0.2771378 ]), 38: array([ 0.36120593,  0.43194946,  0.65101304, -2.72608865]), 39: array([0.38204184, 1.26965526, 0.4074625 , 0.38318394]), 40: array([0.2210197 , 0.31767917, 0.21483454, 0.43382449]), 41: array([ 0.06735163,  0.5319256 , -1.50341232, -2.21602844]), 42: array([0.36879614, 0.98545527, 0.50162995, 0.06586615]), 43: array([-9.02439929,  1.19430576,  0.97153907,  0.97153907]), 44: array([ 1.0823627 , -9.61626165, -9.07373232, -9.0508808 ]), 45: array([0.84870646, 0.93562387, 0.36070773, 0.88701485]), 46: array([-5.33339389,  0.69043944,  1.53695319,  0.40189133]), 47: array([0.79330416, 1.65349996, 1.00133727, 0.71625946]), 48: array([ 0.16174859, -0.09166151,  0.69386113,  0.16225531]), 49: array([ 0.21151006,  1.06395837, -3.86306037,  0.22036438]), 50: array([0.59260419, 0.72472606, 0.51310931, 0.5561745 ]), 51: array([-9.2825212 ,  1.30737955, -9.61626166,  1.0823627 ]), 52: array([0.11115819, 0.09297069, 0.28289158, 0.38761449]), 53: array([-9.61626161,  1.53696516,  1.53696511, -9.07373178]), 54: array([1.4215955 , 1.65350016, 1.65349969, 1.42151626]), 55: array([1.43402578, 1.77121228, 1.34556215, 1.23247838]), 56: array([0.38273432, 0.40543801, 0.8773313 , 0.29557234]), 57: array([0.50753297, 0.98202369, 1.19430576, 0.74551957]), 58: array([ 1.0823627 ,  1.19430576,  1.30737955, -9.28252118]), 59: array([1.19430576, 1.30737955, 1.42159551, 1.19430576]), 60: array([ 1.30737955,  1.42159551,  1.53696516, -9.61626166]), 61: array([1.42159551, 1.53696516, 1.65350016, 1.42159551]), 62: array([1.53696516, 1.65350016, 1.77121228, 1.53696516]), 63: array([0.65686886, 0.0010897 , 0.77900231, 0.15154207])}"
7,0.4,26.035907983779907,1.0000000000000007,"[1, 1, 1, 2, 2, 1, 2, 1, 1, 1, 2, 2, 2, 2]","{0: array([0.26993011, 0.37366678, 0.37366678, 0.26993011]), 1: array([ 0.26993011,  0.47845129, -9.21402014,  0.37366678]), 2: array([0.79391905, 0.27410341, 0.76336457, 0.07975577]), 3: array([0.18849522, 0.30071639, 0.58905138, 0.363063  ]), 4: array([0.30466873, 0.60118999, 0.58022624, 0.17503882]), 5: array([0.66857697, 0.29931784, 0.92067597, 0.80746544]), 6: array([ 0.5166498 ,  0.55553795, -2.00460209,  0.15361736]), 7: array([0.32140164, 0.48121899, 0.24951989, 0.45191404]), 8: array([0.37366678, 0.47845129, 0.47845129, 0.26993011]), 9: array([0.37366678, 0.58429423, 0.58429423, 0.37366678]), 10: array([ 0.47705998, -9.26606306,  0.69120629, -9.17790192]), 11: array([ 0.55918788,  0.79919828, -9.00205468, -9.38700262]), 12: array([0.91079607, 0.70447072, 0.32790512, 0.00798125]), 13: array([-0.26389551,  0.7873531 ,  0.83170355,  0.71729319]), 14: array([0.2813014 , 0.52929991, 0.48281604, 0.54795825]), 15: array([0.70471215, 0.30448732, 0.00444918, 0.08251765]), 16: array([0.47845129, 0.58429423, 0.58429423, 0.37366678]), 17: array([ 0.47845129,  0.69120629, -9.2772972 ,  0.47845129]), 18: array([0.55557894, 0.44286661, 0.73000282, 0.44081293]), 19: array([-9.27637502,  0.90828109,  0.68875441,  0.69055617]), 20: array([ 0.58110846,  0.79917751,  0.3659877 , -3.67102274]), 21: array([0.54451076, 0.36469138, 0.35950081, 0.06774373]), 22: array([ 0.35913724, -1.60272864,  0.24670912,  0.19511765]), 23: array([0.31134276, 0.69112442, 0.34198672, 0.71157283]), 24: array([0.58429423, 0.47845129, 0.69120629, 0.47845129]), 25: array([ 0.58429423, -9.0777776 ,  0.79919828,  0.58429423]), 26: array([ 0.69120629,  0.90828109,  0.90828109, -9.2772972 ]), 27: array([0.79919828, 1.01846574, 0.79919828, 0.79919828]), 28: array([ 0.90828109, -9.2655454 ,  0.6309436 ,  0.68280044]), 29: array([ 0.78199724,  0.36735527, -5.8713649 ,  0.29120304]), 30: array([0.73568835, 0.54814459, 0.50952053, 0.93627466]), 31: array([0.0027061 , 0.14274617, 0.5223897 , 0.74648305]), 32: array([ 0.47845129,  0.37366677, -9.0777776 ,  0.58429423]), 33: array([0.31393216, 0.93153778, 0.87556646, 0.51904962]), 34: array([-9.0777776 , -9.56236355,  1.01846574,  0.79919828]), 35: array([ 0.90828109,  1.12976338, -9.31140159,  0.90828109]), 36: array([0.69555395, 0.44680704, 0.0621802 , 0.35258543]), 37: array([-3.58424134, -2.15349074,  0.39411037,  0.49593097]), 38: array([ 0.3573216 ,  0.17770046,  0.26239835, -3.14471037]), 39: array([0.47171   , 0.18415276, 0.48096945, 0.22022866]), 40: array([0.28935616, 0.26722288, 0.20981698, 0.47845129]), 41: array([ 0.14713589,  0.5370158 , -4.63227945, -3.88820588]), 42: array([0.41727217, 0.44205702, 0.18426757, 0.38914635]), 43: array([-9.56236355,  1.24218523,  1.01846574,  1.01846574]), 44: array([ 1.12976338, -9.10507861, -9.59778075, -9.31140155]), 45: array([0.21448882, 0.3026525 , 0.01144431, 0.40628205]), 46: array([-4.85355686,  1.58631014,  0.53722855,  0.26432649]), 47: array([0.27241126, 1.25932821, 0.43133293, 0.25888165]), 48: array([-0.61248953,  0.12482082,  0.63857086, -0.23759212]), 49: array([ 0.16908749,  1.07847485, -5.38384181,  0.16474256]), 50: array([0.11593694, 0.94912916, 0.35195942, 0.75792586]), 51: array([-9.06036213,  1.35574266, -9.10507862,  1.12976338]), 52: array([0.7070469 , 0.90396099, 0.2996146 , 0.06471278]), 53: array([-9.10507855,  1.58631023,  1.58631021, -9.59778072]), 54: array([1.47044713, 1.70334367, 1.47044693, 1.47044623]), 55: array([1.58631022, 1.23245086, 0.89485177, 0.69101661]), 56: array([0.17908901, 0.13089439, 0.85925721, 0.13276721]), 57: array([0.4201831 , 0.7810439 , 1.24218523, 0.54249787]), 58: array([ 1.12976338,  1.24218523,  1.35574266, -9.06036213]), 59: array([1.24218523, 1.35574266, 1.47044713, 1.24218523]), 60: array([ 1.35574266,  1.47044713,  1.58631023, -9.10507862]), 61: array([1.47044713, 1.58631023, 1.70334367, 1.47044713]), 62: array([1.58631023, 1.70334367, 1.82155926, 1.58631023]), 63: array([0.82985784, 0.00662995, 0.56298631, 0.16375793])}"
8,0.45,26.513019323349,1.0000000000000007,"[1, 1, 1, 2, 2, 2, 2, 2, 1, 2, 1, 1, 1, 2]","{0: array([0.31825208, 0.42247685, 0.42247685, 0.31825208]), 1: array([ 0.31825208,  0.52775439, -9.02531862,  0.42247685]), 2: array([0.97392354, 0.98452664, 0.69021601, 0.34081291]), 3: array([0.9072108 , 0.73926038, 0.96373693, 0.33396612]), 4: array([-2.44830288, -1.36850507,  0.56866252,  0.14632115]), 5: array([0.24706581, 0.95960662, 0.54547049, 0.57082575]), 6: array([ 0.85000466,  0.59625616, -7.95455863,  0.32873641]), 7: array([0.22561451, 0.77845965, 0.5871077 , 0.48718566]), 8: array([0.42247685, 0.52775439, 0.52775439, 0.31825208]), 9: array([0.42247685, 0.63409534, 0.63409534, 0.42247685]), 10: array([ 0.52775439, -9.06568729,  0.74151045, -9.02531862]), 11: array([ 0.63409534,  0.85001055, -9.3414253 , -9.04590044]), 12: array([0.59352267, 0.27250372, 0.63370481, 0.66522697]), 13: array([-9.34141839,  1.07030972,  1.07030959,  0.8500061 ]), 14: array([0.95960391, 1.18213103, 1.18212342, 0.74144634]), 15: array([ 1.07030486,  1.29508184,  1.18212707, -9.22929861]), 16: array([0.52775439, 0.63409534, 0.63409534, 0.42247685]), 17: array([ 0.52775439,  0.74151045, -9.06568729,  0.52775439]), 18: array([0.1265245 , 0.94375022, 0.79908069, 0.86239156]), 19: array([-9.06568729,  0.95960662,  0.95960662,  0.74151045]), 20: array([ 0.85001055,  1.07030972,  1.07030972, -9.3414253 ]), 21: array([0.95960662, 1.18213103, 1.18213103, 0.95960662]), 22: array([ 1.07030972, -9.42617613,  1.29508184,  1.07030972]), 23: array([1.18213103, 1.40917358, 1.29508184, 1.18213103]), 24: array([0.63409534, 0.52775439, 0.74151045, 0.52775439]), 25: array([ 0.63409534, -9.08148015,  0.85001055,  0.63409534]), 26: array([ 0.74151045,  0.74151045,  0.95960662, -9.06568729]), 27: array([0.85001055, 0.85001055, 1.07030972, 0.85001055]), 28: array([ 0.95960662, -9.01483249,  1.18213103,  0.95960662]), 29: array([ 1.07030972,  1.29508184, -9.42617613,  1.07030972]), 30: array([0.18894431, 0.0493526 , 0.57962007, 0.11115717]), 31: array([-9.42617613,  1.52441776,  1.40917358,  1.29508184]), 32: array([ 0.52764582,  0.42210339, -9.08138053,  0.63409534]), 33: array([0.80504958, 0.76268009, 0.12315636, 0.92779783]), 34: array([-9.08138913, -9.12397473,  0.84997874,  0.85001055]), 35: array([ 0.74149993,  0.74087291, -9.01477506,  0.95960662]), 36: array([0.99511869, 0.91997588, 0.05605936, 0.26581037]), 37: array([-9.01483249, -9.27737022,  1.40917358,  1.18213103]), 38: array([ 1.29508184,  1.52441776,  1.52441776, -9.42617613]), 39: array([1.40917358, 1.64082602, 1.52441776, 1.40917358]), 40: array([ 0.13397308, -0.13667402, -0.11147218,  0.52770926]), 41: array([-0.02449285, -0.07844919, -6.35724178, -4.79508229]), 42: array([0.88485519, 0.72541174, 0.2289966 , 0.54726782]), 43: array([-4.41668616,  0.05916775,  0.01370984,  0.84992337]), 44: array([ 0.13455272, -0.69928089, -2.87706964, -3.32861088]), 45: array([0.67881574, 0.72992907, 0.17668963, 0.66488381]), 46: array([-9.27737022,  1.64082602,  1.64082602,  1.40917358]), 47: array([1.52441776, 1.75841012, 1.64082602, 1.52441776]), 48: array([-0.10536802, -0.09852305, -0.10357146, -0.35085265]), 49: array([-0.06759939, -0.05504607, -5.86771511, -0.05935794]), 50: array([0.62492463, 0.48656475, 0.4001227 , 0.75861187]), 51: array([-5.38913154,  0.31723788, -1.44193647,  0.08652066]), 52: array([0.54654658, 0.73067089, 0.42258535, 0.81926856]), 53: array([-9.16907676,  1.64082602,  1.63532322, -9.23520341]), 54: array([1.52441776, 1.75841012, 1.75841012, 1.52441776]), 55: array([1.64082602, 1.87718194, 1.75841012, 1.64082602]), 56: array([-0.33417236, -0.0589361 , -0.05356064, -0.06517725]), 57: array([-0.0250423 , -0.00616948,  0.09126438, -0.01622523]), 58: array([ 0.05700536,  0.0461687 ,  0.48981702, -5.73395625]), 59: array([0.10389884, 0.1444389 , 1.25056105, 0.11684084]), 60: array([ 0.43697178,  0.730832  ,  1.64082284, -7.7142543 ]), 61: array([1.52435777, 1.64077237, 1.75841012, 1.52440722]), 62: array([1.64082602, 1.75841012, 1.87718194, 1.64082602]), 63: array([0.73753089, 0.88604236, 0.83293649, 0.30179112])}"
9,0.5,28.264288902282715,1.0000000000000007,"[1, 1, 1, 1, 1, 1, 1, 2, 2, 2, 2, 2, 2, 2]","{0: array([0.27567126, 0.37946592, 0.37946592, 0.27567126]), 1: array([ 0.27567126,  0.48430901, -9.46032243,  0.37946592]), 2: array([0.26786277, 0.12580823, 0.41257326, 0.54512886]), 3: array([0.59608737, 0.68746596, 0.79206904, 0.587916  ]), 4: array([-3.04797912, -4.07063979,  0.16328428,  0.15397096]), 5: array([0.1391799 , 0.13383994, 0.14001365, 0.14560565]), 6: array([ 0.1275424 ,  0.13204284, -3.38630153,  0.13067279]), 7: array([0.01883218, 0.03142059, 0.2856357 , 0.12180979]), 8: array([0.37946592, 0.48430901, 0.48430901, 0.27567126]), 9: array([0.37946592, 0.59021113, 0.59021113, 0.37946592]), 10: array([ 0.46392264, -8.97561903,  0.69718295, -9.43238669]), 11: array([ 0.56528157,  0.80523531, -9.18784663, -8.94750531]), 12: array([0.35309413, 0.56596877, 0.26963786, 0.33240697]), 13: array([-7.8519617 ,  0.12762128,  0.13083088,  0.12556272]), 14: array([0.14603163, 0.15318439, 0.14572898, 0.14570927]), 15: array([ 0.15465443,  0.15521165,  0.15316897, -1.2497203 ]), 16: array([0.48430901, 0.59021113, 0.59021113, 0.37946592]), 17: array([ 0.48430901,  0.69718295, -9.04791982,  0.48430901]), 18: array([0.96139032, 0.96169715, 0.26047371, 0.90355288]), 19: array([-8.9981578 ,  0.9143791 ,  0.68275767,  0.68788795]), 20: array([ 0.80432225,  0.31852388,  0.07715897, -7.50254845]), 21: array([0.33429118, 0.19456143, 0.10649601, 0.10088354]), 22: array([ 0.13722885, -5.39572683,  0.13760614,  0.14895993]), 23: array([0.16307739, 0.17816213, 0.17658549, 0.16579401]), 24: array([0.59021113, 0.69718295, 0.69718295, 0.48430901]), 25: array([ 0.59021113, -9.50798283,  0.80523531,  0.59021113]), 26: array([ 0.69718295,  0.9143791 ,  0.9143791 , -9.04791982]), 27: array([0.80523531, 1.02462535, 0.80523531, 0.80523531]), 28: array([ 0.9143791 , -9.03619722,  0.61868533,  0.61475803]), 29: array([ 0.78533401,  0.0982341 , -2.80616201,  0.11807373]), 30: array([0.35989936, 0.79128585, 0.01551501, 0.73081517]), 31: array([-2.91319857,  0.21526637,  0.2113343 ,  0.14684016]), 32: array([ 0.69718295,  0.80523531, -9.50798283,  0.59021113]), 33: array([0.24935634, 0.49698704, 0.14775548, 0.23539287]), 34: array([-9.50798283, -9.07771278,  1.02462535,  0.80523531]), 35: array([ 0.9143791 ,  1.1359852 , -9.41926997,  0.9143791 ]), 36: array([0.58659599, 0.35987102, 0.23629115, 0.2455149 ]), 37: array([-3.44618258, -4.01812294,  0.33095359,  0.12795069]), 38: array([ 0.13832178,  1.38324913,  0.09717334, -1.49413674]), 39: array([0.27920429, 0.6585253 , 0.23017299, 0.23612386]), 40: array([0.80523531, 0.9143791 , 0.9143791 , 0.69718295]), 41: array([ 0.80523531,  1.02462535, -9.0777125 , -9.50798248]), 42: array([0.93160326, 0.15487076, 0.342773  , 0.43683786]), 43: array([-9.07771278,  1.2484699 ,  1.02462535,  1.02462535]), 44: array([ 1.1359852 , -9.06828822, -9.28567133, -9.41880985]), 45: array([0.72043513, 0.49372121, 0.48207148, 0.61335294]), 46: array([-8.81906337,  1.59278728,  1.19634915,  1.0074492 ]), 47: array([0.47896004, 1.61978093, 0.32032545, 0.26708095]), 48: array([0.9143791 , 1.02462535, 1.02462535, 0.80523531]), 49: array([ 0.9143791 ,  1.1359852 , -9.27337276,  0.9143791 ]), 50: array([0.7038601 , 0.30352047, 0.44338141, 0.73396691]), 51: array([-9.27337276,  1.36209081, -9.06836869,  1.1359852 ]), 52: array([0.73012479, 0.81940489, 0.94104173, 0.17607823]), 53: array([-9.06836869,  1.59278728,  1.59278728, -9.28676922]), 54: array([1.47685941, 1.70988614, 1.70988162, 1.47685941]), 55: array([1.59278728, 1.82816751, 1.41906896, 1.10792663]), 56: array([1.02462535, 1.02462535, 1.1359852 , 0.9143791 ]), 57: array([1.02462535, 1.1359852 , 1.2484699 , 1.02462535]), 58: array([ 1.1359852 ,  1.2484699 ,  1.36209081, -9.27337276]), 59: array([1.2484699 , 1.36209081, 1.47685941, 1.2484699 ]), 60: array([ 1.36209081,  1.47685941,  1.59278728, -9.06836869]), 61: array([1.47685941, 1.59278728, 1.70988614, 1.47685941]), 62: array([1.59278728, 1.70988614, 1.82816782, 1.59278728]), 63: array([0.83653315, 0.5444393 , 0.16288566, 0.22997537])}"
10,0.55,27.149776458740234,1.0000000000000007,"[1, 1, 1, 2, 2, 2, 2, 2, 1, 2, 1, 1, 1, 2]","{0: array([0.31584507, 0.42004553, 0.42004553, 0.31584507]), 1: array([ 0.31584507,  0.52529851, -9.17177572,  0.42004553]), 2: array([0.83659018, 0.15579483, 0.06051582, 0.70666799]), 3: array([0.16349147, 0.64255753, 0.43409739, 0.75628384]), 4: array([-2.11999198, -2.42983718,  0.20900849,  0.13627369]), 5: array([0.1877882 , 0.8735204 , 0.19359961, 0.30424826]), 6: array([ 0.37153335,  0.13279749, -2.7506219 ,  0.19012002]), 7: array([0.06825831, 0.23752074, 0.68073096, 0.62446762]), 8: array([0.42004553, 0.52529851, 0.52529851, 0.31584507]), 9: array([0.42004553, 0.63161466, 0.63161466, 0.42004553]), 10: array([ 0.50725098, -9.1759955 ,  0.73900471, -8.99944691]), 11: array([ 0.5738865 ,  0.8474795 , -9.14040644, -9.0115789 ]), 12: array([0.72610243, 0.8333443 , 0.591746  , 0.03522009]), 13: array([-9.10582544,  1.06772728,  0.8157576 ,  0.5628228 ]), 14: array([0.48465126, 1.15906394, 0.28146866, 0.22695823]), 15: array([ 0.80927725,  0.22367281,  0.14498709, -1.20126418]), 16: array([0.52529851, 0.63161466, 0.63161466, 0.42004553]), 17: array([ 0.52529851,  0.73900471, -9.23268619,  0.52529851]), 18: array([0.76333551, 0.39321878, 0.77506446, 0.37564569]), 19: array([-9.23268619,  0.95705   ,  0.95705   ,  0.73900471]), 20: array([ 0.8474795 ,  1.06772728,  1.06772728, -9.17498914]), 21: array([0.95705  , 1.1795225, 1.1795225, 0.95705  ]), 22: array([ 1.06772728, -8.69607398,  1.29244697,  0.85172389]), 23: array([1.03091007, 1.40651209, 1.0698548 , 0.40520469]), 24: array([0.63161466, 0.52529851, 0.73900471, 0.52529851]), 25: array([ 0.63161466, -9.27031502,  0.8474795 ,  0.63161466]), 26: array([ 0.73900471,  0.73900471,  0.95705   , -9.23268619]), 27: array([0.8474795 , 0.8474795 , 1.06772728, 0.8474795 ]), 28: array([ 0.95705   , -9.18968378,  1.1795225 ,  0.95705   ]), 29: array([ 1.06772728,  1.29244697, -9.0362716 ,  1.06772728]), 30: array([0.72036654, 0.97346303, 0.83807701, 0.47565065]), 31: array([-9.00624065,  1.52172939,  1.38075867,  1.2393337 ]), 32: array([ 0.52529851,  0.42004553, -9.27031502,  0.63161466]), 33: array([0.59112891, 0.73705554, 0.39391504, 0.1211173 ]), 34: array([-9.27031502, -9.20846583,  0.8474795 ,  0.8474795 ]), 35: array([ 0.73900471,  0.73900471, -9.18968378,  0.95705   ]), 36: array([0.48588972, 0.66052616, 0.81850123, 0.39864299]), 37: array([-9.18968378, -9.03957329,  1.40651209,  1.1795225 ]), 38: array([ 1.29244697,  1.52172939,  1.52172939, -9.0362716 ]), 39: array([1.40651209, 1.63811049, 1.52172939, 1.40651209]), 40: array([0.27912993, 0.06710425, 0.15348315, 0.52529851]), 41: array([ 0.36126391,  0.02790943, -5.03406027, -4.2063218 ]), 42: array([0.79952947, 0.58404193, 0.74799413, 0.79271217]), 43: array([-6.9008655 ,  0.28192251,  0.42822359,  0.8474795 ]), 44: array([ 0.66754053, -1.21432245, -1.65208944, -2.34757133]), 45: array([0.23287597, 0.97012799, 0.5593807 , 0.13495198]), 46: array([-9.03957329,  1.63811049,  1.63811049,  1.40651209]), 47: array([1.52172939, 1.75566716, 1.63811049, 1.52172939]), 48: array([0.0347059 , 0.02590407, 0.03776637, 0.27857166]), 49: array([ 0.07476223,  0.07526647, -2.38058255,  0.06671032]), 50: array([3.02272807e-04, 9.99665192e-01, 6.48415025e-01, 4.66414300e-01]), 51: array([-0.24238992,  0.60172262, -0.54958175,  0.10787906]), 52: array([0.67757559, 0.33808623, 0.06741556, 0.44181487]), 53: array([-9.32917733,  1.63810133,  1.63811049, -9.03956968]), 54: array([1.52172939, 1.75566716, 1.75566716, 1.52172939]), 55: array([1.63811049, 1.87441127, 1.75566716, 1.63811049]), 56: array([0.06932827, 0.07570702, 0.07927905, 0.06747091]), 57: array([0.08007636, 0.13328672, 0.20188679, 0.14197368]), 58: array([-0.29953929,  0.18327458,  0.43411247, -4.87668605]), 59: array([0.24131586, 0.1982635 , 1.08400947, 0.15820973]), 60: array([ 0.25846621,  0.65365025,  1.63810194, -5.55727296]), 61: array([1.52162885, 1.63810623, 1.75566716, 1.52172939]), 62: array([1.63811049, 1.75566716, 1.87441127, 1.63811049]), 63: array([0.18604509, 0.88324371, 0.82690831, 0.02219469])}"
11,0.6000000000000001,28.829198837280273,1.0000000000000007,"[1, 1, 1, 1, 1, 1, 1, 2, 2, 2, 2, 2, 2, 2]","{0: array([0.18356601, 0.28643032, 0.28643032, 0.18356601]), 1: array([ 0.18356601,  0.39033365, -9.33798446,  0.28643032]), 2: array([0.58283925, 0.28237962, 0.66870256, 0.36074753]), 3: array([0.97509746, 0.14975788, 0.21991366, 0.53493999]), 4: array([-1.16452982,  0.44331892,  0.42930679,  0.43849294]), 5: array([0.39971616, 0.61660819, 0.39058286, 0.06298558]), 6: array([ 0.37081361,  0.46819463, -7.124057  ,  0.37179611]), 7: array([0.73774196, 0.65524959, 0.22926894, 0.85230118]), 8: array([0.28643032, 0.39033365, 0.39033365, 0.18356601]), 9: array([0.28643032, 0.49528652, 0.49528652, 0.28643032]), 10: array([ 0.3649476 , -8.9392911 ,  0.60129951, -9.13487607]), 11: array([ 0.48012066,  0.70838335, -8.88613053, -8.90810884]), 12: array([0.3899797 , 0.75526284, 0.51657663, 0.86306911]), 13: array([-6.51922928,  0.92580682,  0.52854283,  0.31811331]), 14: array([0.8163429 , 0.36675873, 0.31199934, 0.32853718]), 15: array([ 0.39502547,  0.31306962,  0.33169363, -3.54676217]), 16: array([0.39033365, 0.49528652, 0.49528652, 0.28643032]), 17: array([ 0.39033365,  0.60129951, -9.10075716,  0.39033365]), 18: array([0.8711969 , 0.9083261 , 0.23312684, 0.81700108]), 19: array([-9.09671364,  0.81226325,  0.81654884,  0.60114636]), 20: array([ 0.70825725,  0.92561576,  0.92580691, -9.13823159]), 21: array([0.81651291, 1.03616859, 0.59288433, 0.81638621]), 22: array([ 0.5469794 , -5.96836825,  0.26826795,  0.7060043 ]), 23: array([ 0.33199149, -0.33776236,  0.27225745,  0.28859945]), 24: array([0.49528652, 0.60129951, 0.60129951, 0.39033365]), 25: array([ 0.49528652, -9.03379399,  0.70838335,  0.49528652]), 26: array([ 0.60129951,  0.81654884,  0.81654884, -9.10075716]), 27: array([0.70838335, 0.92580691, 0.92580691, 0.70838335]), 28: array([ 0.81654884, -9.41707194,  1.03616859,  0.81654884]), 29: array([ 0.92580691,  1.14764504, -9.24814959,  0.92580691]), 30: array([0.2584311 , 0.34439576, 0.75944486, 0.67821521]), 31: array([-3.34937323,  1.09036576,  0.42547812,  0.39386712]), 32: array([ 0.60129951,  0.70838335, -9.03379399,  0.49528652]), 33: array([0.97596567, 0.81141974, 0.33224177, 0.24848413]), 34: array([-9.03379393, -9.12374326,  0.92580691,  0.70838335]), 35: array([ 0.81654884,  1.03616859, -9.41707194,  0.81654884]), 36: array([0.08977085, 0.08123323, 0.58881623, 0.09032163]), 37: array([-9.41707194, -9.09631009,  1.26024752,  1.03616859]), 38: array([ 1.14764504,  1.37398739,  1.36858761, -9.24814959]), 39: array([1.26024752, 1.48833734, 0.97960215, 0.76061558]), 40: array([0.70838335, 0.81654884, 0.81654884, 0.60129951]), 41: array([ 0.70838335,  0.92580691, -9.12374356, -9.03379399]), 42: array([0.88510751, 0.41857196, 0.12266952, 0.6970274 ]), 43: array([-9.12374356,  1.14764504,  0.92580691,  0.92580691]), 44: array([ 1.03616859, -7.89389987, -7.62826885, -8.37225095]), 45: array([0.91281809, 0.13533237, 0.37392359, 0.85832074]), 46: array([-9.09631009,  1.48887615,  1.48887615,  1.26024752]), 47: array([1.37398739, 1.60492541, 1.4284518 , 1.24980621]), 48: array([0.81654884, 0.92580691, 0.92580691, 0.70838335]), 49: array([ 0.81654884,  1.03616859, -9.13689616,  0.81654884]), 50: array([0.87182206, 0.29628616, 0.80736608, 0.69735931]), 51: array([-9.13689616,  1.26024752, -9.40555751,  1.03616859]), 52: array([0.21735895, 0.60044696, 0.11709586, 0.5520322 ]), 53: array([-9.40555751,  1.48887615,  1.48887615, -9.09631009]), 54: array([1.37398739, 1.60492541, 1.60492541, 1.37398739]), 55: array([1.48887615, 1.72214688, 1.60492541, 1.48887523]), 56: array([0.92580691, 0.92580691, 1.03616859, 0.81654884]), 57: array([0.92580691, 1.03616859, 1.14764504, 0.92580691]), 58: array([ 1.03616859,  1.14764504,  1.26024752, -9.13689616]), 59: array([1.14764504, 1.26024752, 1.37398739, 1.14764504]), 60: array([ 1.26024752,  1.37398739,  1.48887615, -9.40555751]), 61: array([1.37398739, 1.48887615, 1.60492541, 1.37398739]), 62: array([1.48887615, 1.60492541, 1.72214688, 1.48887615]), 63: array([0.20518159, 0.0235006 , 0.72944129, 0.04334237])}"
12,0.6500000000000001,30.131335973739624,1.0000000000000007,"[1, 1, 1, 1, 1, 1, 1, 2, 2, 2, 2, 2, 2, 2]","{0: array([0.34028446, 0.44473178, 0.23688161, 0.34028446]), 1: array([ 0.34028446,  0.34028446, -9.1682911 ,  0.23688161]), 2: array([0.80515207, 0.84011   , 0.45898848, 0.78230092]), 3: array([0.16216351, 0.02558966, 0.76853298, 0.69840772]), 4: array([-0.20578922, -0.07010068,  0.35851999,  0.01017688]), 5: array([0.34459277, 0.34313672, 0.34136045, 0.34801317]), 6: array([ 0.34885555,  0.36025385, -1.29453002,  0.35314564]), 7: array([0.3097705 , 0.61203565, 0.58435724, 0.94361123]), 8: array([0.44473178, 0.55023412, 0.34028446, 0.34028446]), 9: array([0.44473178, 0.44473178, 0.23688161, 0.23688161]), 10: array([ 0.34028446, -8.93225361,  0.01838865, -8.77620749]), 11: array([ 0.08679792,  0.15676351, -6.59905059, -5.74619372]), 12: array([0.10999444, 0.77665892, 0.90524952, 0.3595925 ]), 13: array([-2.50916495,  0.40587699,  0.35145774,  0.35141385]), 14: array([0.35668488, 0.34603332, 0.34749449, 0.35653734]), 15: array([ 0.33445903,  0.33102068,  0.33458984, -1.46347065]), 16: array([0.55023412, 0.65680214, 0.44473178, 0.44473178]), 17: array([ 0.55023412,  0.55023412, -9.18363869,  0.34028446]), 18: array([0.82460739, 0.29394646, 0.2953824 , 0.08418406]), 19: array([-7.15838024,  0.17933984,  0.33655204,  0.15502659]), 20: array([ 0.17872946,  0.22607116,  0.55204896, -4.3702765 ]), 21: array([0.23711116, 0.80258261, 0.32842521, 0.31396307]), 22: array([ 0.31175848, -3.42876401,  0.31659014,  0.23854453]), 23: array([0.31706956, 0.3192048 , 0.28245322, 0.31916561]), 24: array([0.65680214, 0.76444661, 0.55023412, 0.55023412]), 25: array([ 0.65680214, -9.17066863,  0.44473178,  0.44473178]), 26: array([ 0.55023412,  0.16628135,  0.21271252, -7.23320676]), 27: array([0.40150626, 0.15134362, 0.14545226, 0.15192664]), 28: array([ 0.17274133, -3.29516513,  0.1765569 ,  0.23679683]), 29: array([ 0.18737493,  1.05006602, -1.31220551,  0.36188331]), 30: array([0.9359311 , 0.5820782 , 0.5168546 , 0.24499186]), 31: array([-4.81063691,  0.28218853,  0.28385415,  0.28297849]), 32: array([ 0.76444661,  0.87317839, -9.17066863,  0.65680214]), 33: array([0.83770845, 0.58252229, 0.16910117, 0.5159166 ]), 34: array([-2.84608958, -2.01300247,  0.14189649,  0.36509862]), 35: array([ 0.14944365,  0.82286012, -5.1192593 ,  0.14690863]), 36: array([0.55226723, 0.08568197, 0.29869616, 0.8374988 ]), 37: array([-3.51394312, -2.17645491,  1.31348852,  0.52713263]), 38: array([ 0.51673352,  1.52508251,  0.41659767, -3.1614999 ]), 39: array([ 0.6131166 ,  0.20393024, -0.4215682 ,  0.26628389]), 40: array([0.87317839, 0.98300847, 0.98300847, 0.76444661]), 41: array([ 0.87317839,  1.09394795, -9.29153869, -9.17066863]), 42: array([0.71561748, 0.1349418 , 0.40329158, 0.55623137]), 43: array([-8.77803376,  1.31920003,  0.3809368 ,  0.35260645]), 44: array([ 0.85499906, -1.69187741, -1.19262297, -3.04746227]), 45: array([0.99946036, 0.36049299, 0.40406818, 0.33933849]), 46: array([-7.49180457,  1.66568247,  0.97230563,  1.02674148]), 47: array([0.40801946, 1.47831612, 0.65903657, 0.40211216]), 48: array([0.98300847, 1.09394795, 1.09394795, 0.87317839]), 49: array([ 0.98300847,  1.20600803, -9.27925336,  0.98300847]), 50: array([0.45105886, 0.68838618, 0.72802691, 0.08209027]), 51: array([-9.27925336,  1.43353539, -9.173879  ,  1.20600803]), 52: array([0.0114567 , 0.6217996 , 0.83446566, 0.61684817]), 53: array([-9.173879  ,  1.66568247,  1.66568247, -9.01053424]), 54: array([1.54902564, 1.78351765, 1.69915959, 1.54902564]), 55: array([1.66568247, 1.87785394, 1.28506031, 0.84622145]), 56: array([1.09394795, 1.09394795, 1.20600803, 0.98300847]), 57: array([1.09394795, 1.20600803, 1.31920003, 1.09394795]), 58: array([ 1.20600803,  1.31920003,  1.43353539, -9.27925336]), 59: array([1.31920003, 1.43353539, 1.54902564, 1.31920003]), 60: array([ 1.43353539,  1.54902564,  1.66568247, -9.173879  ]), 61: array([1.54902564, 1.66568247, 1.78351765, 1.54902564]), 62: array([1.66568247, 1.78351765, 1.90254308, 1.66568247]), 63: array([0.68531656, 0.91165967, 0.88839061, 0.21929559])}"
13,0.7000000000000001,27.032862186431885,1.0000000000000007,"[1, 1, 1, 2, 2, 2, 2, 2, 1, 2, 1, 1, 1, 2]","{0: array([0.09761851, 0.19961466, 0.19961466, 0.09761851]), 1: array([ 0.09761851,  0.30264107, -9.54839826,  0.19961466]), 2: array([0.41826966, 0.38248414, 0.13014201, 0.45616337]), 3: array([0.57658829, 0.54126646, 0.43754366, 0.59940665]), 4: array([-1.97863193, -1.206714  ,  0.44888752,  0.45107035]), 5: array([0.47113009, 0.53365428, 0.46528668, 0.45064507]), 6: array([ 0.44284976,  0.19492799, -0.85501905,  0.43984996]), 7: array([0.20097019, 0.68216183, 0.33114761, 0.78986785]), 8: array([0.19961466, 0.30264107, 0.30264107, 0.09761851]), 9: array([0.19961466, 0.40670815, 0.40670815, 0.19961466]), 10: array([ 0.30264107, -9.23788824,  0.51182641, -9.54839826]), 11: array([ 0.40670815,  0.61800648, -9.01352377, -9.40658742]), 12: array([0.69961006, 0.99644064, 0.75807522, 0.92225267]), 13: array([-7.19738687,  0.58188618,  0.81368329,  0.35016767]), 14: array([0.45309152, 0.93831035, 0.38396961, 0.36462778]), 15: array([ 0.24032869,  0.86798497,  0.13391825, -0.55440001]), 16: array([0.30264107, 0.40670815, 0.40670815, 0.19961466]), 17: array([ 0.30264107,  0.51182641, -9.23788824,  0.30264107]), 18: array([0.76980985, 0.42245442, 0.22822533, 0.46546363]), 19: array([-9.23788824,  0.72525907,  0.72525907,  0.51182641]), 20: array([ 0.61800648,  0.83359502,  0.83359502, -9.01352377]), 21: array([0.72525907, 0.94302527, 0.9394313 , 0.67804267]), 22: array([ 0.83359502, -8.65206245,  1.05353046,  0.5995477 ]), 23: array([0.51948499, 1.16521161, 0.41847116, 0.4372269 ]), 24: array([0.40670815, 0.30264107, 0.51182641, 0.30264107]), 25: array([ 0.40670815, -9.22508427,  0.61800648,  0.40670815]), 26: array([ 0.51182641,  0.51182641,  0.72525907, -9.23788824]), 27: array([0.61800648, 0.61800648, 0.83359502, 0.61800648]), 28: array([ 0.72525907, -9.3903579 ,  0.94302527,  0.72525907]), 29: array([ 0.83359502,  1.05356088, -9.01258088,  0.83359502]), 30: array([0.03850648, 0.65817747, 0.5638853 , 0.99739305]), 31: array([-8.03525273,  1.27799294,  0.99595577,  0.82849944]), 32: array([ 0.30264107,  0.19961466, -9.22508427,  0.40670815]), 33: array([0.71887043, 0.78274316, 0.06775438, 0.21828697]), 34: array([-9.22508427, -9.01155137,  0.61800648,  0.61800648]), 35: array([ 0.51182641,  0.51182641, -9.3903579 ,  0.72525907]), 36: array([0.55171986, 0.498616  , 0.6158001 , 0.06054381]), 37: array([-9.3903579 , -9.06975558,  1.16521301,  0.94302527]), 38: array([ 1.05356088,  1.27799294,  1.27799294, -9.01258088]), 39: array([1.16521301, 1.39191206, 1.27799294, 1.16521301]), 40: array([0.17126591, 0.05738025, 0.05522817, 0.30264107]), 41: array([ 0.17036355,  0.08728711, -4.26892393, -4.50200647]), 42: array([0.99843296, 0.22280868, 0.65210414, 0.35880097]), 43: array([-8.37336684,  0.36077173,  0.37943817,  0.61800648]), 44: array([ 0.503703  , -1.92306971, -1.05351286, -1.99945943]), 45: array([0.43715378, 0.58787442, 0.93964082, 0.21165254]), 46: array([-9.06975558,  1.39191206,  1.39191206,  1.16521301]), 47: array([1.27799294, 1.50698188, 1.39191206, 1.27799294]), 48: array([0.11485297, 0.12112964, 0.10087825, 0.16338013]), 49: array([ 0.09499653, -0.19647984, -4.61908785,  0.09743489]), 50: array([0.56579236, 0.75395365, 0.0711019 , 0.84770357]), 51: array([-1.8910672 ,  0.32586192, -0.69627601,  0.49022124]), 52: array([0.62915419, 0.62274691, 0.6217114 , 0.41048586]), 53: array([-9.37713708,  1.39191129,  1.39191206, -9.06975551]), 54: array([1.27799294, 1.50698188, 1.50698188, 1.27799294]), 55: array([1.39191206, 1.62321402, 1.50698188, 1.39191206]), 56: array([0.18409782, 0.18105068, 0.18409538, 0.17771272]), 57: array([0.25481895, 0.25750566, 0.25438223, 0.21591726]), 58: array([ 0.32205954,  0.30262663,  0.42321582, -4.89156155]), 59: array([ 0.1492889 , -0.12351258,  1.01195199,  0.2994296 ]), 60: array([ 0.61244972,  0.54391935,  1.39190862, -6.73824649]), 61: array([1.27796158, 1.39191198, 1.50698188, 1.27799294]), 62: array([1.39191206, 1.50698188, 1.62321402, 1.39191206]), 63: array([0.47050184, 0.02245172, 0.62950911, 0.13255331])}"
14,0.7500000000000001,27.625375270843506,1.0000000000000007,"[1, 1, 1, 1, 1, 1, 1, 2, 2, 2, 2, 2, 2, 2]","{0: array([0.18882218, 0.29173957, 0.29173957, 0.18882218]), 1: array([ 0.18882218,  0.39569654, -9.17876003,  0.29173957]), 2: array([0.15564879, 0.82953532, 0.1017212 , 0.05280128]), 3: array([0.5431244 , 0.83407895, 0.39453693, 0.97246837]), 4: array([-0.07834995, -1.79374755,  0.24284844,  0.04865364]), 5: array([0.11887873, 0.82210604, 0.22848335, 0.16314341]), 6: array([ 0.69950353,  0.22294977, -6.42745776,  0.18547652]), 7: array([3.78238085e-01, 6.99477921e-01, 8.12271861e-05, 4.04291498e-01]), 8: array([0.29173957, 0.39569654, 0.39569654, 0.18882218]), 9: array([0.29173957, 0.50070357, 0.50070357, 0.29173957]), 10: array([ 0.39569654, -9.14819624,  0.60677129, -9.17876003]), 11: array([ 0.50070357,  0.71391039, -9.04105411, -9.03725632]), 12: array([0.77245221, 0.01798827, 0.24424676, 0.96863221]), 13: array([-9.00483542,  0.93144617,  0.93049018,  0.71066736]), 14: array([0.81740998, 1.02813619, 1.04186482, 0.55374503]), 15: array([ 0.9314149 ,  1.15339881,  1.04183171, -9.3066528 ]), 16: array([0.39569654, 0.50070357, 0.50070357, 0.29173957]), 17: array([ 0.39569654,  0.60677129, -9.14819624,  0.39569654]), 18: array([0.54540621, 0.65991114, 0.86040784, 0.70673097]), 19: array([-9.14819624,  0.82213171,  0.82213171,  0.60677129]), 20: array([ 0.71391039,  0.93144617,  0.93144617, -9.04105411]), 21: array([0.82213171, 1.04186482, 1.04186482, 0.82213171]), 22: array([ 0.93144617, -9.08089455,  1.15339881,  0.93144617]), 23: array([1.04186482, 1.2660594 , 1.15339881, 1.04186482]), 24: array([0.50070357, 0.60677129, 0.60677129, 0.39569654]), 25: array([ 0.50070357, -9.13238214,  0.71391039,  0.50070357]), 26: array([ 0.60677129,  0.60677129,  0.82213171, -9.14819624]), 27: array([0.71391039, 0.71391039, 0.93144617, 0.71391039]), 28: array([ 0.82213171, -9.30198221,  1.04186482,  0.82213171]), 29: array([ 0.93144617,  1.15339881, -9.08089455,  0.93144617]), 30: array([0.40242341, 0.69576722, 0.92838934, 0.2454005 ]), 31: array([-9.08089455,  1.37985798,  1.2660594 ,  1.15339881]), 32: array([ 0.60677129,  0.71391039, -9.13238214,  0.50070357]), 33: array([0.19322097, 0.87638168, 0.37217428, 0.15283448]), 34: array([-9.13213804, -9.30811672,  0.71391039,  0.71355707]), 35: array([ 0.60677128,  0.60677123, -9.30198219,  0.82213171]), 36: array([0.24125211, 0.70506847, 0.42299239, 0.56956974]), 37: array([-9.30198221, -9.40806851,  1.2660594 ,  1.04186482]), 38: array([ 1.15339881,  1.37985798,  1.37985798, -9.08089455]), 39: array([1.2660594 , 1.49480604, 1.37985798, 1.2660594 ]), 40: array([0.71391039, 0.82213171, 0.82213171, 0.60677129]), 41: array([ 0.71391018,  0.93144617, -9.3123889 , -9.13234142]), 42: array([0.69455273, 0.01992062, 0.30918527, 0.65016048]), 43: array([-8.06001630e+00,  4.50764771e-01,  5.28004004e-04,  7.13910391e-01]), 44: array([ 0.26449177, -2.5874553 , -1.92511189, -0.19984779]), 45: array([0.02348124, 0.26483382, 0.5979106 , 0.2339296 ]), 46: array([-9.40806851,  1.49480604,  1.49480604,  1.2660594 ]), 47: array([1.37985798, 1.61091519, 1.49480604, 1.37985798]), 48: array([0.82213171, 0.93144617, 0.93144617, 0.71391039]), 49: array([ 0.82213171,  1.04186482, -9.14995051,  0.82213171]), 50: array([0.68034136, 0.85863585, 0.63792071, 0.73230604]), 51: array([-9.14962823,  1.2660594 , -9.13911182,  0.60673485]), 52: array([0.11608381, 0.869358  , 0.78474355, 0.75171098]), 53: array([-9.13933352,  1.49480572,  1.49480604, -9.408068  ]), 54: array([1.37985798, 1.61091519, 1.61091519, 1.37985798]), 55: array([1.49480604, 1.72819716, 1.61091519, 1.49480604]), 56: array([0.93144617, 0.93144617, 1.04186482, 0.82213171]), 57: array([0.93144617, 1.04186482, 1.15339881, 0.93144617]), 58: array([ 1.04186482,  1.15339881,  1.2660594 , -9.14995051]), 59: array([1.15339881, 1.2660594 , 1.37985798, 1.15339881]), 60: array([ 1.2660594 ,  1.37985798,  1.49480604, -9.13933558]), 61: array([1.37985798, 1.49480604, 1.61091519, 1.37985798]), 62: array([1.49480604, 1.61091519, 1.72819716, 1.49480604]), 63: array([0.72098633, 0.56600281, 0.73555269, 0.40706784])}"
15,0.8,28.415810585021973,1.0000000000000007,"[1, 1, 1, 1, 1, 1, 1, 2, 2, 2, 2, 2, 2, 2]","{0: array([0.10224663, 0.20428953, 0.20428953, 0.10224663]), 1: array([ 0.10224663,  0.30736316, -9.04029549,  0.20428953]), 2: array([0.96939849, 0.17980823, 0.16463696, 0.86326685]), 3: array([0.54467354, 0.56758942, 0.36608217, 0.22476717]), 4: array([-4.12193457, -0.66051591,  0.16934058,  0.10885852]), 5: array([0.17540646, 0.17090421, 0.14812264, 0.17144485]), 6: array([ 0.1292819 ,  0.2147011 , -3.31661893,  0.24130288]), 7: array([0.22946942, 0.32716704, 0.954224  , 0.78459037]), 8: array([0.20428953, 0.30736316, 0.30736316, 0.10224663]), 9: array([0.20428953, 0.41147794, 0.41147794, 0.20428953]), 10: array([ 0.30736316, -9.41757442,  0.51664438, -9.04029549]), 11: array([ 0.41147794,  0.62287311, -9.03272244, -9.43808647]), 12: array([0.93466535, 0.71668743, 0.97704804, 0.88949471]), 13: array([-6.67242195,  0.17543674,  0.17787081,  0.17242665]), 14: array([0.20142703, 0.21437993, 0.22039014, 0.21711648]), 15: array([ 0.25680225,  0.29181031,  0.24790953, -2.03167526]), 16: array([0.30736316, 0.41147794, 0.41147794, 0.20428953]), 17: array([ 0.30736316,  0.51664438, -9.41757442,  0.30736316]), 18: array([0.22176797, 0.17909668, 0.58830867, 0.45870955]), 19: array([-9.41757442,  0.73017486,  0.73007383,  0.51664438]), 20: array([ 0.62287311,  0.83854537,  0.66933051, -8.71313644]), 21: array([ 0.22239451,  0.94366968, -0.19926424,  0.11869663]), 22: array([ 0.23159387, -4.11926562,  0.26460055,  0.23290714]), 23: array([ 0.28067509,  0.60957661,  0.28056318, -0.44063615]), 24: array([0.41147794, 0.51664438, 0.51664438, 0.30736316]), 25: array([ 0.41147794, -9.03218924,  0.62287311,  0.41147794]), 26: array([ 0.51664438,  0.73017486,  0.73017486, -9.41757442]), 27: array([0.62287311, 0.83856047, 0.83856047, 0.62287311]), 28: array([ 0.71842333, -8.93419942,  0.94804087,  0.54927205]), 29: array([ 0.81448587,  1.05862715, -8.69059003,  0.77386961]), 30: array([0.97690892, 0.95950809, 0.14733124, 0.26010189]), 31: array([-4.79221796,  1.24209688,  0.52765032,  0.3367759 ]), 32: array([ 0.51664438,  0.62287311, -9.03218924,  0.41147794]), 33: array([0.15212933, 0.89807561, 0.90001873, 0.97758662]), 34: array([-9.03218924, -9.06478069,  0.83856047,  0.62287311]), 35: array([ 0.73017486,  0.94804087, -9.0360973 ,  0.73017486]), 36: array([0.97363909, 0.20658495, 0.05747697, 0.74177761]), 37: array([-8.91755881, -9.18063038,  1.17033045,  0.92140453]), 38: array([ 1.03129142,  1.21814716,  1.28316207, -8.82242672]), 39: array([1.13209412, 1.39713341, 1.25177066, 1.00954617]), 40: array([0.62287311, 0.73017486, 0.73017486, 0.51664438]), 41: array([ 0.62287311,  0.83856047, -9.06478069, -9.03218924]), 42: array([0.18244418, 0.94466597, 0.69044149, 0.22391073]), 43: array([-9.06478069,  1.05862715,  0.83856047,  0.83856047]), 44: array([ 0.94804087, -9.21700436, -9.4209492 , -9.01989107]), 45: array([0.53068112, 0.44290549, 0.22487602, 0.3091288 ]), 46: array([-8.40368242,  1.20253557,  1.39713341,  1.09053841]), 47: array([1.27969696, 1.51225596, 1.39358424, 1.27986193]), 48: array([0.73017486, 0.83856047, 0.83856047, 0.62287311]), 49: array([ 0.73017486,  0.94804087, -9.01492146,  0.73017486]), 50: array([0.25390154, 0.75393939, 0.99502883, 0.2205258 ]), 51: array([-9.01492146,  1.17033045, -9.26672132,  0.94804087]), 52: array([0.74068554, 0.5356314 , 0.68769569, 0.47796435]), 53: array([-9.26672132,  1.39713341,  1.3971334 , -9.47462569]), 54: array([1.28316207, 1.51225596, 1.51225596, 1.28316207]), 55: array([1.39713341, 1.62854138, 1.51225596, 1.39713341]), 56: array([0.83856047, 0.83856047, 0.94804087, 0.73017486]), 57: array([0.83856047, 0.94804087, 1.05862715, 0.83856047]), 58: array([ 0.94804087,  1.05862715,  1.17033045, -9.01492146]), 59: array([1.05862715, 1.17033045, 1.28316207, 1.05862715]), 60: array([ 1.17033045,  1.28316207,  1.39713341, -9.26672132]), 61: array([1.28316207, 1.39713341, 1.51225596, 1.28316207]), 62: array([1.39713341, 1.51225596, 1.62854138, 1.39713341]), 63: array([0.31101991, 0.55232769, 0.63489028, 0.54054823])}"
16,0.8500000000000001,28.460098028182983,1.0000000000000007,"[1, 1, 1, 1, 1, 1, 1, 2, 2, 2, 2, 2, 2, 2]","{0: array([0.29146546, 0.39541966, 0.39541966, 0.29146546]), 1: array([ 0.29146546,  0.5004239 , -9.09435737,  0.39541966]), 2: array([0.91479053, 0.90529573, 0.17534305, 0.14452964]), 3: array([0.52748214, 0.66983457, 0.8044181 , 0.35867212]), 4: array([-3.12659763, -0.72506191,  0.2493137 ,  0.24591728]), 5: array([0.24161563, 0.22715425, 0.05543575, 0.24483544]), 6: array([ 0.62720911,  0.6055408 , -1.14821676,  0.64982741]), 7: array([0.44921126, 0.39662779, 0.60318642, 0.94721482]), 8: array([0.39541966, 0.5004239 , 0.5004239 , 0.29146546]), 9: array([0.39541966, 0.60648879, 0.60648879, 0.39541966]), 10: array([ 0.5004239 , -9.10839782,  0.71362504, -9.09435737]), 11: array([ 0.60648879,  0.82184347, -9.17631873, -9.20362608]), 12: array([0.02567624, 0.11451283, 0.83200128, 0.05376474]), 13: array([-3.6212915 ,  0.23139779,  0.22322772,  0.21887441]), 14: array([0.24327466, 0.25016649, 0.249779  , 0.19385593]), 15: array([ 0.30062335,  0.17512245,  0.29277157, -2.18671616]), 16: array([0.5004239 , 0.60648879, 0.60648879, 0.39541966]), 17: array([ 0.5004239 ,  0.71362504, -9.10839782,  0.5004239 ]), 18: array([0.90060826, 0.25245288, 0.51855057, 0.36121085]), 19: array([-9.10839782,  0.93115502,  0.71362504,  0.71362504]), 20: array([ 0.82184347,  0.73846234,  0.25780706, -8.23317035]), 21: array([0.21672519, 0.45095226, 0.22902907, 0.22237508]), 22: array([ 0.26768393, -3.69236761,  0.26224924,  0.25477636]), 23: array([0.25677381, 0.26100013, 0.26007571, 0.2669575 ]), 24: array([0.60648879, 0.71362504, 0.71362504, 0.5004239 ]), 25: array([ 0.60648879, -9.1659549 ,  0.82184347,  0.60648879]), 26: array([ 0.71362504,  0.93115502,  0.93115502, -9.10839782]), 27: array([0.82184347, 1.04157073, 0.82184347, 0.82184347]), 28: array([ 0.93115502, -8.34766063,  0.55030908,  0.58329521]), 29: array([ 0.42264574,  0.86056047, -2.70438851,  0.2752992 ]), 30: array([0.44449004, 0.1511641 , 0.00914684, 0.55667257]), 31: array([-4.34694573,  0.13106353,  0.27832569,  0.2815016 ]), 32: array([ 0.71362504,  0.82184347, -9.1659549 ,  0.60648879]), 33: array([0.8424698 , 0.82958121, 0.80103824, 0.16675   ]), 34: array([-9.1659549 , -9.10174213,  1.04157073,  0.82184347]), 35: array([ 0.93115502,  1.15310175, -9.03178115,  0.93115502]), 36: array([0.97799884, 0.62329991, 0.06411862, 0.29437318]), 37: array([-2.9816168 , -1.22655481,  1.17642944,  0.59680162]), 38: array([ 0.08693581,  1.48563325,  0.67277725, -3.54732891]), 39: array([0.20658517, 0.89161256, 0.69057528, 0.48239873]), 40: array([0.82184347, 0.93115502, 0.93115502, 0.71362504]), 41: array([ 0.82184347,  1.04157073, -9.10174213, -9.1659549 ]), 42: array([0.90733118, 0.77528182, 0.64118815, 0.44235823]), 43: array([-9.10174213,  1.26575934,  1.04157073,  1.04157073]), 44: array([ 1.15310175, -9.24773403, -9.58502815, -9.01734216]), 45: array([0.3378091 , 0.37867298, 0.41411642, 0.15709535]), 46: array([-8.44580851,  1.61060595,  1.06832654,  1.28088099]), 47: array([1.46713595, 0.39284318, 0.85865091, 0.33462819]), 48: array([0.93115502, 1.04157073, 1.04157073, 0.82184347]), 49: array([ 0.93115502,  1.15310175, -9.44555338,  0.93115502]), 50: array([0.56004709, 0.03002948, 0.36638777, 0.18630303]), 51: array([-9.44555338,  1.37955489, -9.29552557,  1.15310175]), 52: array([0.45765351, 0.70764471, 0.71159033, 0.36441309]), 53: array([-9.29552557,  1.61060594,  1.61060595, -9.59002475]), 54: array([1.49449989, 1.72788479, 1.72788479, 1.49449989]), 55: array([1.52915621, 1.84634828, 1.62188127, 0.93753611]), 56: array([1.04157073, 1.04157073, 1.15310175, 0.93115502]), 57: array([1.04157073, 1.15310175, 1.26575934, 1.04157073]), 58: array([ 1.15310175,  1.26575934,  1.37955489, -9.44555338]), 59: array([1.26575934, 1.37955489, 1.49449989, 1.26575934]), 60: array([ 1.37955489,  1.49449989,  1.61060595, -9.29552557]), 61: array([1.49449989, 1.61060595, 1.72788479, 1.49449989]), 62: array([1.61060595, 1.72788479, 1.84634828, 1.61060595]), 63: array([0.27052256, 0.14030303, 0.85489725, 0.11216164])}"
17,0.9000000000000001,29.060564517974854,1.0000000000000007,"[1, 1, 1, 1, 1, 1, 1, 2, 2, 2, 2, 2, 2, 2]","{0: array([0.40272251, 0.50780051, 0.50780051, 0.40272251]), 1: array([ 0.40272251,  0.61393991, -9.61300524,  0.50780051]), 2: array([0.01040994, 0.19941637, 0.21090245, 0.3909038 ]), 3: array([0.38316385, 0.46229805, 0.40548132, 0.96416744]), 4: array([-0.01232943,  0.1225962 ,  0.36471919,  0.05585523]), 5: array([ 0.21467311,  0.23828832,  0.22466482, -0.48307739]), 6: array([ 0.23947958,  0.234748  , -5.64329173,  0.23970822]), 7: array([0.83496375, 0.09160894, 0.4834751 , 0.89135178]), 8: array([0.50780051, 0.61393991, 0.61393991, 0.40272251]), 9: array([0.50780051, 0.72115143, 0.72115143, 0.50780051]), 10: array([ 0.58392944, -8.83342302,  0.82944589, -9.11382874]), 11: array([ 0.67223452,  0.93883423, -9.05046171, -8.95147562]), 12: array([0.71030052, 0.35293168, 0.05316663, 0.4999992 ]), 13: array([-0.09291696,  0.16421019,  0.20026424,  0.19913935]), 14: array([0.23916465, 0.20109421, 0.30210528, 0.2417604 ]), 15: array([ 0.31417137,  0.41881261,  0.04353793, -1.58826231]), 16: array([0.61393991, 0.72115143, 0.72115143, 0.50780051]), 17: array([ 0.61393991,  0.82944589, -9.05184623,  0.61393991]), 18: array([0.95773108, 0.34190709, 0.89245413, 0.85262812]), 19: array([-9.01418282,  1.0493275 ,  0.76371179,  0.81815118]), 20: array([ 0.92577775,  0.52868727,  0.07204887, -5.99083932]), 21: array([0.13803946, 0.2223032 , 0.13121694, 0.13688236]), 22: array([ 0.18985092, -3.82459833, -0.26688589,  0.19391889]), 23: array([0.46702935, 0.56018406, 0.4862985 , 0.47563575]), 24: array([0.72115143, 0.82944589, 0.82944589, 0.61393991]), 25: array([ 0.72115143, -9.14838994,  0.93883423,  0.72115143]), 26: array([ 0.82944589,  1.0493275 ,  1.0493275 , -9.05184623]), 27: array([0.93883423, 1.16093687, 0.93883423, 0.93883423]), 28: array([ 1.0493275 , -8.46843612,  0.41607221,  0.54972714]), 29: array([ 0.79207312,  0.17652691, -4.33661383,  0.13896767]), 30: array([0.14606073, 0.08906096, 0.78310669, 0.08857162]), 31: array([-2.99486187,  1.05029857,  0.38309747,  0.52445686]), 32: array([ 0.82944589,  0.93883423, -9.14838994,  0.72115143]), 33: array([0.07748361, 0.34526274, 0.0743899 , 0.86021219]), 34: array([-9.14838994, -9.31815689,  1.16093687,  0.93883423]), 35: array([ 1.0493275 ,  1.27367361, -9.44086924,  1.0493275 ]), 36: array([0.14437846, 0.13841948, 0.56477855, 0.30540571]), 37: array([-5.23226266, -4.81708502,  0.47268986,  0.24448096]), 38: array([ 0.25958083,  1.60582774,  0.66979012, -4.82049303]), 39: array([0.70300892, 1.73216333, 0.73375706, 0.39036482]), 40: array([0.93883423, 1.0493275 , 1.0493275 , 0.82944589]), 41: array([ 0.93883423,  1.16093687, -9.31815689, -9.14838994]), 42: array([0.68873042, 0.17159675, 0.26911283, 0.22117928]), 43: array([-9.31815689,  1.3875491 ,  1.16093687,  1.16093687]), 44: array([ 1.27367361, -9.01238034, -8.68931409, -8.90905134]), 45: array([0.2793841 , 0.37959102, 0.16065779, 0.09731954]), 46: array([-9.51793141,  1.69090175,  1.73612371,  1.43564249]), 47: array([1.61574974, 1.85467041, 1.72977212, 1.58713241]), 48: array([1.0493275 , 1.16093687, 1.16093687, 0.93883423]), 49: array([ 1.0493275 ,  1.27367361, -9.0419689 ,  1.0493275 ]), 50: array([0.42850346, 0.62644238, 0.61918987, 0.96770819]), 51: array([-9.0419689 ,  1.50257485, -9.19498953,  1.27367361]), 52: array([0.81314189, 0.55212064, 0.32230965, 0.49845958]), 53: array([-9.19498953,  1.73612371,  1.73612371, -9.62420489]), 54: array([1.61876247, 1.85467041, 1.85467041, 1.61876247]), 55: array([1.73612371, 1.97441456, 1.85467041, 1.73612371]), 56: array([1.16093687, 1.16093687, 1.27367361, 1.0493275 ]), 57: array([1.16093687, 1.27367361, 1.3875491 , 1.16093687]), 58: array([ 1.27367361,  1.3875491 ,  1.50257485, -9.0419689 ]), 59: array([1.3875491 , 1.50257485, 1.61876247, 1.3875491 ]), 60: array([ 1.50257485,  1.61876247,  1.73612371, -9.19498953]), 61: array([1.61876247, 1.73612371, 1.85467041, 1.61876247]), 62: array([1.73612371, 1.85467041, 1.97441456, 1.73612371]), 63: array([0.04985095, 0.10004738, 0.10029721, 0.98425713])}"
18,0.9500000000000001,26.48319172859192,1.0000000000000007,"[1, 1, 1, 2, 2, 1, 2, 1, 1, 1, 2, 2, 2, 2]","{0: array([0.26576847, 0.3694631 , 0.3694631 , 0.26576847]), 1: array([ 0.26576847,  0.47420515, -9.18487999,  0.3694631 ]), 2: array([0.82335355, 0.54940351, 0.44924058, 0.57522254]), 3: array([0.67868518, 0.7991387 , 0.0025465 , 0.7014956 ]), 4: array([-0.5141926 , -5.69809735,  0.40946552,  0.21370014]), 5: array([0.30215817, 0.90325379, 0.43243305, 0.51614931]), 6: array([ 0.73514821,  0.31108498, -4.08586417,  0.30384327]), 7: array([0.8038451 , 0.89752283, 0.55844795, 0.54722551]), 8: array([0.3694631 , 0.47420515, 0.47420515, 0.26576847]), 9: array([0.3694631, 0.5800052, 0.5800052, 0.3694631]), 10: array([ 0.47420515, -9.08821658,  0.68687394, -9.18487999]), 11: array([ 0.5800052 ,  0.79482217, -9.22718632, -9.20885268]), 12: array([0.78061988, 0.22052781, 0.65382249, 0.08810934]), 13: array([-9.19579217,  1.01400078,  0.9910146 ,  0.78457905]), 14: array([0.85570703, 1.12525331, 1.0071614 , 0.47347419]), 15: array([ 0.84552569,  1.23762961,  1.02594229, -8.61398465]), 16: array([0.47420515, 0.5800052 , 0.5800052 , 0.3694631 ]), 17: array([ 0.47420515,  0.68687394, -9.08821658,  0.47420515]), 18: array([0.89371784, 0.55454014, 0.59608075, 0.92099335]), 19: array([-9.08821658,  0.90386077,  0.90386077,  0.68687394]), 20: array([ 0.79482217,  1.01400078,  1.01400078, -9.22718632]), 21: array([0.90386077, 1.12525331, 1.12525331, 0.90386077]), 22: array([ 1.01400078, -9.05610797,  1.23762961,  1.01400078]), 23: array([1.12525331, 1.35114102, 1.23762961, 1.12525331]), 24: array([0.5800052 , 0.47420515, 0.68687394, 0.47420515]), 25: array([ 0.5800052 , -9.0808253 ,  0.79482217,  0.5800052 ]), 26: array([ 0.68687394,  0.90386077,  0.90386077, -9.08821658]), 27: array([0.79482217, 1.01400078, 1.01400078, 0.79482217]), 28: array([ 0.90386077, -9.1065786 ,  1.12525331,  0.90386077]), 29: array([ 1.01400078,  1.23762961, -9.05610797,  1.01400078]), 30: array([0.49716709, 0.95342629, 0.11784558, 0.83457223]), 31: array([-9.05610797,  1.46579901,  1.35114102,  1.23762961]), 32: array([ 0.47420515,  0.3694631 , -9.08082529,  0.5800052 ]), 33: array([0.46347388, 0.24053499, 0.92845929, 0.51015947]), 34: array([-9.0808253 , -9.4360466 ,  1.01400078,  0.79482217]), 35: array([ 0.90386077,  1.12525331, -9.1065786 ,  0.90386077]), 36: array([0.30651273, 0.58741332, 0.90244586, 0.25958387]), 37: array([-9.1065786 , -9.11373091,  1.35114102,  1.12525331]), 38: array([ 1.23762961,  1.46579901,  1.46579901, -9.05610797]), 39: array([1.35114102, 1.58161516, 1.46579901, 1.35114102]), 40: array([0.25005522, 0.03107683, 0.04401783, 0.47420515]), 41: array([ 0.09319586,  0.24976978, -4.3730789 , -5.35186861]), 42: array([0.5696499 , 0.34154007, 0.11368076, 0.49438584]), 43: array([-9.4360466 ,  1.23762961,  1.01400078,  1.01400078]), 44: array([ 1.12525331, -9.16097852, -9.10759068, -9.10208129]), 45: array([0.8952213 , 0.49023881, 0.19504076, 0.04103073]), 46: array([-9.11373091,  1.58161516,  1.58161516,  1.35114102]), 47: array([1.46579901, 1.69860117, 1.58161516, 1.46579901]), 48: array([0.09931495, 0.21411478, 0.10599874, 0.10054415]), 49: array([ 0.15314191,  0.68700302, -6.61255293,  0.09635672]), 50: array([0.62779388, 0.69611215, 0.16818264, 0.43680559]), 51: array([-9.31084898,  1.35114102, -9.17192557,  1.12525331]), 52: array([0.65642219, 0.69321611, 0.83643882, 0.79200718]), 53: array([-9.17188816,  1.58159182,  1.58161516, -9.11372953]), 54: array([1.46579901, 1.69860117, 1.69860117, 1.46579901]), 55: array([1.58161516, 1.81676886, 1.69860117, 1.58161516]), 56: array([0.15700439, 0.14875425, 0.79068504, 0.15466064]), 57: array([0.30903709, 0.41368492, 1.23729209, 0.2042765 ]), 58: array([ 1.11958367,  1.2374365 ,  1.35114102, -9.30164433]), 59: array([1.23762961, 1.35114102, 1.46579901, 1.23762961]), 60: array([ 1.35114102,  1.46579901,  1.58161516, -9.17192557]), 61: array([1.46579901, 1.58161516, 1.69860117, 1.46579901]), 62: array([1.58161516, 1.69860117, 1.81676886, 1.58161516]), 63: array([0.82501905, 0.77036643, 0.23373429, 0.43102616])}"
