,gammas,time,average_score,policy,q_map
0,0.05,33.31251549720764,1.0000000000000007,"[1, 1, 1, 1, 1, 1, 1, 2, 2, 2, 2, 2, 2, 2]","{0: array([-0.10526316, -0.10526316, -0.10526316, -0.10526316]), 1: array([-0.10526316, -0.10526316, -9.95553968, -0.10526316]), 2: array([0.88920642, 0.20676612, 0.27501245, 0.68062404]), 3: array([0.01466536, 0.22133105, 0.64483723, 0.5216512 ]), 4: array([-8.71367537, -9.63675315, -0.105263  , -0.10526299]), 5: array([-0.1052631 , -0.10526309, -0.1052631 , -0.1052631 ]), 6: array([-0.10526299, -0.10526301, -9.94469468, -0.105263  ]), 7: array([0.71304873, 0.98835585, 0.85135881, 0.63969753]), 8: array([-0.10526316, -0.10526316, -0.10526316, -0.10526316]), 9: array([-0.10526316, -0.10526316, -0.10526316, -0.10526316]), 10: array([-0.10526316, -9.95348807, -0.10526316, -9.95553968]), 11: array([-0.10526316, -0.10526316, -9.96612487, -9.96775814]), 12: array([0.67750262, 0.26331338, 0.62194511, 0.37035758]), 13: array([-9.77019728, -0.10526314, -0.10526315, -0.10526314]), 14: array([-0.10526308, -0.10526308, -0.10526307, -0.10526307]), 15: array([-0.10526254, -0.10526256, -0.10526258, -9.4056847 ]), 16: array([-0.10526316, -0.10526316, -0.10526316, -0.10526316]), 17: array([-0.10526316, -0.10526316, -9.95348807, -0.10526316]), 18: array([0.38675453, 0.01771043, 0.93023868, 0.50168331]), 19: array([-9.95348807, -0.10526316, -0.10526316, -0.10526316]), 20: array([-0.10526316, -0.10526316, -0.10526316, -9.96590225]), 21: array([-0.10526316, -0.10526314, -0.10526314, -0.10526316]), 22: array([-0.10526312, -9.43629431, -0.1052628 , -0.10526311]), 23: array([-0.10526285, -0.105256  , -0.10526165, -0.10526001]), 24: array([-0.10526316, -0.10526316, -0.10526316, -0.10526316]), 25: array([-0.10526316, -9.96723374, -0.10526316, -0.10526316]), 26: array([-0.10526316, -0.10526316, -0.10526316, -9.95348807]), 27: array([-0.10526316, -0.10526316, -0.10526316, -0.10526316]), 28: array([-0.10526316, -9.95227039, -0.10526314, -0.10526316]), 29: array([-0.10526316, -0.1052628 , -9.95891274, -0.10526316]), 30: array([0.24272307, 0.82174514, 0.52250892, 0.2295211 ]), 31: array([-9.47660519, -0.10512005, -0.10523897, -0.10525612]), 32: array([-0.10526316, -0.10526316, -9.96723374, -0.10526316]), 33: array([0.65532526, 0.51050087, 0.61693   , 0.62487518]), 34: array([-9.96723374, -9.95002411, -0.10526316, -0.10526316]), 35: array([-0.10526316, -0.10526314, -9.95227039, -0.10526316]), 36: array([0.95459221, 0.8673643 , 0.2789126 , 0.8303857 ]), 37: array([-9.95227039, -9.95277892, -0.105256  , -0.10526314]), 38: array([-0.1052628 , -0.10512005, -0.10512005, -9.95891274]), 39: array([-0.10525129, -0.10240095, -0.1051009 , -0.10523299]), 40: array([-0.10526316, -0.10526316, -0.10526316, -0.10526316]), 41: array([-0.10526316, -0.10526316, -9.95002411, -9.96723374]), 42: array([0.04049426, 0.99951789, 0.37665287, 0.17496832]), 43: array([-9.95002411, -0.1052628 , -0.10526316, -0.10526316]), 44: array([-0.10526314, -9.44123348, -9.62024212, -9.09032916]), 45: array([0.94442151, 0.84936369, 0.48415201, 0.92138205]), 46: array([-9.95277892, -0.10240095, -0.10240095, -0.105256  ]), 47: array([-0.1051184 , -0.04801894, -0.10239943, -0.1051063 ]), 48: array([-0.10526316, -0.10526316, -0.10526316, -0.10526316]), 49: array([-0.10526316, -0.10526314, -9.95524008, -0.10526316]), 50: array([0.76997535, 0.79260497, 0.89519833, 0.78479834]), 51: array([-9.95524008, -0.105256  , -9.96316966, -0.10526314]), 52: array([0.33847937, 0.73660673, 0.37531871, 0.6270851 ]), 53: array([-9.96316966, -0.10240095, -0.10240095, -9.95277892]), 54: array([-0.10512005, -0.04801894, -0.04801894, -0.10512005]), 55: array([-0.10240029,  1.03962114, -0.04801303, -0.10240028]), 56: array([-0.10526316, -0.10526316, -0.10526314, -0.10526316]), 57: array([-0.10526316, -0.10526314, -0.1052628 , -0.10526316]), 58: array([-0.10526314, -0.1052628 , -0.105256  , -9.95524008]), 59: array([-0.1052628 , -0.105256  , -0.10512005, -0.1052628 ]), 60: array([-0.105256  , -0.10512005, -0.10240095, -9.96316966]), 61: array([-0.10512005, -0.10240095, -0.04801894, -0.10512005]), 62: array([-0.10240095, -0.04801894,  1.03962114, -0.10240095]), 63: array([0.79242279, 0.31277046, 0.26436195, 0.67391939])}"
1,0.1,33.618168354034424,1.0000000000000007,"[1, 1, 1, 1, 1, 1, 2, 1, 2, 2, 2, 2, 2, 2]","{0: array([-0.11111111, -0.11111111, -0.11111111, -0.11111111]), 1: array([-0.11111111, -0.11111111, -9.90664596, -0.11111111]), 2: array([0.34953283, 0.34928864, 0.93354041, 0.87120175]), 3: array([0.23169207, 0.81094274, 0.73174395, 0.51039981]), 4: array([-9.45916242, -9.06157118, -0.11110886, -0.11110881]), 5: array([-0.11110985, -0.11110978, -0.11110987, -0.11110987]), 6: array([-0.11110905, -0.11110912, -9.84108176, -0.11110896]), 7: array([0.84247138, 0.65143019, 0.05068421, 0.76487138]), 8: array([-0.11111111, -0.11111111, -0.11111111, -0.11111111]), 9: array([-0.11111111, -0.11111111, -0.11111111, -0.11111111]), 10: array([-0.11111111, -9.90744543, -0.11111111, -9.90664406]), 11: array([-0.11111111, -0.11111111, -9.90047485, -9.91874818]), 12: array([0.99441824, 0.48576219, 0.89322996, 0.29921275]), 13: array([-9.45316551, -0.11111051, -0.11111049, -0.11111051]), 14: array([-0.11110922, -0.11110904, -0.11110909, -0.11110916]), 15: array([-0.11110692, -0.1110989 , -0.11110184, -8.74576906]), 16: array([-0.11111111, -0.11111111, -0.11111111, -0.11111111]), 17: array([-0.11111111, -0.11111111, -9.9074455 , -0.11111111]), 18: array([0.21922161, 0.92554497, 0.3925647 , 0.1086981 ]), 19: array([-9.90744546, -0.1111111 , -0.1111111 , -0.11111111]), 20: array([-0.11111111, -0.11111099, -0.11111099, -9.90050111]), 21: array([-0.11111108, -0.11110991, -0.11110991, -0.11111096]), 22: array([-0.11111046, -9.05843932, -0.11109906, -0.11110985]), 23: array([-0.11109237, -0.11099058, -0.11108175, -0.11110752]), 24: array([-0.11111111, -0.11111111, -0.11111111, -0.11111111]), 25: array([-0.11111111, -9.90127855, -0.11111111, -0.11111111]), 26: array([-0.11111111, -0.1111111 , -0.1111111 , -9.9074455 ]), 27: array([-0.11111111, -0.11111099, -0.11111099, -0.11111111]), 28: array([-0.1111111 , -9.91044134, -0.11110991, -0.1111111 ]), 29: array([-0.11111099, -0.11109906, -9.93294402, -0.11111099]), 30: array([0.0878407 , 0.52034085, 0.23283591, 0.66984884]), 31: array([-9.71064752, -0.10990576, -0.11075971, -0.11074614]), 32: array([-0.11111111, -0.11111111, -9.90127855, -0.11111111]), 33: array([0.4458013 , 0.98721445, 0.70783848, 0.21807678]), 34: array([-9.90118164, -9.90053874, -0.11111099, -0.11111111]), 35: array([-0.1111111 , -0.11110991, -9.9104453 , -0.1111111 ]), 36: array([0.7015628 , 0.89554704, 0.75324508, 0.17513363]), 37: array([-9.91044319, -9.93791009, -0.11099058, -0.11110989]), 38: array([-0.11109877, -0.10990576, -0.10990576, -9.93224374]), 39: array([-0.11087297, -0.09905763, -0.10982131, -0.11082353]), 40: array([-0.11111111, -0.1111111 , -0.1111111 , -0.11111111]), 41: array([-0.11111111, -0.11111099, -9.90062836, -9.90127855]), 42: array([0.9937164 , 0.33895246, 0.01130285, 0.16092879]), 43: array([-9.90062836, -0.11109906, -0.11111099, -0.11111099]), 44: array([-0.11110991, -9.89076539, -9.83739227, -9.8432297 ]), 45: array([0.61424741, 0.47506606, 0.37014482, 0.48931859]), 46: array([-9.92956455, -0.09905763, -0.09905763, -0.11098719]), 47: array([-0.10765769,  0.00942368, -0.09903623, -0.10989156]), 48: array([-0.1111111 , -0.11111099, -0.11111099, -0.11111111]), 49: array([-0.1111111 , -0.11110991, -9.93572211, -0.1111111 ]), 50: array([0.64277894, 0.56586033, 0.22664945, 0.44593398]), 51: array([-9.93572211, -0.11099058, -9.9112704 , -0.11110991]), 52: array([0.88729598, 0.46023121, 0.49000277, 0.47793735]), 53: array([-9.9112704 , -0.09905763, -0.09905763, -9.93857526]), 54: array([-0.10990576,  0.00942368,  0.00942368, -0.10990576]), 55: array([-0.09905732,  1.09423678,  0.00943683, -0.09894588]), 56: array([-0.11111099, -0.11111099, -0.11110991, -0.1111111 ]), 57: array([-0.11111099, -0.11110991, -0.11109906, -0.11111099]), 58: array([-0.11110991, -0.11109906, -0.11099058, -9.93572211]), 59: array([-0.11109906, -0.11099058, -0.10990576, -0.11109906]), 60: array([-0.11099058, -0.10990576, -0.09905763, -9.9112704 ]), 61: array([-0.10990576, -0.09905763,  0.00942368, -0.10990576]), 62: array([-0.09905763,  0.00942368,  1.09423678, -0.09905763]), 63: array([0.94236779, 0.68296004, 0.55396539, 0.72170737])}"
2,0.15000000000000002,33.95592141151428,1.0000000000000007,"[1, 1, 1, 1, 1, 1, 2, 1, 2, 2, 2, 2, 2, 2]","{0: array([-0.11764706, -0.11764706, -0.11764706, -0.11764706]), 1: array([-0.11764706, -0.11764706, -9.89282533, -0.11764706]), 2: array([0.22912224, 0.3432716 , 0.63299549, 0.71449779]), 3: array([0.09824104, 0.59598992, 0.15185364, 0.03886428]), 4: array([-9.30753486, -9.81062541, -0.1176304 , -0.11762976]), 5: array([-0.11763424, -0.11763464, -0.11763344, -0.11763473]), 6: array([-0.11762998, -0.11763083, -9.80641619, -0.11763063]), 7: array([0.03913787, 0.46022347, 0.37008329, 0.14554707]), 8: array([-0.11764706, -0.11764706, -0.11764706, -0.11764706]), 9: array([-0.11764706, -0.11764706, -0.11764706, -0.11764706]), 10: array([-0.11764706, -9.8611215 , -0.11764705, -9.89282533]), 11: array([-0.11764706, -0.11764701, -9.86920055, -9.91060151]), 12: array([0.85465716, 0.87199636, 0.69190358, 0.75459324]), 13: array([-9.84033404, -0.11763855, -0.11763834, -0.11763891]), 14: array([-0.11762274, -0.11762215, -0.11762258, -0.11762558]), 15: array([-0.11755507, -0.11754631, -0.11755352, -9.49674732]), 16: array([-0.11764706, -0.11764706, -0.11764706, -0.11764706]), 17: array([-0.11764706, -0.11764705, -9.8611215 , -0.11764706]), 18: array([0.29783551, 0.86705542, 0.92585669, 0.85773318]), 19: array([-9.8611215 , -0.11764674, -0.11764674, -0.11764705]), 20: array([-0.11764701, -0.11764496, -0.11764496, -9.8692    ]), 21: array([-0.11764667, -0.11763306, -0.11763306, -0.11764472]), 22: array([-0.11762507, -9.8233794 , -0.11755376, -0.11763354]), 23: array([-0.11760327, -0.11702505, -0.11754306, -0.1174691 ]), 24: array([-0.11764706, -0.11764705, -0.11764705, -0.11764706]), 25: array([-0.11764706, -9.92506488, -0.11764701, -0.11764706]), 26: array([-0.11764705, -0.11764674, -0.11764674, -9.8611215 ]), 27: array([-0.11764701, -0.11764496, -0.11764496, -0.11764701]), 28: array([-0.11764674, -9.92971961, -0.11763306, -0.11764674]), 29: array([-0.11764496, -0.11755376, -9.86128072, -0.11764496]), 30: array([0.10866177, 0.92468665, 0.27819616, 0.0232768 ]), 31: array([-9.46398698, -0.11350034, -0.11675593, -0.11715621]), 32: array([-0.11764705, -0.11764701, -9.92506488, -0.11764706]), 33: array([0.49956747, 0.05117425, 0.4092307 , 0.26143074]), 34: array([-9.92495332, -9.89270814, -0.11764496, -0.11764701]), 35: array([-0.11764674, -0.11763306, -9.92971999, -0.11764674]), 36: array([0.27300167, 0.46853339, 0.14617071, 0.10455895]), 37: array([-9.92968889, -9.85333247, -0.11702505, -0.11763299]), 38: array([-0.11755376, -0.11350034, -0.11350034, -9.86058501]), 39: array([-0.11606888, -0.09000229, -0.11320411, -0.11698282]), 40: array([-0.11764701, -0.11764674, -0.11764674, -0.11764705]), 41: array([-0.11764701, -0.11764496, -9.89342236, -9.92506488]), 42: array([0.24153265, 0.51389906, 0.7105176 , 0.66192165]), 43: array([-9.89342236, -0.11755376, -0.11764496, -0.11764496]), 44: array([-0.11763306, -9.85165962, -9.80748422, -9.88502873]), 45: array([0.76995394, 0.55835708, 0.97778341, 0.76229916]), 46: array([-9.85328857, -0.09000229, -0.09000229, -0.11702344]), 47: array([-0.11341765,  0.06665142, -0.08991282, -0.11329028]), 48: array([-0.11764674, -0.11764496, -0.11764496, -0.11764701]), 49: array([-0.11764674, -0.11763306, -9.87586124, -0.11764674]), 50: array([0.42043036, 0.82759171, 0.77083207, 0.50633536]), 51: array([-9.87586124, -0.11702505, -9.88636034, -0.11763306]), 52: array([0.47304632, 0.75759774, 0.10469934, 0.36836101]), 53: array([-9.88636034, -0.09000229, -0.09000229, -9.85333249]), 54: array([-0.11350034,  0.06665142,  0.06665142, -0.11350034]), 55: array([-0.08998688,  1.11100946,  0.06665221, -0.08999898]), 56: array([-0.11764496, -0.11764496, -0.11763306, -0.11764674]), 57: array([-0.11764496, -0.11763306, -0.11755376, -0.11764496]), 58: array([-0.11763306, -0.11755376, -0.11702505, -9.87586124]), 59: array([-0.11755376, -0.11702505, -0.11350034, -0.11755376]), 60: array([-0.11702505, -0.11350034, -0.09000229, -9.88636034]), 61: array([-0.11350034, -0.09000229,  0.06665142, -0.11350034]), 62: array([-0.09000229,  0.06665142,  1.11100946, -0.09000229]), 63: array([0.29011816, 0.74006304, 0.54893141, 0.30720595])}"
3,0.2,32.8623526096344,1.0000000000000007,"[1, 1, 1, 2, 2, 2, 2, 2, 1, 2, 1, 1, 2, 1]","{0: array([-0.125, -0.125, -0.125, -0.125]), 1: array([-0.125     , -0.12499999, -9.82062913, -0.125     ]), 2: array([0.13435406, 0.89685435, 0.61026234, 0.40221952]), 3: array([0.13293477, 0.27867143, 0.92715883, 0.9727618 ]), 4: array([-8.25389032, -7.04929383, -0.12498179, -0.12498083]), 5: array([-0.12498397, -0.12498387, -0.1249841 , -0.1249831 ]), 6: array([-0.12497734, -0.12497564, -9.50944617, -0.12497462]), 7: array([0.56976582, 0.4426816 , 0.44303431, 0.6104797 ]), 8: array([-0.125     , -0.12499999, -0.12499999, -0.125     ]), 9: array([-0.125     , -0.12499997, -0.12499997, -0.125     ]), 10: array([-0.12499999, -9.84874401, -0.12499987, -9.82062913]), 11: array([-0.12499997, -0.12499933, -9.86860899, -9.80544764]), 12: array([0.61313083, 0.46127117, 0.65695506, 0.16869766]), 13: array([-9.7650057 , -0.12498337, -0.12498337, -0.12498888]), 14: array([-0.12498486, -0.12491685, -0.12491685, -0.12497619]), 15: array([-0.12495235, -0.12458426, -0.124897  , -9.35202819]), 16: array([-0.12499999, -0.12499997, -0.12499997, -0.125     ]), 17: array([-0.12499999, -0.12499987, -9.84874401, -0.12499999]), 18: array([0.15307236, 0.75627997, 0.01654317, 0.09019801]), 19: array([-9.84874401, -0.12499667, -0.12499667, -0.12499987]), 20: array([-0.12499933, -0.12498337, -0.12498337, -9.86860899]), 21: array([-0.12499667, -0.12491685, -0.12491685, -0.12499667]), 22: array([-0.12498337, -9.80302086, -0.12458426, -0.12498337]), 23: array([-0.12491685, -0.12292131, -0.12458426, -0.12491685]), 24: array([-0.12499997, -0.12499987, -0.12499987, -0.12499999]), 25: array([-0.12499997, -9.80570089, -0.12499933, -0.12499997]), 26: array([-0.12499987, -0.12499667, -0.12499667, -9.84874401]), 27: array([-0.12499933, -0.12498337, -0.12498337, -0.12499933]), 28: array([-0.12499667, -9.84777022, -0.12491685, -0.12499667]), 29: array([-0.12498337, -0.12458426, -9.80302086, -0.12498337]), 30: array([0.59217026, 0.98489569, 0.41026498, 0.78048288]), 31: array([-9.80302086, -0.11460654, -0.12292131, -0.12458426]), 32: array([-0.12499987, -0.12499933, -9.80570089, -0.12499997]), 33: array([0.89335206, 0.97149554, 0.94055151, 0.09836797]), 34: array([-9.80570089, -9.85242259, -0.12498337, -0.12499933]), 35: array([-0.12499667, -0.12491685, -9.84777022, -0.12499667]), 36: array([0.75253999, 0.7611489 , 0.12584154, 0.41876784]), 37: array([-9.84777022, -9.88672837, -0.12292131, -0.12491685]), 38: array([-0.12458426, -0.11460654, -0.11460654, -9.80302086]), 39: array([-0.12292131, -0.07303272, -0.11460654, -0.12292131]), 40: array([-0.12499933, -0.12499667, -0.12499667, -0.12499987]), 41: array([-0.12499905, -0.12498337, -9.81386506, -9.79624396]), 42: array([0.47937387, 0.277767  , 0.73788706, 0.54549714]), 43: array([-9.85242259, -0.12458426, -0.12498337, -0.12498337]), 44: array([-0.12491685, -9.34305091, -9.80489461, -9.14396838]), 45: array([0.54159439, 0.56635815, 0.51356301, 0.43554353]), 46: array([-9.88672837, -0.07303272, -0.07303272, -0.12292131]), 47: array([-0.11460654,  0.13483639, -0.07303272, -0.11460654]), 48: array([-0.12499667, -0.12498337, -0.12498337, -0.12499933]), 49: array([-0.12499667, -0.12491685, -9.82551007, -0.12499667]), 50: array([0.51258087, 0.12372108, 0.87244965, 0.64385848]), 51: array([-9.82551007, -0.12292131, -9.81535408, -0.12491685]), 52: array([0.41471402, 0.90276413, 0.92322962, 0.82032347]), 53: array([-9.8153533 , -0.07303272, -0.07303272, -9.88672835]), 54: array([-0.11460654,  0.13483639,  0.13483639, -0.11460654]), 55: array([-0.07303272,  1.17418196,  0.13483639, -0.07303272]), 56: array([-0.12498169, -0.12498137, -0.12491685, -0.12499458]), 57: array([-0.12498337, -0.12491685, -0.12458426, -0.12498337]), 58: array([-0.12491685, -0.12458426, -0.12292131, -9.82551007]), 59: array([-0.12458426, -0.12292131, -0.11460654, -0.12458426]), 60: array([-0.12292131, -0.11460654, -0.07303272, -9.81535408]), 61: array([-0.11460654, -0.07303272,  0.13483639, -0.11460654]), 62: array([-0.07303272,  0.13483639,  1.17418196, -0.07303272]), 63: array([0.70675037, 0.79446053, 0.00126529, 0.8709098 ])}"
4,0.25,33.86122679710388,1.0000000000000007,"[1, 1, 1, 1, 1, 1, 1, 2, 2, 2, 2, 2, 2, 2]","{0: array([-0.13333333, -0.13333331, -0.13333331, -0.13333333]), 1: array([-0.13333333, -0.13333326, -9.79376064, -0.13333331]), 2: array([0.42779612, 0.1815991 , 0.37634301, 0.82495744]), 3: array([0.74552501, 0.58389557, 0.75524011, 0.95605146]), 4: array([-9.16851709, -9.01070481, -0.13306291, -0.13303988]), 5: array([-0.13312801, -0.13312967, -0.13312888, -0.1331415 ]), 6: array([-0.13304932, -0.13306473, -7.35257241, -0.13305321]), 7: array([0.94457906, 0.51247716, 0.59367712, 0.02448338]), 8: array([-0.13333331, -0.13333326, -0.13333326, -0.13333333]), 9: array([-0.13333331, -0.13333304, -0.13333304, -0.13333331]), 10: array([-0.13333326, -9.82219305, -0.13333215, -9.79376053]), 11: array([-0.13333304, -0.13332862, -9.84150489, -9.76090763]), 12: array([0.28542794, 0.04981223, 0.29693071, 0.63397745]), 13: array([-9.83015191, -0.13321501, -0.13321748, -0.13321621]), 14: array([-0.13306802, -0.13297303, -0.13296712, -0.13299937]), 15: array([-0.13224508, -0.13211964, -0.13272594, -9.74553344]), 16: array([-0.13333326, -0.13333304, -0.13333304, -0.13333331]), 17: array([-0.13333326, -0.13333215, -9.82225508, -0.13333326]), 18: array([0.71097969, 0.32283808, 0.5654885 , 0.28597799]), 19: array([-9.82225503, -0.13331447, -0.13331447, -0.13333215]), 20: array([-0.13332862, -0.13325789, -0.13325789, -9.84150562]), 21: array([-0.13331442, -0.13303157, -0.13303157, -0.13329863]), 22: array([-0.13298309, -9.85310775, -0.13212627, -0.13303129]), 23: array([-0.13296559, -0.12850508, -0.13207126, -0.13290087]), 24: array([-0.13333304, -0.13333215, -0.13333215, -0.13333326]), 25: array([-0.13333304, -9.77671497, -0.13332862, -0.13333304]), 26: array([-0.13333215, -0.13331447, -0.13331447, -9.82225508]), 27: array([-0.13332862, -0.13325789, -0.13325789, -0.13332862]), 28: array([-0.13331447, -9.80564642, -0.13303157, -0.13331447]), 29: array([-0.13325789, -0.13212627, -9.85636967, -0.13325789]), 30: array([0.37030972, 0.57452132, 0.48442995, 0.5489101 ]), 31: array([-9.6991003 , -0.11402031, -0.12712724, -0.13176551]), 32: array([-0.13333215, -0.13332862, -9.77671497, -0.13333304]), 33: array([0.89314012, 0.77439065, 0.49438984, 0.01613904]), 34: array([-9.77477475, -9.78493908, -0.13325789, -0.13332854]), 35: array([-0.13331447, -0.13303157, -9.805646  , -0.13331446]), 36: array([0.77741432, 0.40263416, 0.29969882, 0.39411745]), 37: array([-9.80564642, -9.75483707, -0.12850508, -0.13303157]), 38: array([-0.13212627, -0.11402031, -0.11402031, -9.85636967]), 39: array([-0.12848276, -0.05608125, -0.11400538, -0.12850494]), 40: array([-0.13332862, -0.13331447, -0.13331447, -0.13333215]), 41: array([-0.13332862, -0.13325789, -9.78530217, -9.77671497]), 42: array([0.64000757, 0.85302114, 0.85879133, 0.30692605]), 43: array([-9.78530012, -0.13212627, -0.13325784, -0.13325789]), 44: array([-0.13303155, -8.96229875, -9.4927629 , -7.67467045]), 45: array([0.07545048, 0.88206   , 0.98065174, 0.41902142]), 46: array([-9.75483707, -0.05608125, -0.05608125, -0.12850508]), 47: array([-0.1140203 ,  0.175675  , -0.05608112, -0.1140203 ]), 48: array([-0.13331447, -0.13325789, -0.13325789, -0.13332862]), 49: array([-0.13331447, -0.13303157, -9.79930449, -0.13331447]), 50: array([0.55667036, 0.07751406, 0.80278202, 0.73021613]), 51: array([-9.79930449, -0.12850508, -9.77091958, -0.13303157]), 52: array([0.91632168, 0.15427356, 0.46589406, 0.58586897]), 53: array([-9.77091958, -0.05608125, -0.05608125, -9.75483707]), 54: array([-0.11402031,  0.175675  ,  0.175675  , -0.11402031]), 55: array([-0.05608125,  1.10269999,  0.175675  , -0.05608125]), 56: array([-0.13325789, -0.13325789, -0.13303157, -0.13331447]), 57: array([-0.13325789, -0.13303157, -0.13212627, -0.13325789]), 58: array([-0.13303157, -0.13212627, -0.12850508, -9.79930449]), 59: array([-0.13212627, -0.12850508, -0.11402031, -0.13212627]), 60: array([-0.12850508, -0.11402031, -0.05608125, -9.77091958]), 61: array([-0.11402031, -0.05608125,  0.175675  , -0.11402031]), 62: array([-0.05608125,  0.175675  ,  1.10269999, -0.05608125]), 63: array([0.38673792, 0.25052213, 0.41079995, 0.22790959])}"
5,0.3,30.541041374206543,1.0000000000000007,"[1, 1, 1, 2, 2, 2, 2, 2, 1, 2, 1, 1, 1, 2]","{0: array([-0.14285708, -0.14285692, -0.14285692, -0.14285708]), 1: array([-0.14285708, -0.14285639, -9.81586137, -0.14285692]), 2: array([0.61379544, 0.52362805, 0.18799238, 0.37041559]), 3: array([0.62806515, 0.75255538, 0.20744175, 0.72380784]), 4: array([-9.70965421, -7.29843349, -0.14241056, -0.14238184]), 5: array([-0.14250276, -0.14252711, -0.14250971, -0.14250914]), 6: array([-0.14235772, -0.1423501 , -9.37104128, -0.14232886]), 7: array([0.11237661, 0.19420839, 0.85493185, 0.85542102]), 8: array([-0.14285692, -0.14285639, -0.14285639, -0.14285708]), 9: array([-0.14285692, -0.14285463, -0.14285463, -0.14285692]), 10: array([-0.14285639, -9.72510833, -0.14284878, -9.81586137]), 11: array([-0.14285463, -0.14282926, -9.70848134, -9.77423339]), 12: array([0.32955986, 0.97172887, 0.55020025, 0.30977864]), 13: array([-9.6949225 , -0.14254722, -0.14254721, -0.14264082]), 14: array([-0.14223684, -0.14182428, -0.14182426, -0.14233377]), 15: array([-0.14171931, -0.13941486, -0.14119121, -9.36849381]), 16: array([-0.14285639, -0.14285463, -0.14285463, -0.14285692]), 17: array([-0.14285639, -0.14284878, -9.72510833, -0.14285639]), 18: array([0.91630555, 0.29995665, 0.31224859, 0.61139835]), 19: array([-9.72510833, -0.1427642 , -0.1427642 , -0.14284878]), 20: array([-0.14282926, -0.14254734, -0.14254734, -9.70848134]), 21: array([-0.1427642 , -0.14182447, -0.14182447, -0.14276414]), 22: array([-0.14226402, -9.75026166, -0.13941489, -0.14238407]), 23: array([-0.1417686 , -0.13138297, -0.13899568, -0.14157921]), 24: array([-0.14285463, -0.14284878, -0.14284878, -0.14285639]), 25: array([-0.14285463, -9.72277868, -0.14282926, -0.14285463]), 26: array([-0.14284878, -0.1427642 , -0.1427642 , -9.72510833]), 27: array([-0.14282926, -0.14254734, -0.14254734, -0.14282926]), 28: array([-0.1427642 , -9.70846338, -0.14182447, -0.1427642 ]), 29: array([-0.14254734, -0.13941489, -9.75166498, -0.14254734]), 30: array([0.20593396, 0.03777818, 0.42207774, 0.82778341]), 31: array([-9.73407227, -0.10460991, -0.13095898, -0.13896731]), 32: array([-0.14284878, -0.14282926, -9.72277868, -0.14285463]), 33: array([0.41781395, 0.14864136, 0.62437581, 0.92407106]), 34: array([-9.72277868, -9.74123309, -0.14254734, -0.14282926]), 35: array([-0.1427642 , -0.14182447, -9.70846338, -0.1427642 ]), 36: array([0.9509477 , 0.32015981, 0.97178874, 0.44563737]), 37: array([-9.70846338, -9.73395644, -0.13138297, -0.14182447]), 38: array([-0.13941489, -0.10460991, -0.10460991, -9.75166498]), 39: array([-0.13138297, -0.01536636, -0.10460991, -0.13138297]), 40: array([-0.14282926, -0.1427642 , -0.1427642 , -0.14284878]), 41: array([-0.14281956, -0.14254734, -9.47695885, -9.64821111]), 42: array([0.61824852, 0.86255637, 0.0835628 , 0.2363974 ]), 43: array([-9.74123309, -0.13941489, -0.14254734, -0.14254734]), 44: array([-0.14182447, -9.58843815, -9.50507912, -9.27829481]), 45: array([0.48508252, 0.68103779, 0.88681188, 0.30185039]), 46: array([-9.73395644, -0.01536636, -0.01536636, -0.13138297]), 47: array([-0.10460991,  0.28211212, -0.01536636, -0.10460991]), 48: array([-0.1427642 , -0.14254734, -0.14254734, -0.14282926]), 49: array([-0.14276102, -0.14182447, -9.87735865, -0.1427606 ]), 50: array([0.4087862 , 0.39448588, 0.04097124, 0.24109262]), 51: array([-9.87736414, -0.13138297, -9.80709534, -0.14182447]), 52: array([0.03343153, 0.0846759 , 0.04455805, 0.64301554]), 53: array([-9.80709527, -0.01536636, -0.01536636, -9.73395641]), 54: array([-0.10460991,  0.28211212,  0.28211212, -0.10460991]), 55: array([-0.01536636,  1.27370708,  0.28211212, -0.01536636]), 56: array([-0.14254734, -0.14254734, -0.14182447, -0.1427642 ]), 57: array([-0.14254734, -0.14182447, -0.13941489, -0.14254734]), 58: array([-0.14182447, -0.13941489, -0.13138297, -9.87736414]), 59: array([-0.13941489, -0.13138297, -0.10460991, -0.13941489]), 60: array([-0.13138297, -0.10460991, -0.01536636, -9.80709534]), 61: array([-0.10460991, -0.01536636,  0.28211212, -0.10460991]), 62: array([-0.01536636,  0.28211212,  1.27370708, -0.01536636]), 63: array([0.09033272, 0.91235692, 0.81544482, 0.44841721])}"
6,0.35000000000000003,29.966988801956177,1.0000000000000007,"[1, 1, 1, 2, 2, 2, 2, 2, 1, 2, 1, 1, 2, 1]","{0: array([-0.15384554, -0.1538444 , -0.1538444 , -0.15384554]), 1: array([-0.15384554, -0.15384113, -9.65092307, -0.1538444 ]), 2: array([0.89261298, 0.99736266, 0.84030631, 0.548584  ]), 3: array([0.50327249, 0.37032644, 0.10516724, 0.03219572]), 4: array([-7.01832497, -9.53524022, -0.15282983, -0.15290867]), 5: array([-0.15308578, -0.15307896, -0.15306208, -0.15315889]), 6: array([-0.15289758, -0.1528149 , -9.4164003 , -0.15290276]), 7: array([0.08643473, 0.97689384, 0.02783764, 0.92284814]), 8: array([-0.1538444 , -0.15384113, -0.15384113, -0.15384554]), 9: array([-0.1538444 , -0.15383181, -0.15383181, -0.1538444 ]), 10: array([-0.15384113, -9.90838569, -0.15380517, -9.65092127]), 11: array([-0.15383181, -0.15372906, -9.65756799, -9.8238512 ]), 12: array([0.64880657, 0.15801823, 0.57126155, 0.97837074]), 13: array([-9.65572649, -0.15289029, -0.15289029, -0.1533637 ]), 14: array([-0.15327049, -0.1511151 , -0.1511151 , -0.15331972]), 15: array([-0.15090869, -0.14604315, -0.14993212, -9.14481018]), 16: array([-0.15384113, -0.15383181, -0.15383181, -0.1538444 ]), 17: array([-0.15384113, -0.15380517, -9.90840375, -0.15384113]), 18: array([0.04062461, 0.1252923 , 0.10274144, 0.26170357]), 19: array([-9.90840375, -0.1535116 , -0.1535116 , -0.15380517]), 20: array([-0.15372906, -0.15289029, -0.15289029, -9.65757024]), 21: array([-0.1535116, -0.1511151, -0.1511151, -0.1535116]), 22: array([-0.15288709, -9.67263483, -0.14604315, -0.15287025]), 23: array([-0.15111492, -0.13155187, -0.14603916, -0.15109252]), 24: array([-0.15383181, -0.15380517, -0.15380517, -0.15384113]), 25: array([-0.15383181, -9.66229323, -0.15372906, -0.15383181]), 26: array([-0.15380517, -0.1535116 , -0.1535116 , -9.90840375]), 27: array([-0.15372906, -0.15289029, -0.15289029, -0.15372906]), 28: array([-0.1535116 , -9.70835758, -0.1511151 , -0.1535116 ]), 29: array([-0.15289029, -0.14604315, -9.67469296, -0.15289029]), 30: array([0.92944869, 0.19746097, 0.17811253, 0.3011215 ]), 31: array([-9.67463237, -0.09014819, -0.13152233, -0.14602445]), 32: array([-0.15380517, -0.15372906, -9.66229323, -0.15383181]), 33: array([0.11731396, 0.23763238, 0.25815572, 0.96487648]), 34: array([-9.66229323, -9.73852675, -0.15289029, -0.15372906]), 35: array([-0.1535116 , -0.1511151 , -9.70835758, -0.1535116 ]), 36: array([0.29488256, 0.30014562, 0.83326406, 0.19252015]), 37: array([-9.70835758, -9.76855918, -0.13155187, -0.1511151 ]), 38: array([-0.14604315, -0.09014819, -0.09014819, -9.67469296]), 39: array([-0.13155187,  0.02814803, -0.09014819, -0.13155187]), 40: array([-0.15372906, -0.1535116 , -0.1535116 , -0.15380517]), 41: array([-0.15371369, -0.15289029, -9.70261271, -9.64110603]), 42: array([0.71008168, 0.74706644, 0.42090747, 0.64830103]), 43: array([-9.73852675, -0.14604315, -0.15289029, -0.15289029]), 44: array([-0.1511151 , -9.61857198, -9.53371816, -9.30445923]), 45: array([0.66125948, 0.55911404, 0.62510633, 0.13865518]), 46: array([-9.76855918,  0.02814803,  0.02814803, -0.13155187]), 47: array([-0.09014819,  0.36613723,  0.02814803, -0.09014819]), 48: array([-0.1535116 , -0.15289029, -0.15289029, -0.15372906]), 49: array([-0.1535116 , -0.1511151 , -9.68322375, -0.1535116 ]), 50: array([0.90507499, 0.8822183 , 0.719825  , 0.42730579]), 51: array([-9.68322375, -0.13155187, -9.69435032, -0.1511151 ]), 52: array([0.2151134 , 0.42754869, 0.3482409 , 0.8732848 ]), 53: array([-9.69435029,  0.02814803,  0.02814803, -9.76855912]), 54: array([-0.09014819,  0.36613723,  0.36613723, -0.09014819]), 55: array([0.02814803, 1.33182065, 0.36613723, 0.02814803]), 56: array([-0.15284855, -0.15286323, -0.1511151 , -0.15343617]), 57: array([-0.15289029, -0.1511151 , -0.14604315, -0.15289029]), 58: array([-0.1511151 , -0.14604315, -0.13155187, -9.68322375]), 59: array([-0.14604315, -0.13155187, -0.09014819, -0.14604315]), 60: array([-0.13155187, -0.09014819,  0.02814803, -9.69435032]), 61: array([-0.09014819,  0.02814803,  0.36613723, -0.09014819]), 62: array([0.02814803, 0.36613723, 1.33182065, 0.02814803]), 63: array([0.55819969, 0.45255315, 0.63463726, 0.94805901])}"
7,0.4,32.253533363342285,1.0000000000000007,"[1, 1, 1, 1, 1, 1, 1, 2, 2, 2, 2, 2, 2, 2]","{0: array([-0.16666253, -0.16665632, -0.16665632, -0.16666253]), 1: array([-0.16666253, -0.16664079, -9.60183379, -0.16665632]), 2: array([0.99541553, 0.61317703, 0.3410891 , 0.31013665]), 3: array([0.07570402, 0.63861771, 0.56328726, 0.65717644]), 4: array([-8.34431089, -7.213078  , -0.16359165, -0.16341392]), 5: array([-0.16332417, -0.16346776, -0.16330492, -0.16343424]), 6: array([-0.16240897, -0.16239734, -8.58176342, -0.16233337]), 7: array([0.52901522, 0.62349065, 0.34215114, 0.00294642]), 8: array([-0.16665632, -0.16664079, -0.16664079, -0.16666253]), 9: array([-0.16665632, -0.16660197, -0.16660197, -0.16665632]), 10: array([-0.16664079, -9.60012498, -0.16650492, -9.60183379]), 11: array([-0.16660197, -0.16626231, -9.83560717, -9.73712942]), 12: array([0.41098206, 0.40470015, 0.15304768, 0.38237317]), 13: array([-9.20978951, -0.16405964, -0.16406389, -0.16415885]), 14: array([-0.16169806, -0.16028798, -0.16029137, -0.16116757]), 15: array([-0.15752526, -0.15089058, -0.15447187, -9.65946872]), 16: array([-0.16664079, -0.16660197, -0.16660197, -0.16665632]), 17: array([-0.16664079, -0.16650492, -9.60012498, -0.16664079]), 18: array([0.99968755, 0.5709894 , 0.21232916, 0.42855329]), 19: array([-9.60012498, -0.16565578, -0.16565578, -0.16650492]), 20: array([-0.1662623 , -0.16413944, -0.16413944, -9.83560503]), 21: array([-0.16565577, -0.1603486 , -0.1603504 , -0.16560402]), 22: array([-0.1605107 , -9.63867352, -0.1508717 , -0.15937451]), 23: array([-0.15901444, -0.12717874, -0.14868263, -0.15311757]), 24: array([-0.16660197, -0.16650492, -0.16650492, -0.16664079]), 25: array([-0.16660197, -9.69759699, -0.16626231, -0.16660197]), 26: array([-0.16650492, -0.16565578, -0.16565578, -9.60012498]), 27: array([-0.16626231, -0.16413944, -0.16413944, -0.16626231]), 28: array([-0.16565578, -9.6422264 , -0.1603486 , -0.16565578]), 29: array([-0.16413944, -0.15087149, -9.75741466, -0.16413944]), 30: array([0.3821647 , 0.25846657, 0.03370931, 0.60646335]), 31: array([-9.33176419, -0.06794684, -0.11545478, -0.15040919]), 32: array([-0.16650492, -0.16626231, -9.69759699, -0.16660197]), 33: array([0.08082249, 0.30011052, 0.11320211, 0.75600752]), 34: array([-9.69747485, -9.64457951, -0.16413944, -0.16621902]), 35: array([-0.16565569, -0.1603486 , -9.64201376, -0.16565567]), 36: array([0.894434  , 0.35358853, 0.85574108, 0.59087699]), 37: array([-9.6422264 , -9.62026393, -0.12717874, -0.1603486 ]), 38: array([-0.15087149, -0.06794684, -0.06794684, -9.75741466]), 39: array([-0.12674661,  0.08013289, -0.06797352, -0.12654447]), 40: array([-0.16626231, -0.16565578, -0.16565578, -0.16650492]), 41: array([-0.16626231, -0.16413944, -9.65092649, -9.69759699]), 42: array([0.75080711, 0.50451243, 0.16265817, 0.87268377]), 43: array([-9.65089085, -0.15087149, -0.16413516, -0.16413942]), 44: array([-0.1603471 , -9.17573761, -7.22225986, -8.86939113]), 45: array([0.0641107 , 0.74102347, 0.48254015, 0.94934017]), 46: array([-9.62026393,  0.08013289,  0.08013289, -0.12717874]), 47: array([-0.06789576,  0.45033223,  0.08011271, -0.06794107]), 48: array([-0.16565578, -0.16413944, -0.16413944, -0.16626231]), 49: array([-0.16565578, -0.1603486 , -9.60661634, -0.16565578]), 50: array([0.27981814, 0.42674149, 0.98345916, 0.15400252]), 51: array([-9.60661634, -0.12717874, -9.63771125, -0.1603486 ]), 52: array([0.90572188, 0.52865807, 0.5684427 , 0.28276382]), 53: array([-9.63771125,  0.08013289,  0.08013289, -9.62026393]), 54: array([-0.06794684,  0.45033223,  0.45033223, -0.06794684]), 55: array([0.08013363, 1.37583059, 0.45032456, 0.0801331 ]), 56: array([-0.16413944, -0.16413944, -0.1603486 , -0.16565578]), 57: array([-0.16413944, -0.1603486 , -0.15087149, -0.16413944]), 58: array([-0.1603486 , -0.15087149, -0.12717874, -9.60661634]), 59: array([-0.15087149, -0.12717874, -0.06794684, -0.15087149]), 60: array([-0.12717874, -0.06794684,  0.08013289, -9.63771125]), 61: array([-0.06794684,  0.08013289,  0.45033223, -0.06794684]), 62: array([0.08013289, 0.45033223, 1.37583059, 0.08013289]), 63: array([0.00630407, 0.88332221, 0.45481946, 0.93957647])}"
8,0.45,33.39986610412598,1.0000000000000007,"[1, 1, 1, 1, 1, 1, 1, 2, 2, 2, 2, 2, 2, 2]","{0: array([-0.1817976 , -0.18177245, -0.18177245, -0.1817976 ]), 1: array([-0.1817976 , -0.18171656, -9.59889272, -0.18177245]), 2: array([0.89134952, 0.57589032, 0.51759892, 0.04112385]), 3: array([0.20427482, 0.60955388, 0.62011588, 0.58206499]), 4: array([-8.41835273, -6.54922628, -0.17348571, -0.17403817]), 5: array([-0.17294737, -0.17424525, -0.17282406, -0.16885618]), 6: array([-0.17359947, -0.17056672, -6.33033703, -0.17341794]), 7: array([0.6296503 , 0.10232605, 0.79337739, 0.09819511]), 8: array([-0.18177245, -0.18171656, -0.18171656, -0.1817976 ]), 9: array([-0.18177245, -0.18159235, -0.18159235, -0.18177245]), 10: array([-0.18171625, -9.72291447, -0.18131633, -9.59883235]), 11: array([-0.18157513, -0.18070296, -9.76238044, -9.71867976]), 12: array([0.20297224, 0.52677356, 0.36032367, 0.49019212]), 13: array([-6.8721332 , -0.17414854, -0.17087045, -0.17211163]), 14: array([-0.16821195, -0.16611947, -0.16748246, -0.16978047]), 15: array([-0.16010904, -0.16430834, -0.16336677, -6.41439176]), 16: array([-0.18171656, -0.18159235, -0.18159235, -0.18177245]), 17: array([-0.18171656, -0.18131633, -9.75866389, -0.18171656]), 18: array([0.16113982, 0.53630247, 0.4428334 , 0.52851542]), 19: array([-9.75837396, -0.17933991, -0.17935577, -0.18128282]), 20: array([-0.17961957, -0.17632197, -0.17661193, -9.7134431 ]), 21: array([-0.17528736, -0.16987832, -0.1724351 , -0.17340941]), 22: array([-0.17369429, -8.57506467, -0.16296458, -0.16809164]), 23: array([-0.16115214, -0.15253811, -0.15307505, -0.15475673]), 24: array([-0.18159235, -0.18131633, -0.18131633, -0.18171656]), 25: array([-0.18159235, -9.58290794, -0.18070296, -0.18159235]), 26: array([-0.18131633, -0.17933991, -0.17933991, -9.75866389]), 27: array([-0.18070296, -0.17631091, -0.17631093, -0.18070284]), 28: array([-0.17854203, -9.57379603, -0.16957981, -0.17765822]), 29: array([-0.17276133, -0.15462178, -9.18531142, -0.17056735]), 30: array([0.68964998, 0.60562556, 0.6415704 , 0.1035632 ]), 31: array([-8.47590013, -0.10888571, -0.12512565, -0.13487361]), 32: array([-0.18131633, -0.18070296, -9.58290794, -0.18159235]), 33: array([0.92687125, 0.02460261, 0.85220236, 0.1660328 ]), 34: array([-9.58290794, -9.59645272, -0.17631091, -0.18070296]), 35: array([-0.17933991, -0.1695798 , -9.62952088, -0.17933991]), 36: array([0.63294347, 0.82328693, 0.52318749, 0.35716131]), 37: array([-9.44777972, -9.00519956, -0.12138173, -0.14528266]), 38: array([-0.15068966, -0.04751494, -0.07842746, -7.87879181]), 39: array([-0.08133412,  0.07759176, -0.10177195, -0.09886195]), 40: array([-0.18070296, -0.17933991, -0.17933991, -0.18131633]), 41: array([-0.18070296, -0.17631091, -9.59645272, -9.58290794]), 42: array([0.50313768, 0.50658135, 0.60030171, 0.89677174]), 43: array([-9.59645272, -0.15462178, -0.17631091, -0.17631091]), 44: array([-0.1695798 , -9.57847212, -9.57697573, -9.5633344 ]), 45: array([0.04860247, 0.76313253, 0.55246219, 0.86610251]), 46: array([-9.52845129,  0.11663346,  0.07643675, -0.10880674]), 47: array([-0.06064449,  0.4804714 ,  0.01661102, -0.05698098]), 48: array([-0.17933991, -0.17631091, -0.17631091, -0.18070296]), 49: array([-0.17933991, -0.1695798 , -9.67278978, -0.17933991]), 50: array([0.51931241, 0.72713381, 0.46067584, 0.09094927]), 51: array([-9.67278978, -0.12138173, -9.69043994, -0.1695798 ]), 52: array([0.33378275, 0.30839461, 0.68791124, 0.62493352]), 53: array([-9.69043994,  0.11663346,  0.11663346, -9.61025387]), 54: array([-0.04751494,  0.48140768,  0.48140768, -0.04751494]), 55: array([0.10035089, 1.29201707, 0.39579759, 0.10611975]), 56: array([-0.17631091, -0.17631091, -0.1695798 , -0.17933991]), 57: array([-0.17631091, -0.1695798 , -0.15462178, -0.17631091]), 58: array([-0.1695798 , -0.15462178, -0.12138173, -9.67278978]), 59: array([-0.15462178, -0.12138173, -0.04751494, -0.15462178]), 60: array([-0.12138173, -0.04751494,  0.11663346, -9.69043994]), 61: array([-0.04751494,  0.11663346,  0.48140768, -0.04751494]), 62: array([0.11663346, 0.48140768, 1.29201707, 0.11663346]), 63: array([0.64892682, 0.47924698, 0.1958145 , 0.06864677])}"
9,0.5,32.9330415725708,1.0000000000000007,"[1, 1, 1, 2, 2, 2, 2, 2, 1, 2, 2, 1, 1, 1]","{0: array([-0.1999029, -0.1998058, -0.1998058, -0.1999029]), 1: array([-0.1999029 , -0.19961161, -9.75407399, -0.1998058 ]), 2: array([2.91462666e-01, 4.91852026e-01, 2.29410445e-01, 2.57845824e-04]), 3: array([0.47970889, 0.67458602, 0.74613555, 0.03312701]), 4: array([-8.50050736, -8.72978931, -0.19128437, -0.19083084]), 5: array([-0.19145071, -0.1914514 , -0.19125408, -0.19142882]), 6: array([-0.18953022, -0.18753928, -8.95708803, -0.18892731]), 7: array([0.41561339, 0.58622135, 0.96110186, 0.28009916]), 8: array([-0.1998058 , -0.19961161, -0.19961161, -0.1999029 ]), 9: array([-0.1998058 , -0.19922322, -0.19922322, -0.1998058 ]), 10: array([-0.19961148, -9.53735655, -0.19844644, -9.75389786]), 11: array([-0.19922301, -0.19689287, -9.57861108, -9.62691785]), 12: array([0.66556673, 0.84277293, 0.11532436, 0.35208854]), 13: array([-9.56914527, -0.1875715 , -0.1875715 , -0.19378823]), 14: array([-0.19335019, -0.175143  , -0.175143  , -0.19359316]), 15: array([-0.18749617, -0.15028599, -0.17510411, -9.51813771]), 16: array([-0.19961161, -0.19922322, -0.19922322, -0.1998058 ]), 17: array([-0.19961161, -0.19844644, -9.53735901, -0.19961161]), 18: array([0.92528199, 0.92133992, 0.01018613, 0.91301146]), 19: array([-9.53735901, -0.19378575, -0.19378575, -0.19844644]), 20: array([-0.19689287, -0.1875715 , -0.1875715 , -9.57861353]), 21: array([-0.19378575, -0.175143  , -0.175143  , -0.19378575]), 22: array([-0.1875715 , -9.58201389, -0.15028599, -0.1875715 ]), 23: array([-0.175143  , -0.10057198, -0.15028599, -0.175143  ]), 24: array([-0.19922322, -0.19844644, -0.19844644, -0.19961161]), 25: array([-0.19922322, -9.81295102, -0.19689287, -0.19922322]), 26: array([-0.19844644, -0.19378575, -0.19378575, -9.53735901]), 27: array([-0.19689287, -0.1875715 , -0.1875715 , -0.19689287]), 28: array([-0.19378575, -9.55506752, -0.175143  , -0.19378575]), 29: array([-0.1875715 , -0.15028599, -9.58201389, -0.1875715 ]), 30: array([0.41131864, 0.55412502, 0.83597222, 0.53655908]), 31: array([-9.58201389e+00, -1.14396331e-03, -1.00571982e-01, -1.50285991e-01]), 32: array([-0.19844644, -0.19689287, -9.81295102, -0.19922322]), 33: array([0.37409796, 0.04292525, 0.16150889, 0.31023189]), 34: array([-9.81295102, -9.59176093, -0.1875715 , -0.19689287]), 35: array([-0.19378575, -0.175143  , -9.55506752, -0.19378575]), 36: array([0.26411153, 0.28496652, 0.88986496, 0.36153027]), 37: array([-9.55506752, -9.5046068 , -0.10057198, -0.175143  ]), 38: array([-1.50285991e-01, -1.14396331e-03, -1.14396331e-03, -9.58201389e+00]), 39: array([-0.10057198,  0.19771207, -0.00114396, -0.10057198]), 40: array([-0.19689287, -0.19378575, -0.19378575, -0.19844644]), 41: array([-0.19658207, -0.1875715 , -9.22280393, -9.7036411 ]), 42: array([0.76327796, 0.594369  , 0.81647813, 0.51080395]), 43: array([-9.59176093, -0.15028599, -0.1875715 , -0.1875715 ]), 44: array([-0.175143  , -9.32462776, -9.13811041, -9.42913014]), 45: array([0.9907864 , 0.7498519 , 0.59388399, 0.39784195]), 46: array([-9.5046068 ,  0.19771207,  0.19771207, -0.10057198]), 47: array([-0.00114396,  0.59542415,  0.19771207, -0.00114396]), 48: array([-0.19378575, -0.1875715 , -0.1875715 , -0.19689287]), 49: array([-0.19378575, -0.175143  , -9.5006805 , -0.19378575]), 50: array([0.80652513, 0.47408204, 0.998639  , 0.37807198]), 51: array([-9.5006805 , -0.10057198, -9.50734905, -0.175143  ]), 52: array([0.98530189, 0.33149075, 0.82383657, 0.67237604]), 53: array([-9.42298052,  0.19723688,  0.19771207, -9.00521362]), 54: array([-0.00114396,  0.59542415,  0.59542415, -0.00114396]), 55: array([0.19771207, 1.39084829, 0.59542415, 0.19771207]), 56: array([-0.18752758, -0.18762998, -0.175143  , -0.19262261]), 57: array([-0.1875715 , -0.175143  , -0.15028599, -0.1875715 ]), 58: array([-0.175143  , -0.15028599, -0.10057198, -9.5006805 ]), 59: array([-0.15028599, -0.10057198, -0.00114396, -0.15028599]), 60: array([-1.00571982e-01, -1.14396331e-03,  1.97712073e-01, -9.50734905e+00]), 61: array([-0.00114396,  0.19771207,  0.59542415, -0.00114396]), 62: array([0.19771207, 0.59542415, 1.39084829, 0.19771207]), 63: array([0.78169659, 0.771054  , 0.40112734, 0.38890609])}"
10,0.55,30.0307035446167,1.0000000000000007,"[1, 2, 2, 2, 1, 2, 2, 1, 1, 2, 2, 1, 1, 1]","{0: array([-0.22181703, -0.2214855 , -0.2214855 , -0.22181703]), 1: array([-0.22181703, -0.22088273, -9.45885458, -0.2214855 ]), 2: array([0.38615492, 0.98390077, 0.44610206, 0.6918633 ]), 3: array([0.45990338, 0.05413962, 0.41614139, 0.57999966]), 4: array([-6.37057187, -8.45821664, -0.20950684, -0.20934486]), 5: array([-0.21010582, -0.20758344, -0.20758347, -0.20999527]), 6: array([-0.20986162, -0.19560724, -8.92576158, -0.2051829 ]), 7: array([0.8830878 , 0.28514318, 0.03097243, 0.70274456]), 8: array([-0.2214855 , -0.22088273, -0.22088273, -0.22181703]), 9: array([-0.2214855 , -0.21978679, -0.21978679, -0.2214855 ]), 10: array([-0.22088273, -9.56711417, -0.21779416, -9.45885458]), 11: array([-0.21978679, -0.21417119, -9.54111954, -9.68100019]), 12: array([0.13746593, 0.83432812, 0.36523832, 0.02089056]), 13: array([-9.54111954, -0.19560724, -0.19560724, -0.21417052]), 14: array([-0.20758398, -0.17383135, -0.17383135, -0.20758398]), 15: array([-0.19463541, -0.13423883, -0.17175721, -9.20631467]), 16: array([-0.22088273, -0.21978679, -0.21978679, -0.2214855 ]), 17: array([-0.22088273, -0.21779416, -9.56711417, -0.22088273]), 18: array([0.59134662, 0.59858747, 0.78706514, 0.43373461]), 19: array([-9.56711417, -0.20758398, -0.20758398, -0.21779416]), 20: array([-0.21417119, -0.19560724, -0.19560724, -9.54111954]), 21: array([-0.20758398, -0.17383135, -0.17383135, -0.20758398]), 22: array([-0.19560724, -9.53556692, -0.13423883, -0.19560724]), 23: array([-0.17383135, -0.06225241, -0.13423883, -0.17383135]), 24: array([-0.21978679, -0.21779416, -0.21779416, -0.22088273]), 25: array([-0.21978679, -9.63344992, -0.21417119, -0.21978679]), 26: array([-0.21779416, -0.20758398, -0.20758398, -9.56711417]), 27: array([-0.21417119, -0.19560724, -0.19560724, -0.21417119]), 28: array([-0.20758398, -9.46200469, -0.17383135, -0.20758398]), 29: array([-0.19560724, -0.13423883, -9.53556692, -0.19560724]), 30: array([0.08871087, 0.30969189, 0.06624347, 0.84442379]), 31: array([-9.53556692,  0.06863198, -0.06225241, -0.13423883]), 32: array([-0.21743837, -0.21417119, -9.59304818, -0.21937418]), 33: array([0.36460737, 0.60445901, 0.66645469, 0.00270574]), 34: array([-9.61525658, -9.64157246, -0.19560724, -0.21403   ]), 35: array([-0.20758183, -0.17383135, -9.46073639, -0.20758354]), 36: array([0.5125678 , 0.9781733 , 0.66736677, 0.24369793]), 37: array([-9.46200469, -9.4620034 , -0.06225241, -0.17383135]), 38: array([-0.13423883,  0.06863198,  0.06863198, -9.53556692]), 39: array([-0.06225241,  0.3066036 ,  0.06863198, -0.06225241]), 40: array([-0.21368887, -0.20820043, -0.20758398, -0.21724455]), 41: array([-0.21044714, -0.19560724, -9.24997144, -8.58570477]), 42: array([0.60239214, 0.6178491 , 0.45868498, 0.35296973]), 43: array([-9.65810863, -0.13423883, -0.19574738, -0.19550838]), 44: array([-0.17391062, -8.79726783, -9.01820986, -8.44175962]), 45: array([0.0041271 , 0.97817564, 0.71343494, 0.23071524]), 46: array([-9.4620034 ,  0.3066036 ,  0.3066036 , -0.06225241]), 47: array([0.06863198, 0.73927928, 0.3066036 , 0.06863198]), 48: array([-0.20019016, -0.19582494, -0.19874992, -0.20796393]), 49: array([-0.20161805, -0.17383135, -9.49398195, -0.20503044]), 50: array([0.85642271, 0.22030773, 0.18672586, 0.72004961]), 51: array([-9.51075354, -0.06225241, -9.44174697, -0.17368625]), 52: array([0.38317252, 0.29030125, 0.58611179, 0.98434003]), 53: array([-9.21079526,  0.29303947,  0.3066036 , -9.28213072]), 54: array([0.06863198, 0.73927928, 0.73927928, 0.06863198]), 55: array([0.3066036 , 1.52596233, 0.73927928, 0.3066036 ]), 56: array([-0.18681263, -0.18944611, -0.17387148, -0.20009694]), 57: array([-0.1919179 , -0.17137124, -0.13423883, -0.19282715]), 58: array([-0.169824  , -0.13539424, -0.06225241, -8.91018868]), 59: array([-0.13421481, -0.06227187,  0.06863198, -0.13420048]), 60: array([-0.06203532,  0.06860946,  0.3066036 , -9.45452276]), 61: array([0.06866432, 0.30653231, 0.73927928, 0.06863709]), 62: array([0.3066036 , 0.73927928, 1.52596233, 0.3066036 ]), 63: array([0.59507159, 0.72715938, 0.68375105, 0.95629514])}"
11,0.6000000000000001,32.203124046325684,1.0000000000000007,"[1, 1, 1, 2, 2, 2, 2, 2, 1, 2, 1, 1, 2, 1]","{0: array([-0.2485697 , -0.24761616, -0.24761616, -0.2485697 ]), 1: array([-0.2485697 , -0.24602693, -9.55388459, -0.24761616]), 2: array([0.23909756, 0.74352568, 0.65759914, 0.01567645]), 3: array([0.4310976 , 0.8696392 , 0.87938606, 0.32834608]), 4: array([-6.29748689, -7.29464895, -0.19100537, -0.189333  ]), 5: array([-0.1955324 , -0.19530637, -0.19617476, -0.19479915]), 6: array([-0.18728008, -0.18564065, -8.80895031, -0.18612059]), 7: array([0.19563512, 0.35907629, 0.70694516, 0.05490491]), 8: array([-0.24761616, -0.24602693, -0.24602693, -0.2485697 ]), 9: array([-0.24761616, -0.24337822, -0.24337822, -0.24761616]), 10: array([-0.24602693, -9.68565434, -0.2389637 , -9.55388459]), 11: array([-0.24337822, -0.23160616, -9.47922795, -9.47236836]), 12: array([0.07259676, 0.86795342, 0.59974346, 0.71452779]), 13: array([-9.33815777, -0.19889724, -0.19889691, -0.20664167]), 14: array([-0.19636619, -0.16483719, -0.1648377 , -0.17648166]), 15: array([-0.15797704, -0.10807254, -0.14062723, -9.00307978]), 16: array([-0.24602693, -0.24337822, -0.24337822, -0.24761616]), 17: array([-0.24602693, -0.2389637 , -9.68565434, -0.24602693]), 18: array([0.08930631, 0.3174847 , 0.52390944, 0.43508865]), 19: array([-9.68565434, -0.21934361, -0.21934361, -0.2389637 ]), 20: array([-0.23160616, -0.19890601, -0.19890601, -9.47922795]), 21: array([-0.21934361, -0.16484335, -0.16484335, -0.21933524]), 22: array([-0.182859  , -9.39157523, -0.10807225, -0.18493508]), 23: array([-0.16390507, -0.01345375, -0.10636771, -0.16390845]), 24: array([-0.24337822, -0.2389637 , -0.2389637 , -0.24602693]), 25: array([-0.24337822, -9.47175514, -0.23160616, -0.24337822]), 26: array([-0.2389637 , -0.21934361, -0.21934361, -9.68565434]), 27: array([-0.23160616, -0.19890601, -0.19890601, -0.23160616]), 28: array([-0.21934361, -9.48390387, -0.16484335, -0.21934361]), 29: array([-0.19890601, -0.10807225, -9.49468986, -0.19890601]), 30: array([0.82170405, 0.84218357, 0.77908411, 0.03055465]), 31: array([-9.40311734,  0.14424374, -0.01242901, -0.10154759]), 32: array([-0.2389637 , -0.23160616, -9.47175514, -0.24337822]), 33: array([0.88040809, 0.54062857, 0.34680457, 0.37682178]), 34: array([-9.47175514, -9.73576193, -0.19890601, -0.23160616]), 35: array([-0.21934361, -0.16484335, -9.48390387, -0.21934361]), 36: array([0.319874  , 0.86016022, 0.37318064, 0.57925053]), 37: array([-9.48390387, -9.46581484, -0.01345375, -0.16484335]), 38: array([-0.10807225,  0.14424374,  0.14424374, -9.49468986]), 39: array([-0.01345375,  0.4070729 ,  0.14424374, -0.01345375]), 40: array([-0.23160616, -0.21934361, -0.21934361, -0.2389637 ]), 41: array([-0.23160616, -0.19890601, -9.73576193, -9.47175514]), 42: array([0.16500688, 0.01906039, 0.44039678, 0.39936459]), 43: array([-9.73576193, -0.10807225, -0.19890601, -0.19890601]), 44: array([-0.16484335, -9.10645519, -9.21347854, -8.75286847]), 45: array([0.86406484, 0.41292874, 0.89030859, 0.38068823]), 46: array([-9.46581484,  0.4070729 ,  0.4070729 , -0.01345375]), 47: array([0.14424374, 0.84512151, 0.4070729 , 0.14424374]), 48: array([-0.2196036 , -0.20090816, -0.19890601, -0.23133506]), 49: array([-0.21934361, -0.16484335, -9.53796746, -0.21934361]), 50: array([0.53594449, 0.7613452 , 0.32409272, 0.77005424]), 51: array([-9.53796746, -0.01345375, -9.4979087 , -0.16484335]), 52: array([0.69365253, 0.83681883, 0.80443236, 0.83192923]), 53: array([-9.49790685,  0.40707288,  0.4070729 , -9.46581478]), 54: array([0.14424374, 0.84512151, 0.84512151, 0.14424374]), 55: array([0.4070729 , 1.57520251, 0.84512151, 0.4070729 ]), 56: array([-0.20378251, -0.20155538, -0.16484335, -0.22004495]), 57: array([-0.19890601, -0.16484335, -0.10807225, -0.19890601]), 58: array([-0.16484335, -0.10807225, -0.01345375, -9.53796746]), 59: array([-0.10807225, -0.01345375,  0.14424374, -0.10807225]), 60: array([-0.01345375,  0.14424374,  0.4070729 , -9.4979087 ]), 61: array([0.14424374, 0.4070729 , 0.84512151, 0.14424374]), 62: array([0.4070729 , 0.84512151, 1.57520251, 0.4070729 ]), 63: array([0.5301748 , 0.46752701, 0.95867085, 0.53289524])}"
12,0.6500000000000001,29.657746076583862,1.0000000000000007,"[1, 2, 2, 2, 1, 1, 1, 1, 1, 1, 2, 2, 2, 2]","{0: array([-0.28135378, -0.27900581, -0.27900581, -0.28135378]), 1: array([-0.28135378, -0.27539356, -9.40549411, -0.27900581]), 2: array([0.09665226, 0.87128171, 0.57093523, 0.91462445]), 3: array([0.55987412, 0.87724335, 0.59301774, 0.26948507]), 4: array([-9.29619566, -6.37528491, -0.16264349, -0.16044835]), 5: array([-0.17727509, -0.17505667, -0.1770938 , -0.17455025]), 6: array([-0.17457142, -0.17019742, -9.12989184, -0.17643801]), 7: array([0.34270375, 0.82825016, 0.25285142, 0.11682152]), 8: array([-0.27900581, -0.27539356, -0.27539356, -0.28135378]), 9: array([-0.27900581, -0.26983624, -0.26983624, -0.27900581]), 10: array([-0.27539356, -9.40812267, -0.26128653, -9.40549411]), 11: array([-0.26983624, -0.24813312, -9.84332323, -9.42979182]), 12: array([0.24104118, 0.20506152, 0.11395972, 0.08509231]), 13: array([-9.30538232, -0.1886641 , -0.18855186, -0.18808677]), 14: array([-0.18773626, -0.14889453, -0.1551495 , -0.16551456]), 15: array([-0.13793751, -0.07602655, -0.13162756, -6.46204829]), 16: array([-0.27539356, -0.26983624, -0.26983624, -0.27900581]), 17: array([-0.27539356, -0.26128653, -9.40812267, -0.27539356]), 18: array([0.87579161, 0.31179274, 0.299374  , 0.91058051]), 19: array([-9.40812267, -0.22789711, -0.22789711, -0.26128653]), 20: array([-0.24813312, -0.19676478, -0.19676478, -9.84332323]), 21: array([-0.22792338, -0.15106345, -0.14886889, -0.2156509 ]), 22: array([-0.19416059, -9.34332399, -0.07518291, -0.19637332]), 23: array([-0.1484981 ,  0.03818014, -0.07545633, -0.14953147]), 24: array([-0.26983624, -0.26128653, -0.26128653, -0.27539356]), 25: array([-0.26983624, -9.35818872, -0.24813312, -0.26983624]), 26: array([-0.26128653, -0.22789711, -0.22789711, -9.40812267]), 27: array([-0.24813312, -0.19676478, -0.19676478, -0.24813312]), 28: array([-0.22789711, -9.37654868, -0.14886889, -0.22789711]), 29: array([-0.19676478, -0.07518291, -9.37012472, -0.19676478]), 30: array([0.90426855, 0.39224093, 0.9690389 , 0.94498681]), 31: array([-9.34623901,  0.21258483,  0.03711866, -0.07497635]), 32: array([-0.26114856, -0.24813312, -9.34210994, -0.26893853]), 33: array([0.38806213, 0.98740196, 0.40481   , 0.3386422 ]), 34: array([-9.35818872, -9.57615716, -0.19676478, -0.24813312]), 35: array([-0.22789711, -0.14886889, -9.37654868, -0.22789711]), 36: array([0.95915588, 0.77578473, 0.90916879, 0.06455916]), 37: array([-9.37654868, -9.53110035,  0.03818014, -0.14886889]), 38: array([-0.07518291,  0.21258483,  0.21258483, -9.37012472]), 39: array([0.03818014, 0.48089974, 0.21258483, 0.03818014]), 40: array([-0.24792476, -0.22789711, -0.23250345, -0.25967438]), 41: array([-0.23600143, -0.19838695, -8.10471957, -9.27092542]), 42: array([0.65206591, 0.18003514, 0.26118708, 0.4186176 ]), 43: array([-9.57615716, -0.07518291, -0.19676478, -0.19676478]), 44: array([-0.14886889, -9.3963175 , -9.53110034, -9.37654867]), 45: array([0.23817547, 0.72138408, 0.03924239, 0.29116213]), 46: array([-9.5251009 ,  0.47943932,  0.48089974,  0.03858643]), 47: array([0.21258483, 0.8936919 , 0.48089974, 0.21258483]), 48: array([-0.22735289, -0.20407672, -0.19676478, -0.24547868]), 49: array([-0.22173696, -0.14886889, -8.97574197, -0.23239034]), 50: array([0.84468473, 0.82288519, 0.59727038, 0.47018476]), 51: array([-9.45095493,  0.03818014, -9.3963175 , -0.14886889]), 52: array([0.5964502 , 0.41133813, 0.9287423 , 0.81260653]), 53: array([-9.39631695,  0.48089956,  0.48089974, -9.53110016]), 54: array([0.21258483, 0.8936919 , 0.8936919 , 0.21258483]), 55: array([0.48089974, 1.52875678, 0.8936919 , 0.48089974]), 56: array([-0.20641508, -0.20970969, -0.14915684, -0.21932431]), 57: array([-0.19806642, -0.15013351, -0.07518291, -0.19500157]), 58: array([-0.14886889, -0.07518291,  0.03818014, -9.45095493]), 59: array([-0.07518291,  0.03818014,  0.21258483, -0.07518291]), 60: array([ 0.03818014,  0.21258483,  0.48089974, -9.3963175 ]), 61: array([0.21258483, 0.48089974, 0.8936919 , 0.21258483]), 62: array([0.48089974, 0.8936919 , 1.52875678, 0.48089974]), 63: array([0.81347196, 0.46828106, 0.4773236 , 0.32731888])}"
13,0.7000000000000001,29.31267762184143,1.0000000000000007,"[1, 2, 2, 2, 1, 1, 2, 2, 1, 2, 1, 1, 1, 2]","{0: array([-0.32005496, -0.31436423, -0.31436423, -0.32005496]), 1: array([-0.32005496, -0.30623461, -9.71639862, -0.31436423]), 2: array([0.04242906, 0.3114202 , 0.40514483, 0.26252154]), 3: array([0.41842674, 0.92932182, 0.77757495, 0.96560972]), 4: array([-8.74076817, -6.47966662, -0.17096286, -0.16793408]), 5: array([-0.17753889, -0.17793032, -0.17963433, -0.1787903 ]), 6: array([-0.16938268, -0.16574899, -9.17327225, -0.16666064]), 7: array([0.15499074, 0.06272837, 0.45209255, 0.67346091]), 8: array([-0.31436423, -0.30623461, -0.30623461, -0.32005496]), 9: array([-0.31436423, -0.29462087, -0.29462087, -0.31436423]), 10: array([-0.30623461, -9.35833218, -0.27802981, -9.71639862]), 11: array([-0.29462087, -0.2543283 , -9.585359  , -9.3240732 ]), 12: array([0.32430915, 0.08565727, 0.59234428, 0.19986675]), 13: array([-9.30753124, -0.17209857, -0.18457671, -0.1953088 ]), 14: array([-0.16769222, -0.10951268, -0.15776467, -0.16663829]), 15: array([-0.15619858, -0.01789689, -0.14199227, -6.7802031 ]), 16: array([-0.30623461, -0.29462087, -0.29462087, -0.31436423]), 17: array([-0.30623461, -0.27802981, -9.35833218, -0.30623461]), 18: array([0.31321494, 0.23930978, 0.91666831, 0.27758721]), 19: array([-9.35833218, -0.220469  , -0.220469  , -0.27802981]), 20: array([-0.2543283 , -0.17209857, -0.17209857, -9.585359  ]), 21: array([-0.220469  , -0.10299796, -0.10299798, -0.220469  ]), 22: array([-1.58590142e-01, -9.08957706e+00, -4.28280459e-03, -1.79022987e-01]), 23: array([-0.11472057,  0.13673885, -0.0381911 , -0.12955695]), 24: array([-0.29452725, -0.28032084, -0.27802981, -0.3060867 ]), 25: array([-0.29462087, -9.41136932, -0.2543283 , -0.29462087]), 26: array([-0.27802981, -0.220469  , -0.220469  , -9.35833218]), 27: array([-0.2543283 , -0.17209857, -0.17209857, -0.2543283 ]), 28: array([-0.220469  , -9.47904974, -0.10299796, -0.220469  ]), 29: array([-1.72098574e-01, -4.28280380e-03, -9.44510478e+00, -1.72098574e-01]), 30: array([0.20844088, 0.79270746, 0.71296127, 0.65048374]), 31: array([-8.91774999,  0.33819836,  0.11236223, -0.01438506]), 32: array([-0.2687594 , -0.2560786 , -9.370816  , -0.28112575]), 33: array([0.84090098, 0.46247536, 0.15748459, 0.08083328]), 34: array([-9.40822594, -9.31956666, -0.17209857, -0.25427118]), 35: array([-0.220469  , -0.10299796, -9.47904974, -0.220469  ]), 36: array([0.10362219, 0.21419441, 0.64764924, 0.74421466]), 37: array([-9.47904974, -9.46301122,  0.13673885, -0.10299796]), 38: array([-4.28280380e-03,  3.38198360e-01,  3.38198360e-01, -9.44510478e+00]), 39: array([0.13673885, 0.62599766, 0.33819836, 0.13673885]), 40: array([-0.26137239, -0.22151801, -0.24571205, -0.25623456]), 41: array([-0.24549839, -0.21203465, -6.64895814, -6.85227077]), 42: array([0.06543793, 0.55549407, 0.08505782, 0.97129579]), 43: array([-9.32009295e+00, -4.28280380e-03, -1.72098574e-01, -1.72098574e-01]), 44: array([-0.10299796, -8.15317786, -8.24263884, -9.26041023]), 45: array([0.76712682, 0.56912885, 0.20429505, 0.25817129]), 46: array([-9.46301122,  0.62599766,  0.62599766,  0.13673885]), 47: array([0.33819836, 1.03713951, 0.62599766, 0.33819836]), 48: array([-0.21462255, -0.1725551 , -0.20054232, -0.23446423]), 49: array([-0.18008719, -0.11522118, -9.1743738 , -0.19495273]), 50: array([0.91465142, 0.82527385, 0.50888093, 0.87981569]), 51: array([-9.359744  ,  0.13673885, -9.33359222, -0.10299796]), 52: array([0.95201111, 0.90567782, 0.42413071, 0.35546513]), 53: array([-9.33358688,  0.62599765,  0.62599766, -9.46301019]), 54: array([0.33819836, 1.03713951, 1.03713951, 0.33819836]), 55: array([0.62599766, 1.62448501, 1.03713951, 0.62599766]), 56: array([-0.18193541, -0.19674348, -0.10309045, -0.18281324]), 57: array([-0.14533789, -0.14831602, -0.00428724, -0.15706252]), 58: array([-0.1088703 , -0.02056825,  0.13673885, -9.1760663 ]), 59: array([-0.0042828 ,  0.13673885,  0.33819836, -0.0042828 ]), 60: array([ 0.13673885,  0.33819836,  0.62599766, -9.33359222]), 61: array([0.33819836, 0.62599766, 1.03713951, 0.33819836]), 62: array([0.62599766, 1.03713951, 1.62448501, 0.62599766]), 63: array([0.08260369, 0.45933084, 0.89212145, 0.24760465])}"
14,0.7500000000000001,34.045862674713135,1.0000000000000007,"[1, 1, 1, 1, 1, 1, 1, 2, 2, 2, 2, 2, 2, 2]","{0: array([-0.36415932, -0.35221243, -0.35221243, -0.36415932]), 1: array([-0.36415932, -0.33628324, -9.54595374, -0.35221243]), 2: array([0.60539501, 0.308595  , 0.26737011, 0.50157449]), 3: array([0.02774835, 0.16040341, 0.74803743, 0.23386509]), 4: array([-6.36591954, -8.98758103, -0.02508488, -0.06296213]), 5: array([-0.06334275, -0.04656912, -0.09925679, -0.04670435]), 6: array([-0.07029183, -0.08026181, -8.11997888, -0.11970533]), 7: array([0.51620807, 0.23749452, 0.38938791, 0.89665946]), 8: array([-0.35221243, -0.33628324, -0.33628324, -0.36415932]), 9: array([-0.35221243, -0.31504431, -0.31504431, -0.35221243]), 10: array([-0.3356341 , -9.2976943 , -0.28672575, -9.54451293]), 11: array([-0.31526196, -0.24896767, -9.28783718, -9.43726432]), 12: array([0.83633234, 0.39728866, 0.88447041, 0.3391246 ]), 13: array([-6.73877448, -0.07659739, -0.10686736, -0.08819163]), 14: array([-0.09994714, -0.12332957, -0.13290905, -0.11421321]), 15: array([-0.11934603, -0.12549818, -0.12850757, -6.1630842 ]), 16: array([-0.33628324, -0.31504431, -0.31504431, -0.35221243]), 17: array([-0.33628324, -0.28672575, -9.30410599, -0.33628324]), 18: array([0.92785868, 0.57371272, 0.63539875, 0.77883603]), 19: array([-9.26320573, -0.19862356, -0.21673646, -0.28585414]), 20: array([-0.21596806, -0.18054324, -0.14212887, -9.29785727]), 21: array([-0.20549605, -0.0460001 , -0.14621823, -0.13202319]), 22: array([-0.12885951, -8.90407639, -0.11877851, -0.14043517]), 23: array([-0.12198476, -0.05304522, -0.08631377, -0.10911853]), 24: array([-0.31504431, -0.28672575, -0.28672575, -0.33628324]), 25: array([-0.31504431, -9.55937981, -0.24896767, -0.31504431]), 26: array([-0.28672575, -0.19862356, -0.19862356, -9.30410599]), 27: array([-0.24896716, -0.13149808, -0.13153355, -0.24896718]), 28: array([-0.19909261, -8.89833422, -0.04200932, -0.20102143]), 29: array([-0.1492325 ,  0.0773348 , -8.35475172, -0.12250302]), 30: array([0.94966152, 0.37812261, 0.60959451, 0.7389692 ]), 31: array([-9.00454059,  0.20844882, -0.0130967 , -0.0810626 ]), 32: array([-0.28672575, -0.24896767, -9.55937981, -0.31504431]), 33: array([0.58749359, 0.3637704 , 0.26062315, 0.24535644]), 34: array([-9.55937981, -9.46879534, -0.13149808, -0.24896767]), 35: array([-0.19862356, -0.04199744, -9.31976905, -0.19862356]), 36: array([0.42806967, 0.87417506, 0.9069746 , 0.23079767]), 37: array([-8.80452612, -7.27310702,  0.2364487 , -0.05874966]), 38: array([ 0.02762169,  0.44859865,  0.24195389, -8.25129141]), 39: array([0.07432467, 0.68501545, 0.13500104, 0.09909215]), 40: array([-0.24896767, -0.19862356, -0.19862356, -0.28672575]), 41: array([-0.24896767, -0.13149808, -9.46879534, -9.55937981]), 42: array([0.37550586, 0.70827287, 0.11885783, 0.67442244]), 43: array([-9.46879534,  0.07733674, -0.13149808, -0.13149808]), 44: array([-0.04199744, -9.43642996, -9.21972207, -9.24101217]), 45: array([0.27417209, 0.28890674, 0.84417848, 0.15718758]), 46: array([-9.26286837,  0.73146487,  0.70165428,  0.23421013]), 47: array([0.31648825, 1.10843652, 0.52098057, 0.29409049]), 48: array([-0.19862356, -0.13149808, -0.13149808, -0.24896767]), 49: array([-0.19862356, -0.04199744, -9.29692026, -0.19862356]), 50: array([0.72847072, 0.02728301, 0.93743965, 0.56148873]), 51: array([-9.29692026,  0.23644899, -9.58807846, -0.04199744]), 52: array([0.31474568, 0.29234036, 0.23934753, 0.54922872]), 53: array([-9.58807846,  0.73146487,  0.73146487, -9.36686614]), 54: array([0.44859866, 1.10861983, 1.10861983, 0.44859866]), 55: array([0.7306742 , 1.61149311, 1.05785334, 0.68721336]), 56: array([-0.13149808, -0.13149808, -0.04199744, -0.19862356]), 57: array([-0.13149808, -0.04199744,  0.07733674, -0.13149808]), 58: array([-0.04199744,  0.07733674,  0.23644899, -9.29692026]), 59: array([0.07733674, 0.23644899, 0.44859866, 0.07733674]), 60: array([ 0.23644899,  0.44859866,  0.73146487, -9.58807846]), 61: array([0.44859866, 0.73146487, 1.10861983, 0.44859866]), 62: array([0.73146487, 1.10861983, 1.61149311, 0.73146487]), 63: array([0.57248917, 0.41819852, 0.81532415, 0.77106063])}"
15,0.8,28.55767035484314,1.0000000000000007,"[2, 1, 2, 2, 1, 2, 2, 2, 2, 1, 1, 1, 1, 1]","{0: array([-0.40462542, -0.38078177, -0.38078177, -0.40462542]), 1: array([-0.40462542, -0.35097721, -9.33662519, -0.38078177]), 2: array([0.49424947, 0.10028691, 0.23493227, 0.82921852]), 3: array([0.32303508, 0.619067  , 0.57936035, 0.84454751]), 4: array([-6.77100556, -6.2038235 , -0.18412831, -0.18264825]), 5: array([-0.20336468, -0.13617373, -0.13617383, -0.18620314]), 6: array([-0.18939223, -0.04521854, -9.12861001, -0.12447197]), 7: array([0.5185556 , 0.86698783, 0.53197342, 0.39434932]), 8: array([-0.38078177, -0.35097721, -0.35097721, -0.40462542]), 9: array([-0.38078177, -0.31372151, -0.31372151, -0.38078177]), 10: array([-0.35097721, -9.41140397, -0.26715189, -9.33662519]), 11: array([-0.31372151, -0.20893987, -9.3053748 , -9.324362  ]), 12: array([0.75169547, 0.8682815 , 0.06174424, 0.86321866]), 13: array([-9.30537479, -0.04521854, -0.04521854, -0.20893801]), 14: array([-0.13617483,  0.06847682,  0.06847682, -0.13617483]), 15: array([-0.04521854,  0.21059603,  0.06847682, -9.30640974]), 16: array([-0.35125734, -0.31405459, -0.31372151, -0.38071549]), 17: array([-0.35097721, -0.26715189, -9.41140397, -0.35097721]), 18: array([0.42143632, 0.73574504, 0.12776433, 0.66902137]), 19: array([-9.41140397, -0.13617483, -0.13617483, -0.26715189]), 20: array([-0.20893987, -0.04521854, -0.04521854, -9.3053748 ]), 21: array([-0.13617483,  0.06847682,  0.06847682, -0.13617483]), 22: array([-0.04521854, -9.42487402,  0.21059603, -0.04521854]), 23: array([0.06847682, 0.38824504, 0.21059603, 0.06847682]), 24: array([-0.32000802, -0.3445597 , -0.26715189, -0.3505297 ]), 25: array([-0.31372151, -9.41452892, -0.20893987, -0.31372151]), 26: array([-0.26715189, -0.26715189, -0.13617483, -9.41140397]), 27: array([-0.20893987, -0.20893987, -0.04521854, -0.20893987]), 28: array([-0.13617483, -9.25801392,  0.06847682, -0.13617483]), 29: array([-0.04521854,  0.21059603, -9.42487402, -0.04521854]), 30: array([0.23272676, 0.42596798, 0.14099116, 0.71890748]), 31: array([-9.42487402,  0.6103063 ,  0.38824504,  0.21059603]), 32: array([-0.32033215, -0.31661176, -8.84781133, -0.32195746]), 33: array([0.56192304, 0.64853023, 0.73183885, 0.59772116]), 34: array([-9.32047891, -9.05994851, -0.21287862, -0.20893987]), 35: array([-0.26205645, -0.14393122, -9.24162877, -0.13617483]), 36: array([0.21387843, 0.31794535, 0.38296292, 0.9274826 ]), 37: array([-9.25801392, -9.22471795,  0.38824504,  0.06847682]), 38: array([ 0.21059603,  0.6103063 ,  0.6103063 , -9.42487402]), 39: array([0.38824504, 0.88788287, 0.6103063 , 0.38824504]), 40: array([-0.28286408, -0.28063453, -0.28062914, -0.28459271]), 41: array([-0.25331256, -0.24864551, -6.68612305, -6.52156887]), 42: array([0.54273335, 0.13769964, 0.30975752, 0.84912657]), 43: array([-8.91458265, -0.03411122, -0.15374332, -0.16050246]), 44: array([-0.13755915, -6.58953757, -6.21666396, -5.95651704]), 45: array([0.96910257, 0.39843742, 0.13810419, 0.35904549]), 46: array([-9.22471795,  0.88788287,  0.88788287,  0.38824504]), 47: array([0.6103063 , 1.23485359, 0.88788287, 0.6103063 ]), 48: array([-0.25689106, -0.2331546 , -0.23412717, -0.23835137]), 49: array([-0.24033764, -0.17633463, -7.12358104, -0.23945694]), 50: array([0.19238532, 0.88776094, 0.66415269, 0.38950543]), 51: array([-8.72012396,  0.13382834, -9.19028987, -0.08163281]), 52: array([0.07408566, 0.63864963, 0.6262263 , 0.72299213]), 53: array([-8.69722022,  0.6556507 ,  0.88788287, -8.59658332]), 54: array([0.6103063 , 1.23485359, 1.23485359, 0.6103063 ]), 55: array([0.88788287, 1.66856698, 1.23485359, 0.88788287]), 56: array([-0.20865961, -0.21236392, -0.16264987, -0.21141658]), 57: array([-0.17599173, -0.15502364, -0.05587083, -0.15069768]), 58: array([-0.09252684, -0.1120125 ,  0.0848598 , -9.0297405 ]), 59: array([-0.09026555,  0.07751382,  0.41632742, -0.05093483]), 60: array([ 0.09075599,  0.12488905,  0.77983172, -8.54144496]), 61: array([0.23572826, 0.23874688, 1.22345117, 0.45433234]), 62: array([0.62042708, 1.0959572 , 1.66856698, 0.88788287]), 63: array([0.83570873, 0.31328404, 0.52397471, 0.09240865])}"
16,0.8500000000000001,28.501324892044067,1.0000000000000007,"[1, 2, 2, 2, 1, 2, 1, 2, 1, 2, 1, 1, 1, 2]","{0: array([-0.46150103, -0.42529533, -0.42529533, -0.46150103]), 1: array([-0.46150103, -0.38270039, -9.28926172, -0.42529533]), 2: array([0.20458566, 0.23396154, 0.83616269, 0.65810757]), 3: array([0.92654873, 0.33863799, 0.66839288, 0.99581842]), 4: array([-8.67814193, -7.92718839, -0.17302198, -0.17432232]), 5: array([-0.18017676, -0.14209078, -0.18230534, -0.18131404]), 6: array([-0.16015683, -0.13425563, -6.63525854, -0.15252149]), 7: array([0.91134965, 0.02839912, 0.56958062, 0.4572416 ]), 8: array([-0.42529533, -0.38270039, -0.38270039, -0.46150103]), 9: array([-0.42529533, -0.33258869, -0.33258869, -0.42529533]), 10: array([-0.38270039, -9.24783053, -0.27363376, -9.28926172]), 11: array([-0.33258869, -0.20427501, -9.15685954, -9.15355434]), 12: array([0.65194358, 0.99192996, 0.11964798, 0.45264457]), 13: array([-9.09895724, -0.02667821, -0.12932998, -0.22050671]), 14: array([-0.15230818,  0.067015  , -0.0838995 , -0.16124012]), 15: array([-0.09158438,  0.19656791, -0.10050403, -6.17703747]), 16: array([-0.38270039, -0.33258869, -0.33258869, -0.42529533]), 17: array([-0.38270039, -0.27363376, -9.24783053, -0.38270039]), 18: array([0.68296505, 0.57441862, 0.88490526, 0.80686279]), 19: array([-9.24783053, -0.12267648, -0.12267648, -0.27363376]), 20: array([-0.20427501, -0.02667821, -0.02667821, -9.15685954]), 21: array([-0.12267648,  0.08626093,  0.08626093, -0.12267648]), 22: array([-0.03495059, -9.29040977,  0.2191305 , -0.08265984]), 23: array([0.03340292, 0.37544765, 0.18247629, 0.01697611]), 24: array([-0.33258869, -0.27363376, -0.27363376, -0.38270039]), 25: array([-0.33258869, -9.62152353, -0.20427501, -0.33258869]), 26: array([-0.27363376, -0.12267648, -0.12267648, -9.24783053]), 27: array([-0.20427501, -0.02667821, -0.02667821, -0.20427501]), 28: array([-0.12267648, -9.22190056,  0.08626093, -0.12267648]), 29: array([-0.02667821,  0.2191305 , -9.51840004, -0.02667821]), 30: array([0.22229093, 0.43722577, 0.23477279, 0.56658818]), 31: array([-9.49363788,  0.55935018,  0.35770675,  0.18763293]), 32: array([-0.27363376, -0.20427501, -9.62152353, -0.33258869]), 33: array([0.44526644, 0.33196375, 0.34892633, 0.29343469]), 34: array([-9.59107294, -9.25627066, -0.02667821, -0.23448324]), 35: array([-0.12374527,  0.08626093, -9.22129334, -0.12396477]), 36: array([0.9154111 , 0.5037514 , 0.43631913, 0.47046618]), 37: array([-9.22190056, -9.32303694,  0.37544765,  0.08626093]), 38: array([ 0.2191305 ,  0.55935018,  0.55935018, -9.51840004]), 39: array([0.37544765, 0.77570609, 0.55935017, 0.37544764]), 40: array([-0.20427501, -0.12267648, -0.12267648, -0.27363376]), 41: array([-0.20427501, -0.02667821, -9.48844828, -9.62152353]), 42: array([0.55719481, 0.60182556, 0.16242824, 0.18339095]), 43: array([-9.4761459 ,  0.2191305 , -0.03611157, -0.02828769]), 44: array([ 0.08361063, -7.43242448, -8.31443872, -6.5864792 ]), 45: array([0.46291741, 0.79642712, 0.31764756, 0.50783696]), 46: array([-9.32303694,  0.77570609,  0.77570609,  0.37544765]), 47: array([0.55935018, 1.03024246, 0.77570609, 0.55935018]), 48: array([-0.13119119, -0.04315462, -0.02667821, -0.20747683]), 49: array([-0.12267648,  0.08626093, -9.27476786, -0.12267648]), 50: array([0.34258209, 0.15385565, 0.44563886, 0.85321429]), 51: array([-9.26888611,  0.37544765, -9.64125568,  0.08445064]), 52: array([0.41583212, 0.16855453, 0.14999315, 0.40289215]), 53: array([-9.64648082,  0.77570609,  0.77570601, -9.32303685]), 54: array([0.55935018, 1.03024246, 1.03024246, 0.55935018]), 55: array([0.77570609, 1.32969701, 1.03024246, 0.77570609]), 56: array([-0.06664731, -0.09755822,  0.08626093, -0.15065591]), 57: array([-0.02667821,  0.08626093,  0.2191305 , -0.02667821]), 58: array([ 0.08626093,  0.2191305 ,  0.37544765, -9.27476786]), 59: array([0.2191305 , 0.37544765, 0.55935018, 0.2191305 ]), 60: array([ 0.37544765,  0.55935018,  0.77570609, -9.6465427 ]), 61: array([0.55935018, 0.77570609, 1.03024246, 0.55935018]), 62: array([0.77570609, 1.03024246, 1.32969701, 0.77570609]), 63: array([0.0209982 , 0.38787884, 0.17941835, 0.23859779])}"
17,0.9000000000000001,31.704680681228638,1.0000000000000007,"[1, 1, 1, 2, 2, 2, 1, 1, 1, 1, 2, 2, 2, 2]","{0: array([-0.35314958, -0.28127731, -0.28127731, -0.35314958]), 1: array([-0.35314958, -0.20141924, -9.15280974, -0.28127731]), 2: array([0.73622623, 0.09553619, 0.43194342, 0.94132251]), 3: array([0.26513384, 0.58022633, 0.46636073, 0.50158158]), 4: array([-9.21226644, -6.00769279, -0.07920662, -0.08314901]), 5: array([-0.08298697, -0.06483946, -0.08622743, -0.08161144]), 6: array([-0.08427119, -0.07644337, -6.86343445, -0.10068816]), 7: array([0.24502934, 0.12625187, 0.76133323, 0.12153682]), 8: array([-0.28127731, -0.20141924, -0.20141924, -0.35314958]), 9: array([-0.28127731, -0.11268804, -0.11268804, -0.28127731]), 10: array([-0.22458877, -9.46047325, -0.01409782, -9.1481822 ]), 11: array([-0.11796837,  0.09544686, -9.15983324, -9.46811948]), 12: array([0.08575675, 0.90491232, 0.29061902, 0.28590676]), 13: array([-8.26003383,  0.24742703, -0.08147484, -0.08471742]), 14: array([-0.06567528, -0.07760931, -0.08004308, -0.08255489]), 15: array([-0.05792959, -0.05531849, -0.06136557, -9.00886292]), 16: array([-0.20141924, -0.11268804, -0.11268804, -0.28127731]), 17: array([-0.20141924, -0.01409782, -9.50458445, -0.20141924]), 18: array([0.26896083, 0.55046172, 0.03599719, 0.37747591]), 19: array([-9.50458445,  0.21716318,  0.21716318, -0.01409782]), 20: array([ 0.07610553,  0.35240354,  0.29207294, -8.95497599]), 21: array([ 1.29172460e-01,  5.02670595e-01, -6.99852852e-02,  1.64695776e-04]), 22: array([ 0.12008111, -8.30382593, -0.03855004, -0.10722358]), 23: array([-0.0289047 ,  0.15808386, -0.02786587, -0.05641881]), 24: array([-0.11268804, -0.01409782, -0.01409782, -0.20141924]), 25: array([-0.11268804, -9.21215411,  0.09544686, -0.11268804]), 26: array([-0.01409782,  0.21716318,  0.21716318, -9.50458445]), 27: array([0.09544686, 0.35240354, 0.35240354, 0.09544686]), 28: array([ 0.21716318, -9.37686776,  0.5026706 ,  0.21716318]), 29: array([ 0.35240354,  0.66963399, -9.16382553,  0.35240353]), 30: array([0.08840887, 0.92908274, 0.30351255, 0.800445  ]), 31: array([-7.20603472,  0.59653958,  0.08486673,  0.00987831]), 32: array([-0.01409782,  0.09544686, -9.21215411, -0.11268804]), 33: array([0.30929484, 0.19475713, 0.40991695, 0.87538432]), 34: array([-9.21215411, -9.2116346 ,  0.35240354,  0.09544686]), 35: array([ 0.21716318,  0.5026706 , -9.37686776,  0.21716318]), 36: array([0.26907749, 0.69236916, 0.51441313, 0.28394167]), 37: array([-9.37686776, -9.41929778,  0.85514888,  0.50267059]), 38: array([ 0.66963399,  1.06127654,  0.66963399, -9.1638255 ]), 39: array([0.85514888, 0.6816381 , 0.64762748, 0.39029343]), 40: array([ 0.09544686,  0.21716318,  0.21716318, -0.01409782]), 41: array([ 0.08366818,  0.35240354, -8.58428334, -8.90190603]), 42: array([0.87596156, 0.29268859, 0.12320183, 0.56518119]), 43: array([-9.2116346 ,  0.66963399,  0.35240354,  0.35240354]), 44: array([ 0.5026706 , -9.25246993, -9.41929778, -9.37686776]), 45: array([0.64522469, 0.62959005, 0.24997933, 0.11464189]), 46: array([-9.41929778,  1.29030726,  1.28948875,  0.85514888]), 47: array([0.64992437, 1.54472261, 0.6285147 , 0.66961755]), 48: array([0.21716318, 0.35240354, 0.35240354, 0.09544686]), 49: array([ 0.21716318,  0.5026706 , -9.17409976,  0.21716318]), 50: array([0.45790597, 0.91766693, 0.25115301, 0.71419932]), 51: array([-9.17409976,  0.85514888, -9.25246993,  0.5026706 ]), 52: array([0.70349701, 0.10146203, 0.83058896, 0.54292161]), 53: array([-9.25246993,  1.29030726,  1.29030726, -9.41929778]), 54: array([1.06127654, 1.54478585, 1.54478581, 1.06127654]), 55: array([1.2903072 , 1.82753983, 1.47484406, 0.93844618]), 56: array([0.34453784, 0.34400997, 0.5026706 , 0.21307099]), 57: array([0.35240354, 0.5026706 , 0.66963399, 0.35240354]), 58: array([ 0.5026706 ,  0.66963399,  0.85514888, -9.17409976]), 59: array([0.66963399, 0.85514888, 1.06127654, 0.66963399]), 60: array([ 0.85514888,  1.06127654,  1.29030726, -9.25246993]), 61: array([1.06127654, 1.29030726, 1.54478585, 1.06127654]), 62: array([1.29030726, 1.54478585, 1.82753983, 1.29030726]), 63: array([0.31199377, 0.06467076, 0.69045161, 0.9194887 ])}"
18,0.9500000000000001,34.25718569755554,1.0000000000000007,"[1, 1, 1, 1, 1, 1, 2, 1, 2, 2, 2, 2, 2, 2]","{0: array([-0.10027762, -0.00029223, -0.00029223, -0.10027762]), 1: array([-1.00277622e-01,  1.04955544e-01, -9.57958932e+00, -2.92233453e-04]), 2: array([0.34685224, 0.22204698, 0.08155369, 0.44253756]), 3: array([0.87736111, 0.89872499, 0.31442845, 0.27927236]), 4: array([-6.70614668, -0.89818944,  0.10999898,  0.1189195 ]), 5: array([0.10646217, 0.10784089, 0.10554828, 0.10762526]), 6: array([ 0.10354659,  0.14149856, -6.24108723,  0.1188368 ]), 7: array([0.93416035, 0.45191267, 0.2395737 , 0.45687087]), 8: array([-0.00029223,  0.10495554,  0.10495554, -0.10027762]), 9: array([-0.00029223,  0.21574268,  0.19487527, -0.00029223]), 10: array([ 0.10495554, -9.18098868,  0.32445555, -9.57591519]), 11: array([-0.14349317,  0.45418689, -6.60339409, -8.95344914]), 12: array([0.78787565, 0.20854606, 0.49287595, 0.30068307]), 13: array([-6.64328423,  0.07708983,  0.08316249,  0.08040463]), 14: array([0.13047014, 0.09270637, 0.20537004, 0.03350064]), 15: array([ 0.14492442,  0.44953465,  0.18605791, -9.10238053]), 16: array([ 0.10495554,  0.21574268,  0.21574268, -0.00029223]), 17: array([ 0.10495554,  0.33236071, -9.19479344,  0.10495554]), 18: array([0.23023434, 0.0259256 , 0.4003566 , 0.84758585]), 19: array([-8.51727686,  0.5843327 ,  0.41206441,  0.04618425]), 20: array([ 0.01081558,  0.72030666,  0.06829177, -8.54743017]), 21: array([0.16339829, 0.86274468, 0.03987923, 0.01896494]), 22: array([ 0.09671242, -8.38785204,  0.23561848,  0.08675057]), 23: array([0.16978409, 0.95045804, 0.22127495, 0.19445868]), 24: array([0.21574268, 0.33236071, 0.33236071, 0.10495554]), 25: array([ 0.21574268, -9.0926449 ,  0.45511654,  0.21574268]), 26: array([ 0.33236071,  0.5843332 ,  0.5843332 , -9.19479344]), 27: array([0.45484841, 0.72030836, 0.72035074, 0.45488984]), 28: array([ 0.58394894, -9.34247254,  0.86352709,  0.58298171]), 29: array([ 0.71969016,  1.01423904, -9.11555952,  0.71710953]), 30: array([0.07672041, 0.69128865, 0.62724005, 0.92893338]), 31: array([-7.93470277,  1.33973351,  0.61688427,  0.4642396 ]), 32: array([ 0.33236071,  0.45511654, -9.0926449 ,  0.21574268]), 33: array([0.47610144, 0.4505287 , 0.95511063, 0.43514903]), 34: array([-9.0926449 , -9.26840605,  0.72035074,  0.45511654]), 35: array([ 0.5843332 ,  0.86352709, -9.34303392,  0.5843332 ]), 36: array([0.24500584, 0.04384592, 0.02197377, 0.69154324]), 37: array([-9.33873867, -9.29684718,  1.1728832 ,  0.86340576]), 38: array([ 1.01314381,  1.33953421,  1.33987706, -9.1145223 ]), 39: array([1.1699908 , 1.51566006, 1.33963643, 1.17144176]), 40: array([0.45511654, 0.5843332 , 0.5843332 , 0.33236071]), 41: array([ 0.45511654,  0.72035074, -9.26840605, -9.0926449 ]), 42: array([0.07986458, 0.59087291, 0.44808556, 0.77009889]), 43: array([-9.26840605,  1.01423904,  0.72035074,  0.72035074]), 44: array([ 0.86352709, -9.01242678, -9.14387993, -9.29328673]), 45: array([0.35002123, 0.73829133, 0.09716761, 0.17986727]), 46: array([-8.07212309,  1.43485224,  1.51566006,  1.01834891]), 47: array([1.33985673, 1.7006948 , 1.51565732, 1.33986021]), 48: array([0.5843332 , 0.72035074, 0.72035074, 0.45511654]), 49: array([ 0.5843332 ,  0.86352709, -9.18954553,  0.5843332 ]), 50: array([0.5127367 , 0.13063443, 0.29038302, 0.85310996]), 51: array([-9.18954553,  1.1728832 , -9.09120453,  0.86352709]), 52: array([0.41328813, 0.95662681, 0.84013646, 0.08282971]), 53: array([-9.09120452,  1.51566006,  1.51566006, -9.29862324]), 54: array([1.33987706, 1.7006948 , 1.7006948 , 1.33987706]), 55: array([1.51566006, 1.89546821, 1.7006948 , 1.51566006]), 56: array([0.72035074, 0.72035074, 0.86352709, 0.5843332 ]), 57: array([0.72035074, 0.86352709, 1.01423904, 0.72035074]), 58: array([ 0.86352709,  1.01423904,  1.1728832 , -9.18954553]), 59: array([1.01423904, 1.1728832 , 1.33987706, 1.01423904]), 60: array([ 1.1728832 ,  1.33987706,  1.51566006, -9.09120453]), 61: array([1.33987706, 1.51566006, 1.7006948 , 1.33987706]), 62: array([1.51566006, 1.7006948 , 1.89546821, 1.51566006]), 63: array([0.58166482, 0.04320995, 0.67114048, 0.94259812])}"
