,eps,time,average_score,policy,q_map
0,0.05,25.957446575164795,1.0000000000000007,"[2, 1, 2, 2, 1, 2, 1, 2, 1, 2, 2, 1, 1, 1]","{0: array([0.12079836, 0.17757342, 0.50134482, 0.16249899]), 1: array([ 0.20408296,  0.60741901, -9.5141547 ,  0.30561816]), 2: array([0.0867975 , 0.43929356, 0.35449878, 0.22713891]), 3: array([0.58281385, 0.69555684, 0.48977863, 0.43136319]), 4: array([-6.69730454, -6.74049121, -0.09174137, -0.05067523]), 5: array([-0.0531276 , -0.05094131, -0.03800155, -0.04404141]), 6: array([-0.05251472, -6.66640986, -6.8167959 , -0.04217414]), 7: array([0.05635736, 0.51602717, 0.11160404, 0.54025738]), 8: array([-0.48896482, -0.46430829,  0.47989491, -0.45719666]), 9: array([0.22697815, 0.23038518, 0.71456465, 0.3158696 ]), 10: array([ 0.36162054, -8.90681491,  0.82279258, -9.55609079]), 11: array([ 0.43619807,  0.93211372, -9.43494264, -9.22290538]), 12: array([0.26794438, 0.55677609, 0.08669821, 0.06225634]), 13: array([-6.454664  , -0.02467314,  0.03414723, -0.03430584]), 14: array([ 0.10051294,  0.0782588 ,  0.09485099, -0.00638048]), 15: array([ 0.06459301,  0.10184029,  0.05542899, -6.31791874]), 16: array([-0.4149081 , -0.32348969, -0.39539797, -0.4403138 ]), 17: array([-0.41174664,  0.49140637, -6.30931914, -0.37627861]), 18: array([0.45857563, 0.57528127, 0.53399857, 0.63652426]), 19: array([-9.2723338 ,  0.80658509,  1.04253911,  0.62518622]), 20: array([ 0.73030989,  1.15407991,  0.85568833, -8.95756614]), 21: array([-0.03708928,  1.13212836,  0.02789733,  0.00466831]), 22: array([0.10648524, 0.05485133, 0.27440657, 0.06027859]), 23: array([0.13535007, 0.820478  , 0.11955855, 0.12612075]), 24: array([-0.34755248, -0.30894742, -0.03370606, -0.32103214]), 25: array([-0.27913052, -6.15412726,  0.68062674, -0.27818383]), 26: array([-0.20873883, -0.16569104,  0.82268645, -6.29229695]), 27: array([-0.09597072, -0.11671036,  1.04790245, -0.14962297]), 28: array([ 0.73652561, -8.90714917,  1.26674738,  0.81200096]), 29: array([ 0.87245624,  1.38055291, -8.70827668,  0.84874471]), 30: array([0.87322157, 0.41958085, 0.02827144, 0.8727938 ]), 31: array([-6.49488921,  1.39543697,  0.24867808,  0.04174976]), 32: array([-0.29167957, -0.28772705, -6.43735943, -0.30197502]), 33: array([0.09410885, 0.77793314, 0.66593893, 0.85657411]), 34: array([-8.0244814 , -6.06276862, -0.1344099 , -0.16009475]), 35: array([-0.17207473, -0.09909133, -6.21418248, -0.0944325 ]), 36: array([0.82439604, 0.89355721, 0.47979463, 0.89890634]), 37: array([-8.374022  , -8.95560588,  1.49550799,  0.97039998]), 38: array([ 1.17199498,  1.27295303,  1.61162423, -8.98564759]), 39: array([1.25214829, 1.72891336, 1.32998464, 1.16917191]), 40: array([-0.24056001, -0.25542257, -0.21509177, -0.24073707]), 41: array([-0.2192576 , -0.17112317, -6.0094044 , -8.3907218 ]), 42: array([0.81973199, 0.93796948, 0.59583178, 0.65049212]), 43: array([-8.8215619 , -0.09967723, -0.05949603, -0.03457667]), 44: array([-2.16197402e-03, -6.27575095e+00, -5.84668877e+00, -6.35865210e+00]), 45: array([0.94262914, 0.0460821 , 0.99238133, 0.55737356]), 46: array([-4.96453256,  0.13005479,  1.59015182,  0.31002452]), 47: array([1.24948492, 1.84738724, 1.45858026, 1.20052247]), 48: array([-0.1886226 , -0.20764335, -0.20867069, -0.19920144]), 49: array([-0.18669686, -0.17476091, -6.09542141, -0.15717463]), 50: array([0.32010471, 0.19863071, 0.79044374, 0.14333909]), 51: array([-6.4264457 , -0.07905768, -6.1113252 , -0.0626481 ]), 52: array([0.70143588, 0.90952568, 0.4758023 , 0.01015299]), 53: array([ 0.33907123,  0.72948357,  1.61134049, -1.06969593]), 54: array([1.16977226, 1.84738724, 1.55552832, 1.14889281]), 55: array([1.72891336, 1.96705782, 1.49429871, 1.34204467]), 56: array([-0.18666635, -0.23664049, -0.19938987, -0.20460433]), 57: array([-0.21339426, -0.16246135, -0.06121698, -0.16395065]), 58: array([-0.05073915, -0.09038531,  0.38850424, -6.07844902]), 59: array([-0.0249251 , -0.04979953,  1.06187122, -0.06394042]), 60: array([ 0.0299822 ,  0.05739662,  1.57725585, -6.09288741]), 61: array([0.14845937, 0.59946098, 1.8444603 , 0.00376133]), 62: array([1.5048883 , 1.80409034, 1.96705782, 1.63034139]), 63: array([0.97682608, 0.90105989, 0.83816007, 0.89555356])}"
1,0.1,23.26447629928589,1.0000000000000007,"[2, 1, 2, 2, 1, 2, 2, 2, 2, 1, 1, 1, 1, 1]","{0: array([0.08721926, 0.12559849, 0.21684149, 0.03577214]), 1: array([ 0.09407095,  0.3200419 , -9.15161777,  0.19360492]), 2: array([0.57371576, 0.38859493, 0.67989787, 0.44371987]), 3: array([0.15361871, 0.13178713, 0.45375534, 0.98901996]), 4: array([0.4341489 , 0.04617331, 0.25925328, 0.10523014]), 5: array([0.28423794, 0.19897795, 0.98766142, 0.18276206]), 6: array([0.5282709 , 0.02173026, 0.47338972, 0.75532599]), 7: array([0.18231422, 0.42674114, 0.25249719, 0.69879803]), 8: array([-0.23894592, -0.20923485,  0.31651782, -0.29843454]), 9: array([ 0.15141951, -0.05959957,  0.42428475,  0.1892436 ]), 10: array([ 0.30644569, -9.01966223,  0.52958056, -9.09950223]), 11: array([ 0.39185558,  0.63593996, -8.41314767, -9.00505075]), 12: array([0.62616811, 0.38652595, 0.20532092, 0.84759665]), 13: array([0.12296767, 0.37378263, 0.80594461, 0.36441734]), 14: array([0.177351  , 0.95681116, 0.47283955, 0.07730302]), 15: array([0.35306714, 1.05074721, 0.45201314, 0.49668715]), 16: array([-0.14995784, -0.13004441, -0.12183611, -0.13630421]), 17: array([-0.11268014,  0.14111154, -6.46360929, -0.10829835]), 18: array([0.69423954, 0.91844303, 0.78385257, 0.69110209]), 19: array([-8.85621863,  0.43954417,  0.74337369,  0.50319628]), 20: array([ 0.60445727,  0.57517186,  0.85189262, -9.05239469]), 21: array([0.67673361, 0.67927767, 0.9615077 , 0.62902514]), 22: array([ 0.83371542, -8.61028594,  1.07223   ,  0.76067468]), 23: array([0.93790116, 1.1840707 , 0.97119461, 0.87073634]), 24: array([-0.03652125, -0.09635921, -0.05818412, -0.10675629]), 25: array([-0.04565918, -6.66223498,  0.37671829,  0.00851054]), 26: array([ 0.00907428,  0.60572019,  0.10390152, -6.25458873]), 27: array([0.15784725, 0.1669877 , 0.60920888, 0.14990992]), 28: array([ 0.14644638, -6.10986669,  0.74203218,  0.24605952]), 29: array([ 0.25163618,  0.30044207, -6.47153742,  0.8518606 ]), 30: array([0.90942239, 0.31908141, 0.86574989, 0.19326034]), 31: array([-6.67846252,  1.29704112,  1.15320157,  1.04583676]), 32: array([-0.08797834, -0.03468236, -6.47570657, -0.0662111 ]), 33: array([0.90723869, 0.15525564, 0.39244514, 0.84392432]), 34: array([-6.55457204, -6.90381411,  0.79639347,  0.14769231]), 35: array([ 0.18280983,  0.94559159, -6.23551916,  0.18375835]), 36: array([0.86042913, 0.08207722, 0.09328288, 0.81018257]), 37: array([-6.50724264, -8.2822428 ,  0.0482631 ,  0.41840349]), 38: array([0.3263645 , 0.00418736, 1.22381981, 0.05430601]), 39: array([0.95079519, 1.41115264, 1.20436612, 1.16372307]), 40: array([ 0.03303088,  0.17019923,  0.03828988, -0.04730224]), 41: array([ 0.01460333,  0.09680179, -8.5566849 , -6.55467603]), 42: array([0.08269686, 0.62184929, 0.01107274, 0.74068073]), 43: array([-6.43730432,  1.06934715,  0.18785975,  0.0738195 ]), 44: array([0.83208278, 0.4048868 , 0.57219662, 0.63888148]), 45: array([0.63865021, 0.42699324, 0.9378393 , 0.10587419]), 46: array([-6.36804677,  0.01698825,  1.34074299,  0.41987309]), 47: array([1.05025657, 1.52641681, 1.35148852, 1.25238537]), 48: array([0.08494573, 0.10768384, 0.50894658, 0.04927668]), 49: array([ 0.10384262,  0.83138224, -6.25069705,  0.17292886]), 50: array([0.11277049, 0.64058493, 0.92487997, 0.30254804]), 51: array([ 0.0262014 ,  1.1838213 , -6.43203882,  0.26768254]), 52: array([0.14924292, 0.95660923, 0.52527197, 0.0405082 ]), 53: array([-6.37426542,  1.06036515,  0.11575039, -6.47138844]), 54: array([0.10467844, 1.43844209, 0.03522809, 0.40259895]), 55: array([1.06518127, 1.64284526, 1.44342105, 1.35156104]), 56: array([0.13595038, 0.1632535 , 0.1792343 , 0.14981498]), 57: array([0.18340962, 0.17563162, 1.04360689, 0.09540464]), 58: array([ 0.29100971,  0.29716041,  1.1809172 , -6.51824418]), 59: array([0.34640308, 0.35130184, 1.29703947, 0.38398337]), 60: array([ 0.21496104,  0.99111393,  1.41115251, -8.29655559]), 61: array([0.16861147, 0.41479234, 1.5264168 , 0.20720927]), 62: array([0.41000965, 1.21631343, 1.64284526, 0.52043935]), 63: array([0.34847627, 0.43673208, 0.64933865, 0.44031538])}"
2,0.15000000000000002,23.126463174819946,1.0000000000000007,"[1, 2, 2, 2, 1, 2, 1, 2, 1, 2, 2, 1, 1, 1]","{0: array([ 0.01093007,  0.17321067,  0.08026253, -0.0205386 ]), 1: array([-0.30789402,  0.27338696, -6.68061539, -0.3117529 ]), 2: array([0.48343615, 0.46574302, 0.82449384, 0.54282462]), 3: array([0.38186877, 0.12751785, 0.29047149, 0.77333618]), 4: array([-6.02379994, -5.74911127,  0.22045484,  0.25716698]), 5: array([0.24749081, 0.22731865, 0.17378247, 0.25430621]), 6: array([ 0.21508185,  0.20822996, -6.09539926,  0.04542238]), 7: array([0.83442661, 0.6316167 , 0.89456792, 0.60941809]), 8: array([ 0.10586329, -0.0367648 ,  0.27597037,  0.04289451]), 9: array([0.1552996 , 0.05705151, 0.37976805, 0.11309143]), 10: array([ 0.25361913, -9.21665178,  0.48461419, -9.02100546]), 11: array([ 0.34100047,  0.59051939, -9.00561912, -9.19553283]), 12: array([0.73217764, 0.72022732, 0.28611049, 0.99572532]), 13: array([-8.12093069,  0.21030015,  0.1899522 ,  0.20854478]), 14: array([0.27853322, 0.13604307, 0.2528879 , 0.2084138 ]), 15: array([ 0.29314938,  0.28028103,  0.32862986, -6.0495523 ]), 16: array([-0.24428589, -0.23621615, -0.24854405,  0.14393058]), 17: array([-0.21847381,  0.28734562, -8.99767881, -0.18787347]), 18: array([0.42279254, 0.78411976, 0.0075504 , 0.61847111]), 19: array([-9.16507341,  0.67641023,  0.69749433,  0.46743568]), 20: array([ 0.53424229,  0.80554983,  0.77500365, -8.89333798]), 21: array([0.18136016, 0.91366165, 0.21593673, 0.19886521]), 22: array([ 0.21681512, -8.2057382 ,  0.34245486,  0.29793679]), 23: array([0.30124461, 0.65362646, 0.33679524, 0.33366425]), 24: array([-0.18301784, -0.19570143, -0.16662586, -0.18843879]), 25: array([-0.16719036, -9.06653707,  0.5030449 , -0.1586815 ]), 26: array([-1.02681503e-01,  6.99529653e-03,  6.76418881e-01, -9.21915920e+00]), 27: array([0.071527  , 0.06816201, 0.80554159, 0.03163654]), 28: array([ 0.67209122, -9.09326365,  0.91469679,  0.67066674]), 29: array([ 0.78689938,  1.02494626, -9.21386019,  0.71953132]), 30: array([0.44553706, 0.51435503, 0.22520706, 0.76914156]), 31: array([0.36142605, 1.24546037, 0.41629736, 0.34873605]), 32: array([-0.1289839 , -0.15236673, -6.46675179, -0.17064516]), 33: array([0.91534636, 0.70024157, 0.48450371, 0.4478702 ]), 34: array([-6.50342758, -6.55664332,  0.06836623,  0.04167394]), 35: array([ 0.05947262,  0.05663497, -6.39262139,  0.04264373]), 36: array([0.88057624, 0.61897479, 0.0191024 , 0.62609888]), 37: array([-8.58821218, -9.03732189,  1.13630935,  0.89423542]), 38: array([ 1.00789594,  1.20068868,  1.24879732, -8.75841079]), 39: array([1.13010324, 1.36242154, 1.13608855, 1.10539037]), 40: array([-0.11545228, -0.13790871, -0.14070766, -0.13926902]), 41: array([-0.10992847, -0.08807835, -6.44841624, -8.29378856]), 42: array([0.81965623, 0.16810506, 0.30050777, 0.28413926]), 43: array([-8.33281337,  0.09854611,  0.08428811,  0.09626215]), 44: array([ 0.17647743, -8.19894938, -6.23770227,  0.01015097]), 45: array([0.08482231, 0.42746432, 0.8880129 , 0.17971375]), 46: array([0.01021297, 1.36242059, 0.44135699, 0.5827573 ]), 47: array([1.24860269, 1.47719347, 1.305463  , 1.18976881]), 48: array([-0.09874781, -0.11649164, -0.12024033, -0.13846762]), 49: array([-0.10073014, -0.07551287, -6.26069775, -0.07223881]), 50: array([0.1042981 , 0.49160151, 0.78406397, 0.93314081]), 51: array([-6.23209305,  0.04105738, -6.3353323 ,  0.03102153]), 52: array([0.81255247, 0.02137714, 0.57537183, 0.34686468]), 53: array([-6.26876115,  0.64768475,  1.33007206, -6.63681166]), 54: array([0.69761081, 0.67950273, 1.47719347, 0.65959089]), 55: array([1.35702253, 1.59312472, 1.42094605, 1.32824336]), 56: array([-0.06317878, -0.08179307,  0.00350674, -0.0969928 ]), 57: array([-0.04866236,  0.00212169,  0.20148604, -0.04671062]), 58: array([ 0.00988759,  0.02952518,  0.29765533, -6.33824343]), 59: array([-0.00176399,  0.14633657,  0.35359018,  0.03425814]), 60: array([ 0.36438157,  0.39462126,  0.63172483, -5.96216492]), 61: array([0.52119203, 0.53999222, 0.56437403, 1.04644162]), 62: array([0.5566897 , 0.09481643, 0.1501062 , 0.6413842 ]), 63: array([0.08422872, 0.08828499, 0.41832061, 0.59911588])}"
3,0.2,22.934677839279175,1.0000000000000007,"[1, 2, 2, 2, 1, 2, 2, 1, 1, 2, 1, 1, 1, 2]","{0: array([0.0628527 , 0.17795831, 0.12934345, 0.04160924]), 1: array([-0.08806806,  0.28004289, -8.53165704, -0.09403158]), 2: array([0.36192955, 0.79630138, 0.28425147, 0.39272184]), 3: array([0.56609812, 0.97509721, 0.13624181, 0.8452022 ]), 4: array([0.68967184, 0.7059034 , 0.90444718, 0.47168829]), 5: array([0.18874611, 0.31715797, 0.3392633 , 0.3189878 ]), 6: array([0.28444273, 0.31979631, 0.30459384, 0.33054708]), 7: array([0.97360751, 0.48527471, 0.31891609, 0.22885979]), 8: array([0.1745136 , 0.04725375, 0.28076597, 0.07448126]), 9: array([0.17159565, 0.27219523, 0.38461209, 0.15481303]), 10: array([ 0.25673356, -9.26029983,  0.48950716, -8.88070854]), 11: array([ 0.37495414,  0.59546178, -8.85465121, -9.00836308]), 12: array([0.84259495, 0.7961812 , 0.81819755, 0.94475169]), 13: array([-8.27111778,  0.80004042,  0.29718759,  0.35022753]), 14: array([0.32471669, 0.22235138, 0.35743223, 0.32507623]), 15: array([ 0.29612075,  0.27989635,  0.33020139, -8.21900906]), 16: array([ 0.00436283, -0.00030811,  0.02527064,  0.17092038]), 17: array([ 0.08813053,  0.44735357, -9.24212023,  0.01249078]), 18: array([0.71789086, 0.02581429, 0.01798475, 0.41504255]), 19: array([-9.12453096,  0.65890818,  0.70248665,  0.47567443]), 20: array([ 0.59340816,  0.78772786,  0.81059257, -8.98217981]), 21: array([0.67475365, 0.91979048, 0.2816426 , 0.65452668]), 22: array([ 0.01115864, -6.41347908,  0.50937675,  0.18993707]), 23: array([0.21504898, 0.77458926, 0.24751751, 0.27589013]), 24: array([0.07883533, 0.08423862, 0.25916371, 0.03521815]), 25: array([ 0.10750674, -9.18274435,  0.58368176,  0.10124905]), 26: array([ 0.20985019,  0.13842841,  0.69985866, -6.63177827]), 27: array([0.27372966, 0.22193636, 0.8105402 , 0.28939773]), 28: array([ 0.21558871, -8.14351281,  0.91979043,  0.34302848]), 29: array([ 0.78764979,  1.03009139, -9.06610158,  0.77782773]), 30: array([0.44706567, 0.82633229, 0.02768746, 0.70028632]), 31: array([-6.26044282,  0.99600351,  0.3685575 ,  0.38329293]), 32: array([ 0.16815076,  0.15069922, -9.20608133,  0.10542848]), 33: array([0.33256641, 0.74805439, 0.74670903, 0.22191023]), 34: array([-6.41220234, -6.43008241,  0.18882144,  0.44402381]), 35: array([0.19404186, 0.20537608, 0.09609727, 0.1772948 ]), 36: array([0.45618247, 0.91020471, 0.18314362, 0.44228905]), 37: array([-8.43262883, -8.57482148,  1.14150646,  0.88934648]), 38: array([ 1.01600607,  1.25404693,  0.99695554, -9.05231822]), 39: array([1.14122896, 0.05347518, 0.63182315, 0.10965448]), 40: array([0.19059629, 0.14839877, 0.17908667, 0.17778592]), 41: array([ 0.16176076,  0.21458358, -8.46909892, -8.45053859]), 42: array([0.36586439, 0.45969492, 0.78367357, 0.7881074 ]), 43: array([-6.14066408,  0.24751386,  0.27328206,  0.25816891]), 44: array([ 0.25053449, -6.52666071,  0.05659929,  0.25474996]), 45: array([0.84827537, 0.7817736 , 0.789374  , 0.57757917]), 46: array([-8.96982138,  1.36772417,  0.92040465,  1.06449923]), 47: array([0.03168588, 1.30513508, 0.6391462 , 0.08637893]), 48: array([0.21875978, 0.18637374, 0.16471045, 0.14350647]), 49: array([ 0.10746176,  0.15148724, -6.04050351,  0.20884179]), 50: array([0.14875323, 0.94933391, 0.48794498, 0.38463947]), 51: array([0.26564161, 0.24324828, 0.17898646, 0.27996167]), 52: array([0.0242693 , 0.17134488, 0.72954477, 0.33837606]), 53: array([0.3853499 , 0.32102813, 1.30705233, 0.43232086]), 54: array([1.04886997, 1.48254966, 1.1260915 , 1.24228716]), 55: array([0.25317814, 1.58203898, 0.45145809, 0.0488973 ]), 56: array([0.18789357, 0.1661502 , 0.17081725, 0.16592611]), 57: array([0.16713997, 0.14325815, 0.21379099, 0.19013348]), 58: array([0.20760608, 0.2748413 , 0.39988949, 0.26087902]), 59: array([0.28540474, 0.19568694, 0.75896551, 0.22416374]), 60: array([ 0.29636107,  0.36700764,  1.19835941, -8.52147331]), 61: array([0.28886523, 0.06931987, 1.48138576, 0.39886618]), 62: array([1.32193278, 1.47219253, 1.59853501, 1.3524085 ]), 63: array([0.32096559, 0.60458082, 0.03380683, 0.22210469])}"
4,0.25,23.6023371219635,1.0000000000000007,"[1, 2, 2, 2, 1, 2, 2, 2, 2, 1, 1, 1, 1, 1]","{0: array([0.21387298, 0.42684125, 0.27604474, 0.2855178 ]), 1: array([-0.52610761,  0.52353685, -9.10376927, -0.47433179]), 2: array([0.7560267 , 0.13601328, 0.90523045, 0.21318507]), 3: array([0.898235  , 0.27581496, 0.55309502, 0.31359562]), 4: array([-5.90071637, -5.92997515,  0.03228464,  0.03888113]), 5: array([0.0388692 , 0.03759147, 0.05049153, 0.03235686]), 6: array([ 0.0358344 ,  0.08729953, -8.85490801,  0.0474724 ]), 7: array([0.37987673, 0.67894604, 0.61195045, 0.28842972]), 8: array([0.3685529 , 0.01012875, 0.53216288, 0.30651437]), 9: array([0.34042951, 0.16978302, 0.63854836, 0.22371917]), 10: array([ 0.49684511, -9.22654256,  0.74600845, -9.0753266 ]), 11: array([ 0.51526141,  0.85455399, -9.06274299, -9.10021001]), 12: array([0.54999754, 0.92379192, 0.71341857, 0.68258996]), 13: array([-8.64090278,  1.0567492 ,  0.06036162,  0.06803515]), 14: array([0.08211374, 0.0853514 , 1.15506427, 0.08347875]), 15: array([ 0.05156701,  1.29933385,  0.12167915, -8.0280561 ]), 16: array([-0.38833828, -0.39900155,  0.34081809, -0.41946775]), 17: array([-0.37007407,  0.62610205, -8.20572645, -0.38727538]), 18: array([0.2627377 , 0.65356219, 0.76646059, 0.69564989]), 19: array([-9.19959129,  0.9126328 ,  0.96419595,  0.72641585]), 20: array([ 0.82037447,  0.77200515,  1.0749454 , -9.06484878]), 21: array([0.88777704, 1.0865232 , 1.18681354, 0.86307998]), 22: array([ 0.89284015, -9.01756243,  1.29981165,  0.93729042]), 23: array([1.07584824, 1.41395116, 1.23104356, 1.10607354]), 24: array([-0.33208738, -0.33157502, -0.31925177, -0.35815811]), 25: array([-0.32376951, -8.67602307,  0.80497807, -0.27317243]), 26: array([-0.18184828, -0.17444911,  0.95095966, -9.19784876]), 27: array([-0.1709081 , -0.09787298,  1.07414844,  0.43512865]), 28: array([-5.30897477e-02, -9.00361356e+00,  1.18672949e+00,  5.44040846e-03]), 29: array([ 4.14737129e-02,  1.29980706e+00, -9.08745056e+00, -5.13043381e-03]), 30: array([0.50941622, 0.89904742, 0.39712886, 0.68720338]), 31: array([-9.09185225,  1.5292436 ,  1.35788105,  1.18394911]), 32: array([-0.3015889 , -0.25925107, -8.98541299, -0.30583463]), 33: array([0.71785347, 0.29317812, 0.04061332, 0.97043266]), 34: array([-8.67965178, -6.62456581, -0.14126609, -0.14845476]), 35: array([-0.10938939, -0.09659288, -8.29624208, -0.11380547]), 36: array([0.80015062, 0.90335011, 0.11197336, 0.42422679]), 37: array([-5.72282579, -8.64453543,  1.41395085,  0.09968099]), 38: array([ 0.24523661,  0.25857529,  1.5292436 , -5.71120205]), 39: array([1.32352554, 1.64570061, 1.45103585, 1.30864693]), 40: array([-0.18780308, -0.18264927, -0.16696876, -0.25350337]), 41: array([-0.12832723, -0.13060429, -8.4918921 , -8.3524477 ]), 42: array([0.51415939, 0.30629139, 0.21557854, 0.15046361]), 43: array([-8.62187037,  0.10402847, -0.02932631, -0.08958708]), 44: array([-0.03292175, -8.29292341, -6.25321618, -6.24425711]), 45: array([0.92281643, 0.63822245, 0.8161644 , 0.10752213]), 46: array([-5.56794954,  0.22297881,  0.13877729,  1.32874328]), 47: array([1.01895646, 1.76333395, 1.63949181, 1.52414751]), 48: array([-0.13894962, -0.12170503, -0.08047978, -0.17925458]), 49: array([-0.10149328,  0.05904955, -6.43510001, -0.07978569]), 50: array([0.72648752, 0.24236887, 0.07180713, 0.97287599]), 51: array([-8.76207647,  0.28944581, -8.80175309, -0.0175829 ]), 52: array([0.8585109 , 0.57292035, 0.7764728 , 0.74833273]), 53: array([-5.96074131,  0.19462133,  0.95925187, -5.94665735]), 54: array([0.13965827, 0.02739544, 1.76315945, 0.19147721]), 55: array([1.61806393, 1.8821555 , 1.75214019, 1.58811178]), 56: array([-0.0918667 , -0.06760688,  0.02520147, -0.06215465]), 57: array([ 0.01001567,  0.01960801,  0.1703479 , -0.09892128]), 58: array([ 0.0548353 ,  0.14496477,  0.20680767, -8.99032409]), 59: array([0.07999637, 0.13976064, 0.25511565, 0.1015696 ]), 60: array([ 0.20775444,  0.29465613,  0.57136635, -9.00182893]), 61: array([0.32005955, 0.33722505, 1.12546327, 0.26199932]), 62: array([0.64767358, 0.32491266, 0.14160191, 1.5539188 ]), 63: array([0.30471089, 0.8881403 , 0.15656934, 0.89106616])}"
5,0.3,23.389097213745117,1.0000000000000007,"[2, 1, 2, 2, 1, 2, 2, 1, 1, 2, 2, 1, 1, 1]","{0: array([0.25343407, 0.35466542, 0.41074652, 0.28916435]), 1: array([ 0.26213947,  0.51590557, -9.61020549,  0.38983637]), 2: array([0.12131551, 0.05806771, 0.36774448, 0.04939771]), 3: array([0.11555022, 0.28566698, 0.34123373, 0.93137322]), 4: array([-5.90956005, -5.81068358,  0.20760156,  0.25431537]), 5: array([0.20649339, 0.26948631, 0.28023221, 0.23214124]), 6: array([ 0.28068127,  0.11270872, -6.11034793,  0.2120695 ]), 7: array([0.41607333, 0.61578612, 0.72299349, 0.02392041]), 8: array([-0.25766572, -0.23754281,  0.51488535, -0.33635606]), 9: array([ 0.34916774, -0.08385841,  0.62212684,  0.39265457]), 10: array([ 0.50468978, -9.1463257 ,  0.72942105, -9.63543688]), 11: array([ 0.59061233,  0.83779904, -9.0171107 , -9.07721727]), 12: array([0.65530602, 0.83528223, 0.72896114, 0.94641113]), 13: array([-8.02854197,  1.04398195,  0.32733942,  0.25726792]), 14: array([0.29571719, 0.26410564, 0.32871679, 0.295502  ]), 15: array([0.11125489, 0.20706492, 0.25972254, 0.00285602]), 16: array([-0.19402543, -0.155684  , -0.17189265, -0.21156469]), 17: array([-0.11243798,  0.14456704, -9.1277621 , -0.14288433]), 18: array([0.80290786, 0.86203806, 0.64433619, 0.39177091]), 19: array([-9.1383574 ,  0.56079624,  0.94727176,  0.67524549]), 20: array([ 0.83027995,  0.98733136,  1.05785026, -9.06255879]), 21: array([0.8774358 , 1.16954572, 0.93568789, 0.87030422]), 22: array([1.05775765, 0.300909  , 0.31382882, 0.31864263]), 23: array([0.91360102, 0.22846901, 0.20241637, 0.21550257]), 24: array([-0.12365636, -0.075387  , -0.09958197, -0.1089779 ]), 25: array([-0.04837627, -9.06143659,  0.41765642, -0.05579219]), 26: array([-0.06001428,  0.05029953,  0.66497471, -8.89636815]), 27: array([0.07977421, 0.14052262, 0.1214592 , 0.83434643]), 28: array([ 0.15962362, -6.82247271,  1.16830265,  0.11918503]), 29: array([ 0.98421144,  1.28236941, -9.01533664,  0.89353685]), 30: array([0.17736914, 0.87003142, 0.94713809, 0.83962378]), 31: array([-8.69356503,  0.14620431,  0.17450553,  0.68673779]), 32: array([-0.07860973, -0.0230693 , -9.04062455, -0.08093662]), 33: array([0.91202707, 0.94757331, 0.82078643, 0.88467482]), 34: array([-6.25239394, -9.00541322,  0.09719323,  0.1397524 ]), 35: array([ 0.09127552,  0.13916897, -8.55125284,  0.09584179]), 36: array([0.47893328, 0.30961057, 0.60172178, 0.5935523 ]), 37: array([-9.30843438, -9.08879144,  1.39633274,  1.16474415]), 38: array([ 1.27871555,  1.45711525,  1.51144721, -9.05952906]), 39: array([1.38133916, 1.62772446, 1.48432516, 0.40812726]), 40: array([-0.00375303, -0.03124844, -0.00142652, -0.04342483]), 41: array([ 1.63841105e-03,  4.71643544e-02, -8.76655998e+00, -8.98783670e+00]), 42: array([0.29757175, 0.49652708, 0.71786708, 0.98540703]), 43: array([-8.28079328,  0.08082646,  0.11161614,  0.15460475]), 44: array([ 0.11769291, -6.4407134 , -6.31136353, -6.70328286]), 45: array([0.02662524, 0.33685164, 0.5146694 , 0.80315379]), 46: array([0.27527865, 0.51200657, 1.62770578, 1.09781164]), 47: array([1.49496829, 1.74517622, 1.52945776, 1.48176264]), 48: array([-0.03811832,  0.02051009, -0.01907286, -0.00330431]), 49: array([ 0.01452117,  0.05237468, -8.39108079,  0.05331264]), 50: array([0.39841576, 0.67257555, 0.15858352, 0.41908599]), 51: array([-6.53798275,  0.082938  , -6.41963465,  0.10197122]), 52: array([0.51558457, 0.83332603, 0.74705576, 0.56596639]), 53: array([0.32406697, 0.61424087, 0.61366985, 0.42065081]), 54: array([0.01169343, 0.32530929, 0.42951906, 1.4284366 ]), 55: array([1.11222618, 1.86381436, 1.6841807 , 1.61390361]), 56: array([0.01660824, 0.00852083, 0.06905998, 0.01119921]), 57: array([0.05783535, 0.06264492, 0.01988348, 0.05300194]), 58: array([ 0.0141082 ,  0.09671492,  0.08207793, -9.07301767]), 59: array([0.07300431, 0.07562716, 0.01582505, 0.04656704]), 60: array([0.87586118, 0.55752314, 0.31165341, 0.17716062]), 61: array([0.11777882, 0.34199657, 0.22665749, 0.73282166]), 62: array([0.30739708, 0.22750638, 0.05324844, 0.34292605]), 63: array([0.69309629, 0.01270749, 0.87253976, 0.8537207 ])}"
6,0.35000000000000003,23.33106803894043,1.0000000000000007,"[2, 1, 2, 2, 1, 2, 2, 1, 1, 2, 1, 2, 1, 1]","{0: array([0.14508353, 0.24100636, 0.26401624, 0.11721044]), 1: array([ 0.13934318,  0.36769317, -9.09418105,  0.23908792]), 2: array([0.73721718, 0.68849192, 0.91496438, 0.02155988]), 3: array([0.53987435, 0.93837684, 0.83014007, 0.18795283]), 4: array([-6.13885804, -8.10204217,  0.14502678,  0.17211272]), 5: array([0.1455856 , 0.16151543, 0.16187062, 0.15916605]), 6: array([ 0.16621112,  0.15669149, -8.54357422,  0.15464277]), 7: array([0.49890836, 0.7031983 , 0.95474762, 0.39764739]), 8: array([-0.35481934, -0.35055498,  0.36739939, -0.48697167]), 9: array([ 0.2229062 , -0.01627702,  0.47241735,  0.25607877]), 10: array([ 0.35083547, -9.39124596,  0.57819934, -9.09418519]), 11: array([ 0.46284376,  0.68504984, -9.08616188, -9.07100104]), 12: array([0.92305411, 0.59365805, 0.89789228, 0.55789608]), 13: array([-8.03621889,  0.17273135,  0.22540926,  0.19077749]), 14: array([0.20047646, 0.14254427, 0.32382584, 0.17374072]), 15: array([ 0.22812427,  0.47282455,  0.24947297, -5.80668349]), 16: array([-0.27364926, -0.26433147, -0.27074991, -0.32344038]), 17: array([-0.26957519,  0.24143767, -9.18688633, -0.26803564]), 18: array([0.61489754, 0.15739239, 0.52881437, 0.10594548]), 19: array([-9.36286264,  0.71515515,  0.79297963,  0.53928846]), 20: array([ 0.65611331,  0.8863119 ,  0.90199963, -9.0840647 ]), 21: array([0.77799644, 1.01212084, 0.7043522 , 0.13411769]), 22: array([ 0.88259319, -8.20451025,  0.15384914,  0.18152836]), 23: array([0.31981118, 0.72894215, 0.26321494, 0.27455358]), 24: array([-0.17773733, -0.17165457, -0.17569652, -0.2786288 ]), 25: array([-0.12112851, -9.13975677,  0.50567345, -0.17484742]), 26: array([-0.06526243, -0.04201587,  0.7343801 , -9.35463479]), 27: array([-0.05678218, -0.003178  ,  0.90030483,  0.01172883]), 28: array([ 0.12273789, -9.20976995,  1.0121204 ,  0.19459657]), 29: array([ 0.88171554,  1.12335438, -9.17681258,  0.89259332]), 30: array([0.50110434, 0.17139339, 0.82890084, 0.09009064]), 31: array([-5.56476792,  1.02961954,  0.34876874,  0.34456012]), 32: array([-0.13909329, -0.09452117, -9.23981116, -0.12292898]), 33: array([0.76708107, 0.01635516, 0.62821989, 0.70671131]), 34: array([-6.37279567, -8.77270328,  0.03521482, -0.00970971]), 35: array([-0.02981646,  0.08129165, -6.14043311,  0.03120683]), 36: array([0.05567939, 0.21659205, 0.68507825, 0.79635401]), 37: array([-9.15670163, -9.01505759,  1.2357115 ,  1.0052895 ]), 38: array([ 1.10349371,  1.34920353,  1.11892983, -9.12222309]), 39: array([1.23571061, 0.31593107, 0.77961954, 0.38454912]), 40: array([-0.03184122,  0.01359101, -0.01886467, -0.07429075]), 41: array([-3.30125554e-02, -1.55693954e-03, -6.58084048e+00,  4.77268278e-02]), 42: array([0.93000654, 0.18192697, 0.07472114, 0.72929051]), 43: array([-8.80822856,  0.21841024,  0.14259568,  0.10369876]), 44: array([ 0.13230176, -6.17539905,  0.02671088, -6.05100312]), 45: array([0.44242678, 0.94712449, 0.95070139, 0.31896291]), 46: array([-8.79141967,  1.45258955,  1.46384195,  1.22459388]), 47: array([1.3331307 , 1.57963834, 1.43789624, 1.11583779]), 48: array([ 0.04411179,  0.20951465, -0.00484925, -0.00537028]), 49: array([ 0.03967031,  0.02177921, -8.4880679 ,  0.04188192]), 50: array([0.58639725, 0.84445481, 0.34169851, 0.52450453]), 51: array([ 0.16962722,  0.3185389 , -8.6519877 ,  0.17085994]), 52: array([0.99686156, 0.63951456, 0.65572668, 0.29127238]), 53: array([-5.46824799,  0.52185472,  0.65925922, -7.62009345]), 54: array([0.66118928, 0.53633966, 1.57963504, 0.37202596]), 55: array([1.46271444, 1.69660438, 1.56429934, 1.39736673]), 56: array([0.06533037, 0.06101823, 0.30853106, 0.06505773]), 57: array([0.24731631, 0.11568201, 0.34766561, 0.17885643]), 58: array([ 0.21859995,  0.38859169,  0.34594624, -5.93249101]), 59: array([0.36699875, 0.32825217, 0.30925164, 0.22131486]), 60: array([ 0.31957683,  0.39321823,  0.31813077, -8.87305054]), 61: array([0.34830096, 0.30105437, 0.02948639, 0.57207353]), 62: array([0.30802642, 0.7652155 , 0.34924684, 0.43882988]), 63: array([0.06794192, 0.28254977, 0.70364079, 0.14915466])}"
7,0.4,23.18843960762024,1.0000000000000007,"[2, 1, 2, 2, 1, 1, 2, 2, 1, 2, 1, 1, 2, 1]","{0: array([0.17594679, 0.27859958, 0.3169399 , 0.17147208]), 1: array([ 0.15518719,  0.42115142, -9.04507506,  0.27755166]), 2: array([0.49146985, 0.47373546, 0.9645524 , 0.85393079]), 3: array([0.53707062, 0.91215366, 0.63207117, 0.71360719]), 4: array([-7.61924983, -5.71020508,  0.22351126,  0.21461942]), 5: array([0.18014294, 0.23450897, 0.24553242, 0.23358602]), 6: array([ 0.18151696,  0.23589304, -7.56732287,  0.2194273 ]), 7: array([0.75763258, 0.98814231, 0.35959045, 0.10333323]), 8: array([-0.39459901, -0.36058627,  0.42083419, -0.44824329]), 9: array([0.2902042 , 0.19578863, 0.52641557, 0.27389292]), 10: array([ 0.32224394, -9.03507782,  0.632743  , -9.04507448]), 11: array([ 0.46504362,  0.74014445, -9.37101171, -9.09547753]), 12: array([0.28712377, 0.16963477, 0.61135528, 0.63037755]), 13: array([-9.34473088,  0.23217659,  0.20735574,  0.21866422]), 14: array([0.24350948, 0.0687302 , 0.26019994, 0.21549297]), 15: array([ 0.25595557,  0.21064866,  0.23086709, -5.33504588]), 16: array([-0.27576844, -0.28021826, -0.30475628, -0.36953978]), 17: array([-0.29725515,  0.47722254, -9.03504582, -0.29633588]), 18: array([0.12717351, 0.97466195, 0.47815546, 0.94287539]), 19: array([-9.03507156,  0.84863075,  0.62085548,  0.61540293]), 20: array([-0.01811331,  0.07064302,  0.95146635, -9.3743492 ]), 21: array([0.16103715, 1.06882226, 0.16882567, 0.17409095]), 22: array([ 0.15537619, -5.49161962,  0.20909521,  0.23305861]), 23: array([0.22524745, 0.33085932, 0.27871348, 0.23924734]), 24: array([-0.19961894, -0.20548261, -0.21320313, -0.2618949 ]), 25: array([-0.19262814, -9.0999665 ,  0.70000647, -0.23063034]), 26: array([-0.1125968 , -0.06223144,  0.84816629, -9.0344779 ]), 27: array([0.69019575, 0.58268885, 0.95821288, 0.72302237]), 28: array([ 0.8405469 , -9.06890574,  1.0689019 ,  0.76277333]), 29: array([ 0.92985164,  1.18070899, -9.21363225,  0.90800515]), 30: array([0.79376493, 0.69784419, 0.1835375 , 0.75889004]), 31: array([-7.87068892,  0.75184048,  0.2896778 ,  0.30620666]), 32: array([-0.132611  , -0.13068848, -9.06983454, -0.12807485]), 33: array([0.17056591, 0.49742408, 0.25796969, 0.90911542]), 34: array([-8.80422075e+00, -9.35565729e+00,  8.99564288e-03, -4.53272847e-02]), 35: array([ 2.60352065e-03,  2.81373583e-02, -9.06789715e+00,  8.10398574e-01]), 36: array([0.12366135, 0.93986874, 0.18099991, 0.77719915]), 37: array([-9.06520874, -9.07996013,  1.29364544,  1.02022255]), 38: array([ 1.09984967,  1.40772267,  1.27964869, -9.21354053]), 39: array([0.40000377, 1.50379716, 0.34639581, 0.39701269]), 40: array([-0.09524975, -0.05181062, -0.05547717, -0.04028462]), 41: array([-2.47390523e-02, -3.65936658e-04, -8.61775993e+00, -7.87248375e+00]), 42: array([0.33656008, 0.02163585, 0.23057139, 0.12397866]), 43: array([-9.55241021,  0.05318031,  0.03395929,  0.02879146]), 44: array([ 0.09050909, -7.40081799, -6.20808705, -6.08467575]), 45: array([0.5857103 , 0.92775208, 0.14411203, 0.14468119]), 46: array([-8.84698868,  1.52295219,  1.50724376,  1.18336675]), 47: array([0.34343469, 1.63934483, 0.4155874 , 0.37929539]), 48: array([-0.01821056, -0.04848003, -0.01871272, -0.05130749]), 49: array([-4.24379396e-02,  2.71744108e-02, -9.15303049e+00,  5.24132570e-03]), 50: array([0.85543377, 0.37917047, 0.62697923, 0.12050292]), 51: array([-9.12395427,  0.13460027, -6.38690928,  0.04817626]), 52: array([0.87678825, 0.12187228, 0.00459379, 0.37214649]), 53: array([-6.5469453 ,  0.37683462,  1.52271937, -8.7415479 ]), 54: array([1.39693898, 1.2324622 , 1.63934565, 1.3460646 ]), 55: array([1.51865358, 1.7569148 , 1.60139613, 1.50216114]), 56: array([-0.00061224, -0.04248094,  0.00710313, -0.02850982]), 57: array([-0.01510079,  0.04045062,  0.06608979,  0.02240146]), 58: array([ 0.07532867,  0.10315126,  0.12603158, -7.84615501]), 59: array([0.17494218, 0.14429106, 0.38499958, 0.0980391 ]), 60: array([ 0.19984039,  0.20110621,  0.81885091, -8.68733845]), 61: array([0.35132154, 0.28255794, 0.35134116, 1.24450441]), 62: array([0.30676766, 0.32161827, 1.6577998 , 0.29028977]), 63: array([0.0490556 , 0.7645604 , 0.38247091, 0.6693619 ])}"
8,0.45,23.442015647888184,1.0000000000000007,"[2, 1, 2, 2, 1, 1, 1, 1, 1, 1, 2, 2, 2, 2]","{0: array([0.36488995, 0.40342391, 0.49574109, 0.34124075]), 1: array([ 0.34073821,  0.60175868, -9.05322553,  0.49262872]), 2: array([0.84659329, 0.68035966, 0.0313798 , 0.95633273]), 3: array([0.18350114, 0.51885714, 0.59197965, 0.20242401]), 4: array([0.02558159, 0.14762581, 0.18824097, 0.02277619]), 5: array([0.04160974, 0.18137882, 0.1828416 , 0.18759933]), 6: array([ 0.18207468,  0.17882877, -7.98936223,  0.17833229]), 7: array([0.01477033, 0.63783336, 0.46606016, 0.93016412]), 8: array([-0.21826783, -0.15759223,  0.59731411, -0.24733914]), 9: array([0.34273481, 0.25278715, 0.70884715, 0.47033158]), 10: array([ 0.59327466, -9.1008427 ,  0.81701732, -9.05268245]), 11: array([ 0.65128464,  0.92628013, -9.17721966, -9.4083516 ]), 12: array([0.31497802, 0.5677365 , 0.82994597, 0.31739425]), 13: array([-8.75455036,  0.18435529,  0.18552146,  0.18721565]), 14: array([0.19652508, 0.19246829, 0.18801989, 0.18570149]), 15: array([ 0.20508604,  0.1952457 ,  0.20218347, -7.98883231]), 16: array([-0.12278615, -0.07734896, -0.1237326 , -0.15355995]), 17: array([-0.10738616,  0.58125903, -9.1008625 , -0.06488938]), 18: array([0.14428888, 0.70379311, 0.90820793, 0.35273639]), 19: array([-9.10086713,  1.03664659,  0.5009448 ,  0.79764721]), 20: array([ 0.18684751,  0.80418827,  0.18972333, -9.05371263]), 21: array([ 0.18451354, -0.76124791,  0.1795643 ,  0.17707511]), 22: array([ 0.18959829, -7.99629877,  0.18055458,  0.18185421]), 23: array([0.17343121, 0.16740065, 0.16529997, 0.10939731]), 24: array([-0.03717435,  0.01385866, -0.02216921, -0.09905097]), 25: array([ 2.68061261e-03, -9.31667392e+00,  8.60842149e-01, -8.60190378e-02]), 26: array([ 0.0549092 ,  0.12317589,  1.03607828, -9.10068723]), 27: array([0.88223786, 1.14812787, 0.74866875, 0.91785631]), 28: array([ 1.02917361, -8.94032348,  0.17464894,  0.17415938]), 29: array([ 0.19684574,  0.20762758, -9.21578677,  0.20553006]), 30: array([0.28541124, 0.76367407, 0.11424217, 0.58335647]), 31: array([-6.57083769,  0.22978793,  0.18704821,  0.19273977]), 32: array([ 0.04943359,  0.10439566, -9.26071954,  0.05465601]), 33: array([0.03896885, 0.0288678 , 0.69017821, 0.56543929]), 34: array([-5.73903544, -9.09857204,  1.12251745,  0.13616458]), 35: array([ 0.90065036,  1.26073522, -9.14264676,  1.02469339]), 36: array([0.49403066, 0.51726147, 0.24361467, 0.86467965]), 37: array([-7.99833176, -8.52499827,  0.21582262,  0.19933289]), 38: array([ 0.20956536,  0.23312511,  0.24965476, -6.00624719]), 39: array([0.22505148, 0.51781765, 0.23033646, 0.25111918]), 40: array([0.19436977, 0.20475159, 0.20843222, 0.04881864]), 41: array([ 0.16340687,  0.50068531, -8.3798997 , -6.78833156]), 42: array([0.86306166, 0.87752456, 0.76181019, 0.88985291]), 43: array([-9.11277276,  1.37448002,  0.86346778,  1.14077438]), 44: array([1.17300508, 0.194871  , 0.2501549 , 0.2398857 ]), 45: array([0.3284967 , 0.14951565, 0.26882257, 0.41044352]), 46: array([0.74720776, 1.61637728, 0.77276252, 0.62154529]), 47: array([1.08275061, 0.28894879, 0.2874387 , 0.31574661]), 48: array([0.22813528, 0.2491889 , 0.26602623, 0.20805013]), 49: array([0.2813681 , 0.9284364 , 0.10830558, 0.23621977]), 50: array([0.91231853, 0.51456416, 0.91838067, 0.97758686]), 51: array([-9.03046753,  1.48937376, -9.13244114,  1.25041071]), 52: array([0.74966998, 0.21204528, 0.09957288, 0.82815037]), 53: array([-6.00047515,  0.22464766,  1.60098708, -8.50104641]), 54: array([0.68883134, 1.84104835, 0.45446308, 0.46575459]), 55: array([0.04828223, 0.26602812, 0.07346931, 0.2697065 ]), 56: array([0.21780825, 0.19470254, 0.33619741, 0.30573884]), 57: array([0.25185684, 0.35260204, 1.28230133, 0.31438939]), 58: array([ 0.2849763 ,  0.70084019,  1.48918765, -8.26303725]), 59: array([1.3665583 , 1.47267216, 1.60542804, 1.36569156]), 60: array([ 1.44739268,  1.60359208,  1.72265459, -9.16642088]), 61: array([1.59934255, 1.69273837, 1.84106524, 1.1889928 ]), 62: array([1.71945891, 1.82802676, 1.96067196, 1.71358931]), 63: array([0.68369272, 0.41231925, 0.14664349, 0.97037572])}"
9,0.5,23.51132321357727,1.0000000000000007,"[1, 1, 1, 2, 2, 2, 1, 1, 1, 1, 2, 2, 2, 2]","{0: array([0.08144399, 0.18773422, 0.03011112, 0.07768701]), 1: array([-0.28459681,  0.23931242, -9.26307492, -0.21238872]), 2: array([0.03197149, 0.74423948, 0.53700423, 0.04463871]), 3: array([0.29223505, 0.3345357 , 0.16860226, 0.45383786]), 4: array([-6.05222881,  0.24382394,  0.54899637,  0.41536853]), 5: array([0.48494632, 0.36167206, 0.43630144, 0.28566441]), 6: array([ 0.47493332,  0.41811635, -8.94152225,  0.46784381]), 7: array([0.17914063, 0.81343424, 0.85536739, 0.90453176]), 8: array([0.18305061, 0.29064062, 0.28212034, 0.06633373]), 9: array([-0.19432982,  0.39434907, -0.0484729 , -0.21459383]), 10: array([-0.10668864, -9.16564948,  0.04901362, -9.26320096]), 11: array([-3.20271079e-03,  1.49962214e-01, -9.64932788e+00, -9.44864940e+00]), 12: array([0.25968946, 0.10900113, 0.34230821, 0.1907854 ]), 13: array([-6.34740179,  0.10784345,  0.31065499,  0.07454302]), 14: array([0.31186953, 0.36022808, 0.38933766, 0.3902122 ]), 15: array([ 0.39074911,  0.33638827,  0.45436954, -5.74115116]), 16: array([0.26003329, 0.39458649, 0.38989082, 0.16589978]), 17: array([-0.08830812,  0.49958222, -9.11929875, -0.07216407]), 18: array([0.77699228, 0.84183969, 0.59153111, 0.5915066 ]), 19: array([-9.15513133,  0.70743283,  0.21426936,  0.14603112]), 20: array([ 0.23352177,  0.321386  ,  0.29536565, -8.67745621]), 21: array([0.2407988 , 0.45475897, 0.36836293, 0.32475005]), 22: array([ 0.41694559, -8.86774454,  0.42541004,  0.35186829]), 23: array([0.31843068, 0.5306642 , 0.4100482 , 0.46930916]), 24: array([0.35759076, 0.15220698, 0.49958231, 0.27314953]), 25: array([ 0.38752292, -9.28136684,  0.6056387 ,  0.35656762]), 26: array([ 0.47365407,  0.63989359,  0.71276636, -9.16394576]), 27: array([0.57555765, 0.82097612, 0.49568736, 0.57120751]), 28: array([ 0.28247979, -8.39992215,  0.71353586,  0.05620064]), 29: array([ 0.29739417,  0.92796908, -8.92006177,  0.07095407]), 30: array([0.8000553 , 0.40814865, 0.38802507, 0.61252146]), 31: array([-5.94979193,  0.59736161,  0.52945849,  0.50076527]), 32: array([ 0.03501157,  0.03733746, -9.26250538,  0.34723467]), 33: array([0.36574211, 0.08319105, 0.45898656, 0.7234416 ]), 34: array([-8.41833217, -6.45114686,  0.81988649,  0.21383619]), 35: array([ 0.68024076,  0.93027891, -9.16238654,  0.70934112]), 36: array([0.26791066, 0.8317151 , 0.44601579, 0.2009323 ]), 37: array([-8.00598541, -5.78821669,  1.11100996,  0.39945473]), 38: array([0.62580109, 1.25549148, 0.63322847, 0.41169463]), 39: array([0.61943257, 0.57379029, 0.6445573 , 0.60058491]), 40: array([0.06797022, 0.07130702, 0.06738065, 0.06658958]), 41: array([ 0.07415004,  0.15645408, -9.12930157, -8.15322261]), 42: array([0.39335505, 0.64795816, 0.43177218, 0.85707855]), 43: array([-9.14074087,  1.04068577,  0.78545544,  0.81016945]), 44: array([ 0.92454288,  0.31135984,  0.2881257 , -6.24924303]), 45: array([0.5916518 , 0.03532624, 0.70745778, 0.62736521]), 46: array([-5.80822913,  1.3775415 ,  0.74897873,  0.68520777]), 47: array([0.97926923, 0.56730062, 0.43780736, 0.43622583]), 48: array([0.09095398, 0.09604875, 0.20161705, 0.10288706]), 49: array([ 0.15398403,  0.58358227, -8.4868123 ,  0.16223706]), 50: array([0.46054285, 0.30848667, 0.87355611, 0.65384856]), 51: array([-9.13105586,  1.15220785, -9.05012922,  0.9284112 ]), 52: array([0.3094015 , 0.54345926, 0.63593954, 0.91291009]), 53: array([ 0.28587643,  0.25129524,  1.32490262, -5.15854879]), 54: array([0.34123625, 0.84990221, 1.49357721, 0.90836134]), 55: array([0.04995637, 1.6096753 , 0.74001309, 0.56891115]), 56: array([0.08288354, 0.10972959, 0.09395304, 0.08045451]), 57: array([0.1238015 , 0.06292526, 0.94830892, 0.15275959]), 58: array([ 0.48886451,  0.69511372,  1.15208131, -6.14029917]), 59: array([1.03734733, 1.14474896, 1.26485641, 0.9788172 ]), 60: array([ 1.12785579,  1.21958146,  1.37864284, -9.09392237]), 61: array([1.25656043, 1.37212923, 1.49357863, 1.08461127]), 62: array([1.37711025, 1.47648228, 1.60967538, 1.36028071]), 63: array([0.61583372, 0.25489049, 0.21945668, 0.37079381])}"
10,0.55,23.53464674949646,1.0000000000000007,"[2, 1, 2, 2, 1, 2, 2, 2, 2, 1, 1, 1, 1, 1]","{0: array([0.29892   , 0.40403087, 0.44562572, 0.3054471 ]), 1: array([ 0.32736584,  0.55113709, -9.26302332,  0.42156348]), 2: array([0.65763619, 0.58663869, 0.74442089, 0.04250059]), 3: array([0.00549022, 0.27308741, 0.14035041, 0.58480488]), 4: array([-5.36629008, -8.4901643 ,  0.36942149,  0.08280609]), 5: array([0.30857737, 0.22151752, 0.32325403, 0.32650138]), 6: array([ 0.36521075,  0.32788602, -7.84629785,  0.31595878]), 7: array([0.56807714, 0.69226245, 0.16458246, 0.03716446]), 8: array([-0.18867302, -0.18989231,  0.55091933, -0.34663464]), 9: array([ 0.42482357, -0.04014972,  0.65771423,  0.43594619]), 10: array([ 0.46798962, -9.61534656,  0.76536791, -9.26302244]), 11: array([ 0.63366429,  0.874109  , -9.07815806, -9.42104285]), 12: array([0.46213823, 0.59665731, 0.93115214, 0.89334449]), 13: array([-8.5902868 ,  1.06412728,  0.28028421,  0.25724311]), 14: array([0.29396125, 1.19381625, 0.3577849 , 0.36824783]), 15: array([ 0.34502523,  1.31595613,  0.37365808, -5.62029615]), 16: array([-0.14356436, -0.0990216 , -0.13918422, -0.16264036]), 17: array([-0.14615203,  0.19514793, -9.6153463 , -0.07646103]), 18: array([0.38853882, 0.33015445, 0.2512333 , 0.1369511 ]), 19: array([-9.61528286,  0.69845899,  0.98394849,  0.7605222 ]), 20: array([ 0.86091947,  0.79413649,  1.09489746, -9.07021492]), 21: array([0.93558503, 0.95057992, 1.20696713, 0.85362478]), 22: array([ 1.06020489, -9.51638007,  1.32016882,  1.01718297]), 23: array([1.14631516, 1.43451396, 1.30568166, 1.17369808]), 24: array([-0.0329519 , -0.00231284, -0.05337813, -0.05682156]), 25: array([-0.03868304, -9.40969686,  0.46616987, -0.02341139]), 26: array([-0.030435  ,  0.07709039,  0.7083148 , -9.51671013]), 27: array([0.12217655, 0.16885981, 0.19811219, 0.87291858]), 28: array([ 0.19313907, -9.0821482 ,  0.96726266,  0.19994267]), 29: array([ 0.2019785 ,  0.02042194, -9.22638859,  1.09473063]), 30: array([0.23305555, 0.42206829, 0.12389453, 0.18612083]), 31: array([-9.4450845 ,  1.5500141 ,  1.34952019,  1.29015035]), 32: array([ 0.04555487,  0.07201101, -9.29304981, -0.01302272]), 33: array([0.20025871, 0.36318796, 0.01518947, 0.59421596]), 34: array([-9.31564321, -9.35811545,  0.16780382,  0.0735049 ]), 35: array([ 0.04820467,  0.25880748, -8.69218044,  0.17191626]), 36: array([0.6246177 , 0.7679214 , 0.91472333, 0.38038812]), 37: array([-8.78074231, -8.36547451,  0.10001475,  0.10138793]), 38: array([ 0.4471616 ,  0.50708274,  1.54986394, -6.2781667 ]), 39: array([1.40381186, 1.66668091, 1.52650245, 1.37686712]), 40: array([0.1050886 , 0.13440371, 0.11386236, 0.05920869]), 41: array([ 0.10223746,  0.18719894, -8.32840331, -9.37631249]), 42: array([0.6087429 , 0.04977544, 0.50129656, 0.03622792]), 43: array([-8.3658123 ,  0.32667971,  0.2409502 ,  0.22367818]), 44: array([ 0.31308325, -7.96613317, -8.43537292, -6.1864832 ]), 45: array([0.12382206, 0.30662707, 0.56113146, 0.59528496]), 46: array([-6.29683686,  0.1318379 ,  0.11548756,  1.40867869]), 47: array([1.19389248, 1.78452617, 1.64933748, 1.54684501]), 48: array([0.1395707 , 0.18756208, 0.20631154, 0.09541423]), 49: array([ 0.26314827,  0.29338763, -8.78432603,  0.12755463]), 50: array([0.99706716, 0.19696316, 0.02609141, 0.14480399]), 51: array([-5.8487875 ,  0.48594523, -8.11671825,  0.31870097]), 52: array([0.30260099, 0.41013392, 0.38784997, 0.76740352]), 53: array([-6.02076455,  1.63600372,  0.29438953, -6.27459228]), 54: array([1.41776169, 0.26386962, 0.30150948, 0.47411163]), 55: array([1.09446953, 1.90356179, 1.77115685, 1.64079047]), 56: array([0.24227498, 0.22542066, 0.30340984, 0.22513011]), 57: array([0.18130906, 0.29327819, 0.44532886, 0.23523869]), 58: array([ 0.29608373,  0.42869088,  0.65247082, -8.60370659]), 59: array([0.41733106, 0.54105215, 0.9953576 , 0.31672939]), 60: array([ 0.64560269,  0.64515666,  1.44585769, -9.0976535 ]), 61: array([0.98739062, 1.0474858 , 1.78010411, 0.63820224]), 62: array([1.52605602, 1.29826428, 1.9026901 , 0.35241954]), 63: array([0.00410645, 0.91268868, 0.45657289, 0.00782026])}"
11,0.6000000000000001,23.356324672698975,1.0000000000000007,"[1, 1, 1, 1, 1, 1, 1, 2, 2, 2, 2, 2, 2, 2]","{0: array([ 0.17823539,  0.29986894, -0.14396353,  0.17394352]), 1: array([-0.33484897,  0.14632578, -9.0494456 , -0.25791459]), 2: array([0.5547305 , 0.32382556, 0.25309303, 0.96015595]), 3: array([0.10919742, 0.96921604, 0.45868908, 0.93331083]), 4: array([0.3309609 , 0.50655244, 0.07595302, 0.90454672]), 5: array([0.19582472, 0.37401907, 0.42961283, 0.46317505]), 6: array([0.43005264, 0.39146057, 0.37805316, 0.43715689]), 7: array([0.81548964, 0.78622912, 0.02234315, 0.62714063]), 8: array([0.29359523, 0.40390802, 0.16754711, 0.1553637 ]), 9: array([-0.27944712,  0.45217128, -0.13129786, -0.26322916]), 10: array([-0.15288925, -9.13373793, -0.034307  , -9.04779986]), 11: array([ 0.0366939 ,  0.06240018, -9.65559376, -8.52944408]), 12: array([0.07396293, 0.34158265, 0.30792793, 0.18971988]), 13: array([-9.16777031,  0.34553002,  0.34471924,  0.58626345]), 14: array([0.18622452, 0.1575336 , 0.34733228, 0.24475179]), 15: array([0.28875936, 0.37889546, 0.31373271, 0.34019878]), 16: array([0.36513993, 0.508998  , 0.24332083, 0.29099649]), 17: array([-0.10072465,  0.60013087, -9.13428818, -0.16634236]), 18: array([0.87445638, 0.24585138, 0.10271772, 0.29323022]), 19: array([-8.03641647e+00,  1.82649164e-01,  1.48082969e-01,  4.08205745e-03]), 20: array([ 0.12138414,  0.17484756,  0.22993807, -9.41129288]), 21: array([0.29921277, 0.26211517, 0.31295633, 0.37315975]), 22: array([ 0.30611727, -5.76865753,  0.38904974,  0.16915427]), 23: array([0.34651489, 0.40993147, 0.41391373, 0.38904716]), 24: array([0.43596683, 0.6151495 , 0.52291557, 0.31574083]), 25: array([-0.08740938, -9.41828345,  0.71974096, -0.11643971]), 26: array([ 5.30329063e-03,  8.29991425e-01,  1.53224414e-01, -9.13343554e+00]), 27: array([0.12573296, 0.43813098, 0.17853528, 0.177661  ]), 28: array([ 0.21282553, -9.02845988,  0.20926877,  0.17494643]), 29: array([ 0.21569732,  0.28979837, -7.68492739,  0.27224101]), 30: array([0.33467206, 0.80835946, 0.42909016, 0.02745883]), 31: array([-8.81171702,  0.39856732,  0.41768269,  0.41245327]), 32: array([ 0.56470473,  0.72237323, -9.4180005 ,  0.47717265]), 33: array([0.58759247, 0.34421092, 0.07099453, 0.5211878 ]), 34: array([-9.38476036, -9.31417513,  0.93994552,  0.13577103]), 35: array([ 0.27349161,  1.05056847, -8.9479972 ,  0.18263577]), 36: array([0.97544825, 0.85508021, 0.06654761, 0.1146459 ]), 37: array([-5.6798603 , -8.28101945,  0.22416408,  0.28612842]), 38: array([ 0.42086786,  0.4304999 ,  0.4301455 , -8.61781867]), 39: array([0.42031606, 0.42672805, 0.45373309, 0.41871257]), 40: array([0.7047103 , 0.83068003, 0.59821068, 0.53705021]), 41: array([ 0.19340307,  0.87098418, -9.23134854, -9.17586651]), 42: array([0.67703204, 0.67324791, 0.31259767, 0.03627336]), 43: array([-9.21761852,  1.16220743,  0.42210296,  0.39380494]), 44: array([ 0.39547351, -8.04741346, -9.02459516,  0.05575564]), 45: array([0.10498163, 0.67607749, 0.28041217, 0.68021299]), 46: array([-5.29787098,  0.97056082,  0.14009273,  0.31045055]), 47: array([0.41048076, 0.65898798, 0.47146538, 0.4771959 ]), 48: array([0.80635432, 0.94008084, 0.85630061, 0.7024408 ]), 49: array([ 0.23709543,  1.05039736, -9.06040413,  0.16055263]), 50: array([0.68263201, 0.78774498, 0.7560422 , 0.11283525]), 51: array([-9.11587641,  1.27495836,  0.08430664,  0.80072097]), 52: array([0.8986543 , 0.73361721, 0.24664522, 0.67446694]), 53: array([ 0.19948173,  1.49608808,  0.27242022, -5.42619042]), 54: array([0.31729416, 1.61713331, 0.60176951, 0.28453509]), 55: array([1.18960478, 0.14551774, 0.55827785, 0.46506806]), 56: array([0.90058458, 0.89597269, 1.0505867 , 0.81252108]), 57: array([0.93709204, 1.0245869 , 1.16220879, 0.87514799]), 58: array([ 1.04782291,  1.14813928,  1.27495838, -9.14988233]), 59: array([1.15217376, 1.27428381, 1.38884684, 1.15088021]), 60: array([ 1.26567493,  1.37527332,  1.5038857 , -8.85775044]), 61: array([1.38744112, 1.50281212, 1.62008657, 1.33392508]), 62: array([1.50346325, 1.61271479, 1.73746118, 1.45682952]), 63: array([0.74491028, 0.19592112, 0.6806762 , 0.25990142])}"
12,0.6500000000000001,23.197447299957275,1.0000000000000007,"[1, 2, 2, 2, 1, 2, 1, 2, 1, 2, 2, 1, 1, 1]","{0: array([0.34198633, 0.50289207, 0.43782642, 0.34169699]), 1: array([-0.44160294,  0.60544713, -9.30288503, -0.32665741]), 2: array([0.33841491, 0.70415653, 0.21496086, 0.23302967]), 3: array([0.51912368, 0.80538152, 0.10921117, 0.82018198]), 4: array([-8.02229734, -8.6244258 ,  0.26494712,  0.24531255]), 5: array([0.29063904, 0.27413061, 0.27544038, 0.27849154]), 6: array([ 0.29251711,  0.25212214, -8.92715911,  0.27488144]), 7: array([0.49712818, 0.27585808, 0.98852186, 0.169019  ]), 8: array([ 0.43601659, -0.13590785,  0.60898189,  0.2988709 ]), 9: array([0.48163842, 0.15940813, 0.71614332, 0.30920333]), 10: array([ 0.57166631, -9.33095653,  0.82438719, -9.30288503]), 11: array([ 0.64026772,  0.93372444, -9.57059704, -9.18801984]), 12: array([0.02503481, 0.18288385, 0.22284202, 0.43374036]), 13: array([-9.50778702,  0.26876085,  0.2625334 ,  0.26855793]), 14: array([0.25703681, 0.26726985, 0.23667156, 0.24799875]), 15: array([ 0.24042083,  0.2416126 ,  0.26425684, -8.88360389]), 16: array([-0.21178948, -0.19445074,  0.1788774 , -0.35424986]), 17: array([-0.23289308,  0.60425218, -9.33095653, -0.1884314 ]), 18: array([0.55705302, 0.60181666, 0.67580148, 0.55453844]), 19: array([-9.33095653,  0.99499133,  1.0441661 ,  0.80796461]), 20: array([ 0.88922256,  1.15572333,  1.07946584, -9.57059692]), 21: array([0.13957632, 1.26460925, 0.26541707, 0.25779683]), 22: array([ 0.13815091, -8.62669188,  0.22268632,  0.26485251]), 23: array([0.21839948, 0.17707528, 0.18886327, 0.2205952 ]), 24: array([-0.1436637 , -0.11804658, -0.10355422, -0.22639242]), 25: array([-0.1748591 , -9.57707632,  0.85127019, -0.17458221]), 26: array([-0.06463873,  0.02027149,  1.02828816, -9.33095204]), 27: array([0.02573679, 0.09384765, 1.15571438, 0.14940339]), 28: array([ 1.0046901 , -9.33078874,  1.2684074 ,  0.92267191]), 29: array([ 0.9466958 ,  1.3822297 , -9.1449084 ,  0.94985913]), 30: array([0.86336432, 0.57901816, 0.61828342, 0.38891276]), 31: array([-8.28177637,  1.55175056,  0.16327743,  0.17410074]), 32: array([-0.08052709, -0.05285892, -9.57703092, -0.08124322]), 33: array([0.13173159, 0.40663307, 0.22026132, 0.42719564]), 34: array([-9.57684088, -9.00743002,  0.06913816,  0.07577987]), 35: array([ 0.0957535 ,  0.13304151, -9.32284531,  0.12101116]), 36: array([0.10655705, 0.44077199, 0.67596855, 0.57753982]), 37: array([-9.32878456, -9.06924588,  1.49720172,  1.23471283]), 38: array([ 1.37685924,  1.57932247,  1.61333507, -9.08036529]), 39: array([1.34134258, 1.73064148, 1.56568969, 1.24151253]), 40: array([-0.02897365,  0.01567895,  0.03657649, -0.08915429]), 41: array([ 0.01769978,  0.08860871, -8.94307069, -9.50830549]), 42: array([0.96072267, 0.95903154, 0.2029595 , 0.99393364]), 43: array([-8.99132238,  0.21222249,  0.21624017,  0.10391587]), 44: array([ 0.2570089 , -7.89656679, -8.88824202, -8.45977624]), 45: array([0.270834  , 0.907384  , 0.36088525, 0.5994933 ]), 46: array([-6.61531396,  0.32459487,  1.73062822,  0.47809665]), 47: array([1.5569292 , 1.84913281, 1.67198136, 1.46257101]), 48: array([0.06341898, 0.06823747, 0.09237832, 0.03376203]), 49: array([ 0.0746807 ,  0.12508803, -9.22536   ,  0.09362305]), 50: array([0.77776945, 0.53130144, 0.1708363 , 0.58911973]), 51: array([-8.36850436,  0.43041061, -7.99147297,  0.25260406]), 52: array([0.07076548, 0.11169228, 0.89126577, 0.04940901]), 53: array([ 0.01913703,  0.56154786,  0.43762361, -7.98414915]), 54: array([0.43421853, 0.39532315, 0.25812309, 1.58508731]), 55: array([1.37548641, 1.96882102, 1.64772548, 1.70884291]), 56: array([0.08881583, 0.12051984, 0.11083657, 0.11570302]), 57: array([0.13182576, 0.1229786 , 0.18421412, 0.13271611]), 58: array([ 0.1797444 ,  0.18856412,  0.34849165, -9.21685495]), 59: array([0.22904784, 0.34968011, 0.85426005, 0.26354331]), 60: array([ 0.4442002 ,  0.42622262,  1.25513099, -8.82447123]), 61: array([0.60011076, 0.30784525, 1.66221462, 0.41448217]), 62: array([0.37196315, 1.37769673, 1.91806319, 0.49305472]), 63: array([0.24679027, 0.46825981, 0.57485529, 0.97860709])}"
13,0.7000000000000001,23.200496435165405,1.0000000000000007,"[1, 1, 1, 2, 2, 2, 1, 1, 1, 1, 2, 2, 2, 2]","{0: array([ 0.09434883,  0.28733965, -0.15902089,  0.14125156]), 1: array([-0.47549202,  0.14202698, -9.09075254, -0.37273734]), 2: array([0.91843178, 0.51627227, 0.61343117, 0.83187428]), 3: array([0.83828439, 0.25156629, 0.46387788, 0.38973091]), 4: array([-8.91769699, -8.63869632,  0.26563386,  0.27784008]), 5: array([0.25611744, 0.2419658 , 0.24247771, 0.2512004 ]), 6: array([ 0.26539327,  0.25378898, -8.89955273,  0.26951872]), 7: array([0.4126428 , 0.89379946, 0.34469715, 0.6662498 ]), 8: array([0.22092521, 0.39125217, 0.17738323, 0.1499837 ]), 9: array([-0.37737214, -0.26363341,  0.43869728, -0.38384116]), 10: array([-0.28512749, -9.11547825,  0.58412109, -9.09075254]), 11: array([-0.16893958,  0.70620982, -9.06732668, -9.17009845]), 12: array([0.38652498, 0.94209426, 0.11807218, 0.32149835]), 13: array([-9.05157563,  0.20882573,  0.21454796,  0.22036331]), 14: array([0.24906163, 0.24179064, 0.25263453, 0.24835096]), 15: array([ 0.27938221,  0.27555844,  0.26108945, -8.71148954]), 16: array([0.36306365, 0.49621432, 0.37389773, 0.25255508]), 17: array([-0.25823875,  0.59550316, -9.11547825, -0.26566746]), 18: array([0.89345631, 0.34955784, 0.07449742, 0.59477496]), 19: array([-9.11547825,  0.81746674,  0.0094817 , -0.07783524]), 20: array([ 0.0505399 ,  0.09868194,  0.10037794, -9.06732666]), 21: array([0.11152606, 0.18580621, 0.2219683 , 0.18873497]), 22: array([ 0.2573676 , -8.75414763,  0.41615509,  0.25336588]), 23: array([0.30465366, 0.71191994, 0.31623828, 0.2942299 ]), 24: array([ 0.47077565, -0.14467752,  0.60223668,  0.36375089]), 25: array([ 0.44782643, -9.31929457,  0.70932998,  0.33937337]), 26: array([ 0.57414123,  0.68840387,  0.81750503, -9.11547825]), 27: array([0.60363944, 0.92677276, 0.15698281, 0.67206831]), 28: array([ 0.11552036, -9.12878128,  0.38323165,  0.11271521]), 29: array([ 0.23234292,  0.6783733 , -9.04119591,  0.18925621]), 30: array([0.9684546 , 0.81966779, 0.08090954, 0.41879883]), 31: array([-5.81175904,  1.06991078,  0.37999427,  0.35660836]), 32: array([-0.11050017,  0.03451753, -9.31929457, -0.1570789 ]), 33: array([0.68758124, 0.04558694, 0.51346368, 0.00130358]), 34: array([-9.31848268, -9.01131849,  0.92247022,  0.04703799]), 35: array([ 0.71219933,  1.0371442 , -9.1287731 ,  0.74992806]), 36: array([0.80784409, 0.20315596, 0.88000742, 0.65723912]), 37: array([-9.12185683, -9.67248344,  1.00109051,  0.29170265]), 38: array([ 0.3224929 ,  0.39605604,  1.27924371, -8.94545494]), 39: array([0.41073289, 1.46969756, 0.45973701, 0.398395  ]), 40: array([-0.02225257,  0.28162141, -0.0170937 , -0.06394702]), 41: array([ 0.03426951,  0.08399148, -9.02298945, -9.26448296]), 42: array([0.80546222, 0.77844132, 0.96152466, 0.33406881]), 43: array([-8.96750679,  1.14863051,  0.58971134,  0.87774953]), 44: array([ 0.93052823, -4.53177977, -9.29152084, -5.47920672]), 45: array([0.30644543, 0.30886758, 0.00095444, 0.32342421]), 46: array([-9.28346174,  0.43343234,  0.72253384,  0.43698231]), 47: array([0.44857198, 1.6010868 , 0.4544926 , 0.55779163]), 48: array([0.05068285, 0.05731874, 0.57892049, 0.05393733]), 49: array([ 0.10026321,  0.87212902, -9.13548523,  0.06231785]), 50: array([0.87209077, 0.31163583, 0.27448634, 0.2473885 ]), 51: array([-9.0513326 ,  1.26124294, -9.19479307,  0.98715028]), 52: array([0.23779747, 0.66230869, 0.77828693, 0.22040219]), 53: array([-2.20999722,  0.2784036 ,  1.42788513, -6.13295984]), 54: array([0.32176714, 1.604954  , 0.46399099, 0.4783999 ]), 55: array([0.56695551, 1.72255018, 0.96505463, 0.65780433]), 56: array([0.11597941, 0.10628661, 0.16837596, 0.11146381]), 57: array([0.13500062, 0.18661426, 1.10371992, 0.12381476]), 58: array([ 0.22797692,  0.27373986,  1.25971987, -9.08166216]), 59: array([1.03075821, 1.23596616, 1.37499287, 0.97741124]), 60: array([ 1.19617679,  1.34232756,  1.48989178, -9.18614122]), 61: array([1.29597808, 1.3826982 , 1.6059513 , 1.1570001 ]), 62: array([1.41895648, 1.56061536, 1.72318313, 1.41830174]), 63: array([0.73048801, 0.6902123 , 0.62733259, 0.5849366 ])}"
14,0.7500000000000001,23.338146686553955,1.0000000000000007,"[1, 2, 2, 2, 1, 2, 2, 1, 1, 2, 1, 2, 1, 1]","{0: array([0.03644521, 0.21101113, 0.13609797, 0.07066177]), 1: array([-0.42624014,  0.31158736, -9.15703013, -0.32703981]), 2: array([0.41074761, 0.19268388, 0.31536505, 0.85148472]), 3: array([0.97133624, 0.56178461, 0.51216857, 0.69426211]), 4: array([-9.01038213, -7.45090451,  0.3089797 ,  0.31382531]), 5: array([0.31503991, 0.31551682, 0.31522072, 0.3227898 ]), 6: array([ 0.3287476 ,  0.32120613, -5.7516335 ,  0.32203255]), 7: array([0.84595885, 0.98268155, 0.83519334, 0.84192964]), 8: array([ 0.13304483, -0.26686429,  0.31415265,  0.04130931]), 9: array([ 0.17821487, -0.00500347,  0.41833601,  0.13413702]), 10: array([ 0.27481077, -9.03758474,  0.52357173, -9.15703013]), 11: array([ 0.35759425,  0.62987043, -9.04310466, -9.03837713]), 12: array([0.96656095, 0.76008151, 0.44314757, 0.32695539]), 13: array([-9.03937621,  0.79872213,  0.31219774,  0.31434669]), 14: array([0.33488093, 0.36016931, 0.34429827, 0.3505604 ]), 15: array([ 0.34540328,  0.29226556,  0.27940094, -4.25880897]), 16: array([-0.27386192, -0.09683741, -0.19807432, -0.28015089]), 17: array([-0.28063689,  0.27387087, -9.03758474, -0.2138104 ]), 18: array([0.90639779, 0.97213663, 0.8855765 , 0.48766316]), 19: array([-9.03758474,  0.68300237,  0.73724286,  0.49179511]), 20: array([ 0.56127538,  0.77357047,  0.84569986, -9.0431046 ]), 21: array([0.69731318, 0.95525239, 0.65537412, 0.5760667 ]), 22: array([ 0.30962542, -8.81641917,  0.89804374,  0.38856906]), 23: array([0.4044808 , 1.11069579, 0.43971222, 0.31883685]), 24: array([-0.17124532, -0.1239409 ,  0.18656543, -0.2652341 ]), 25: array([-0.17109609, -9.09224748,  0.55518636, -0.1856635 ]), 26: array([-0.09606832,  0.06452343,  0.71965799, -9.03758474]), 27: array([-0.002994  ,  0.13818735,  0.84528476,  0.07889338]), 28: array([ 0.11108332, -9.27710037,  0.95525185,  0.22081847]), 29: array([ 0.81458125,  1.0659115 , -9.13974532,  0.82261511]), 30: array([0.85070479, 0.46273925, 0.86361979, 0.19257311]), 31: array([-7.70231789,  1.27626684,  0.36392752,  0.44363215]), 32: array([-0.10035904, -0.05873053, -9.09224748, -0.09050761]), 33: array([0.91692174, 0.48412643, 0.0383455 , 0.83599755]), 34: array([-9.0775418 , -9.09561239,  0.12559931,  0.02661174]), 35: array([ 0.11463748,  0.19354201, -9.13643986,  0.12412887]), 36: array([0.04490474, 0.17339427, 0.7301999 , 0.06001947]), 37: array([-9.18660415, -8.82117628,  1.17768838,  0.93257785]), 38: array([ 0.94041469,  1.29059433,  1.18236077, -9.03619016]), 39: array([0.57202369, 1.40461436, 0.64574877, 0.5495558 ]), 40: array([ 0.00502013,  0.00949312,  0.01151298, -0.03265568]), 41: array([ 0.04918777,  0.08231815, -9.10278344, -9.07608206]), 42: array([0.90559588, 0.49931271, 0.26288354, 0.90498301]), 43: array([-8.22978981,  0.2935374 ,  0.23758152,  0.22427082]), 44: array([ 0.25862978, -8.63568   , -7.86816461, -7.64528543]), 45: array([0.81941168, 0.09115666, 0.9536246 , 0.78777533]), 46: array([-8.88151108,  1.37272131,  1.40464074,  1.15023352]), 47: array([1.22862915, 1.51983913, 1.34816801, 1.25730339]), 48: array([0.06376553, 0.07407631, 0.07457689, 0.00193594]), 49: array([ 0.07184762,  0.15721985, -9.20352933,  0.13428538]), 50: array([0.44210462, 0.79579851, 0.3468951 , 0.43655258]), 51: array([-8.25344751,  0.39786095, -8.57885909,  0.29539045]), 52: array([0.27763175, 0.81927484, 0.52286115, 0.58644603]), 53: array([ 0.23084141,  0.34233194,  0.79616575, -7.63059555]), 54: array([0.41523612, 1.51841778, 0.48654638, 0.80514612]), 55: array([1.34851407, 1.63620114, 1.50973426, 1.36251211]), 56: array([0.11785495, 0.09057554, 0.15564523, 0.03907265]), 57: array([0.09102471, 0.17305325, 0.26910377, 0.15124113]), 58: array([ 0.23706001,  0.29726963,  0.40330515, -7.97357803]), 59: array([0.15880119, 0.38766187, 0.47495129, 0.3331626 ]), 60: array([ 0.53871659,  0.46420943,  0.58113795, -9.06338092]), 61: array([0.56238168, 0.57076726, 0.94501272, 0.40178369]), 62: array([0.6621431 , 1.02839935, 1.63607086, 0.74008597]), 63: array([0.1250082 , 0.64262741, 0.47385326, 0.31681061])}"
15,0.8,23.236522436141968,1.0000000000000007,"[1, 2, 2, 2, 1, 2, 2, 1, 1, 2, 2, 1, 1, 1]","{0: array([0.26725299, 0.45746487, 0.33744581, 0.30853109]), 1: array([-0.28841374,  0.55793435, -9.01860249, -0.19546007]), 2: array([0.76097141, 0.59131342, 0.77721865, 0.99131062]), 3: array([0.21332183, 0.57632749, 0.25488913, 0.42162618]), 4: array([-5.64085668, -7.22484571,  0.26999096,  0.25189184]), 5: array([0.41732194, 0.41596626, 0.42674511, 0.41774122]), 6: array([ 0.44120829,  0.45267488, -5.93957664,  0.23688176]), 7: array([0.05481593, 0.35062838, 0.82822967, 0.14243634]), 8: array([ 0.42900844, -0.11352138,  0.56309583,  0.32825209]), 9: array([0.44346458, 0.07540644, 0.66979377, 0.34806682]), 10: array([ 0.54365679, -9.06768259,  0.77756946, -9.01860249]), 11: array([ 0.62029663,  0.8864338 , -9.10689024, -9.42943578]), 12: array([0.44597385, 0.2612995 , 0.03963734, 0.90213107]), 13: array([-8.46968841,  0.38967364,  0.62183533,  0.41402492]), 14: array([0.45255704, 0.0164253 , 0.92591864, 0.44286388]), 15: array([ 0.36253726,  1.23222151,  0.40946331, -6.90380516]), 16: array([-0.06427842, -0.02230097, -0.06194929, -0.16762557]), 17: array([-0.08429125,  0.33284448, -9.06768259, -0.08270741]), 18: array([0.7180837 , 0.94173476, 0.63128356, 0.93248636]), 19: array([-9.06768257,  0.84474656,  0.99639778,  0.76273689]), 20: array([ 0.81008449,  0.96633716,  1.10747251, -9.1067485 ]), 21: array([0.97778218, 1.2196692 , 0.97882903, 0.40802035]), 22: array([ 0.5086223 , -4.71059649,  1.24278489,  0.52115609]), 23: array([0.51117463, 1.44282108, 0.44761203, 0.57944122]), 24: array([ 0.01142558,  0.06485146,  0.05573411, -0.08219875]), 25: array([ 0.01036199, -9.0159624 ,  0.63342956, -0.03646084]), 26: array([ 0.10485169,  0.20166629,  0.91026944, -9.06768259]), 27: array([0.16512854, 0.29555797, 1.10229876, 0.24611683]), 28: array([ 0.21886612, -8.4752296 ,  1.21964266,  0.33797921]), 29: array([ 1.01429157,  1.33299919, -9.09458893,  1.06694964]), 30: array([0.08574531, 0.87235271, 0.11180224, 0.47778809]), 31: array([-8.21255345,  1.56300578,  0.67567745,  0.64640391]), 32: array([ 0.12015685,  0.14991957, -9.0159624 ,  0.03015639]), 33: array([0.56093575, 0.91870309, 0.26932212, 0.99397737]), 34: array([-9.0158498 , -9.21794494,  0.29556118,  0.1511746 ]), 35: array([ 0.22531436,  0.37981904, -9.0505814 ,  0.2849004 ]), 36: array([0.95666521, 0.17857393, 0.92628801, 0.65016859]), 37: array([-9.02799587, -8.97406956,  1.44747393,  1.20981285]), 38: array([ 1.31027657,  1.5286232 ,  1.56310498, -8.85776796]), 39: array([1.39740904, 1.67990402, 1.52480065, 1.36919213]), 40: array([0.20060062, 0.24248879, 0.23975799, 0.09884182]), 41: array([ 0.24958743,  0.35237849, -9.22332951, -7.90394845]), 42: array([0.7758039 , 0.10556576, 0.71346052, 0.46613781]), 43: array([-9.22254145,  0.45419657,  0.44067554,  0.34563564]), 44: array([ 0.48438889,  0.18334126, -8.40730904,  0.21162911]), 45: array([0.90081424, 0.34891112, 0.19224337, 0.57514384]), 46: array([-5.91465249,  0.71870996,  1.67988752,  1.02354495]), 47: array([1.54155631, 1.79788285, 1.66960201, 1.55692858]), 48: array([0.31006063, 0.33026484, 0.3657961 , 0.22967181]), 49: array([ 0.30586074,  0.55280764, -9.26086158,  0.26187675]), 50: array([0.26590326, 0.51619952, 0.25130309, 0.74585024]), 51: array([-8.15097669,  0.59255712, -8.46760104,  0.4324497 ]), 52: array([0.74001941, 0.5426396 , 0.4298739 , 0.57755546]), 53: array([ 0.27138403,  0.78168591,  0.43861517, -3.01503054]), 54: array([0.71463992, 0.43840616, 0.7429195 , 1.53061043]), 55: array([1.31053857, 1.91705338, 1.77251179, 1.67820795]), 56: array([0.39043865, 0.39449182, 0.41765175, 0.30226558]), 57: array([0.38707266, 0.44021033, 0.81161719, 0.37121465]), 58: array([ 0.43470349,  0.44995787,  1.09852818, -9.24271314]), 59: array([0.46265805, 0.59878141, 1.37319553, 0.48007666]), 60: array([ 0.6187131 ,  0.67428641,  1.60290626, -8.48839536]), 61: array([0.66428348, 0.64039793, 1.77820949, 0.59585669]), 62: array([0.00639832, 0.46999602, 1.91464513, 0.68226125]), 63: array([0.92631655, 0.27938503, 0.24461994, 0.80492351])}"
16,0.8500000000000001,23.864026069641113,1.0000000000000007,"[2, 1, 2, 2, 1, 2, 2, 2, 2, 1, 1, 1, 1, 1]","{0: array([0.25933457, 0.296656  , 0.40902717, 0.2280766 ]), 1: array([ 0.2130184 ,  0.51416886, -9.03127874,  0.3324124 ]), 2: array([0.96757929, 0.72907855, 0.45249517, 0.97850632]), 3: array([0.3261002 , 0.1909654 , 0.80682895, 0.03091036]), 4: array([-7.07175386, -4.92001188,  0.39067339,  0.39690519]), 5: array([0.37877967, 0.36650835, 0.35746801, 0.31474822]), 6: array([ 0.29788201,  0.36562917, -8.09201979,  0.3673179 ]), 7: array([0.86317353, 0.67776769, 0.49225768, 0.13215814]), 8: array([-0.28825849, -0.26622018,  0.51104449, -0.38357233]), 9: array([ 0.32900367, -0.17207513,  0.62037259,  0.32681644]), 10: array([ 0.41763557, -9.06725961,  0.72764908, -9.03127874]), 11: array([ 0.60035233,  0.83600917, -9.05644259, -9.20123934]), 12: array([0.58044977, 0.42080692, 0.70067292, 0.95308829]), 13: array([-8.7811916 ,  0.32194116,  0.95725304,  0.34866566]), 14: array([0.37729069, 1.16368363, 0.38562872, 0.38310738]), 15: array([ 0.41562354,  1.21153044,  0.4271505 , -6.55640635]), 16: array([-0.25241758, -0.17323966, -0.17447038, -0.25723143]), 17: array([-0.25623369, -0.01589202, -9.06725961, -0.16847447]), 18: array([0.5983885 , 0.94216201, 0.39089086, 0.13531575]), 19: array([-9.06725961,  0.52602431,  0.94546381,  0.67489332]), 20: array([ 0.80523813,  0.81509197,  1.05602405, -9.05644207]), 21: array([0.91165685, 1.10748919, 1.16770106, 0.67572832]), 22: array([ 1.02634315, -9.12963991,  1.28050612,  0.94823651]), 23: array([1.11449821, 1.39445063, 1.23943811, 0.92954638]), 24: array([-0.15039751, -0.20674008, -0.08442468, -0.25164894]), 25: array([-0.16507893, -9.07582144,  0.2325892 , -0.16492414]), 26: array([-0.0670706 ,  0.09555403,  0.59329589, -9.06725961]), 27: array([0.04288627, 0.18371727, 0.9692308 , 0.16515878]), 28: array([ 0.14281809, -9.20001597,  1.15705294,  0.2514403 ]), 29: array([ 0.24044253,  1.27988803, -9.10710946,  0.34712582]), 30: array([0.87680648, 0.3307766 , 0.06979927, 0.27121717]), 31: array([-8.95647996,  1.50954609,  1.32268279,  1.14406081]), 32: array([-0.20324871, -0.10169854, -9.07582144, -0.12541058]), 33: array([0.93351369, 0.19621328, 0.36089697, 0.78444429]), 34: array([-9.07578105, -9.43427862,  0.17602058,  0.05741427]), 35: array([ 0.14735799,  0.233976  , -9.20503211,  0.14155018]), 36: array([0.13245302, 0.3202858 , 0.65671763, 0.80050922]), 37: array([-5.19405357, -4.69248033,  1.3943771 ,  0.19474988]), 38: array([ 0.4318401 ,  0.519821  ,  1.50954492, -4.47150155]), 39: array([1.3008075 , 1.62580413, 1.44168962, 1.2592951 ]), 40: array([-0.09054562,  0.01261896, -0.02083091, -0.18033665]), 41: array([-0.03847477,  0.09149996, -9.39197199, -9.01798489]), 42: array([0.18647293, 0.46231198, 0.19115579, 0.57143048]), 43: array([-9.3499391 ,  0.29733253,  0.28070661,  0.25697531]), 44: array([ 0.33415066, -2.06941964, -3.15758323, -5.13190098]), 45: array([0.488482  , 0.99955819, 0.80361192, 0.17880711]), 46: array([-4.21382956,  0.08177073,  1.58839875,  0.6750272 ]), 47: array([1.3496558 , 1.74323649, 1.53472673, 1.38357477]), 48: array([ 0.00468998,  0.13021384,  0.07464233, -0.08928647]), 49: array([ 0.01062085,  0.22376727, -9.1704651 ,  0.01828497]), 50: array([0.066037  , 0.66064039, 0.65298949, 0.80563179]), 51: array([-7.08117694,  0.3840232 , -6.44072232,  0.32849101]), 52: array([0.53100841, 0.08003688, 0.09045832, 0.63887382]), 53: array([-2.98950506,  0.50339731,  0.84280024, -2.20433652]), 54: array([0.73410716, 0.46620054, 1.68961069, 0.52919198]), 55: array([1.37856907, 1.86185504, 1.64217307, 1.59567207]), 56: array([0.09888873, 0.10682434, 0.24124306, 0.01982801]), 57: array([0.10210621, 0.23578051, 0.32900397, 0.0909206 ]), 58: array([ 0.24089457,  0.30752412,  0.38723942, -9.15829084]), 59: array([0.32614246, 0.41176204, 0.50107562, 0.3929681 ]), 60: array([ 0.45637213,  0.43542668,  0.62482475, -6.26059929]), 61: array([0.58684053, 0.68430683, 0.68122226, 0.68452217]), 62: array([0.68707001, 0.69078739, 0.03538146, 0.58543887]), 63: array([0.86791516, 0.87056065, 0.72832909, 0.19101217])}"
17,0.9000000000000001,23.987877368927002,1.0000000000000007,"[1, 1, 1, 1, 1, 1, 2, 1, 2, 2, 2, 2, 2, 2]","{0: array([ 0.20425955,  0.37711319, -0.21395006,  0.21816023]), 1: array([-0.32577437,  0.01479309, -9.01200367, -0.24681473]), 2: array([0.37358061, 0.60006145, 0.46756128, 0.99797609]), 3: array([0.09432347, 0.22481498, 0.81790138, 0.32003818]), 4: array([-0.52171917, -4.0917017 ,  0.48051467,  0.47668246]), 5: array([0.43943991, 0.40527206, 0.38133558, 0.39796532]), 6: array([ 0.39702454,  0.39489446, -5.70669277,  0.34817438]), 7: array([0.38164359, 0.62267069, 0.67331123, 0.35989305]), 8: array([ 0.27100021,  0.48193251, -0.00910119,  0.19875601]), 9: array([-0.23783898, -0.12433816,  0.31636547, -0.2584279 ]), 10: array([-0.16098336, -9.18266721,  0.54243814, -9.01200367]), 11: array([-0.06010414,  0.73942426, -9.12604484, -9.19027763]), 12: array([0.62906853, 0.88278298, 0.11684607, 0.23286946]), 13: array([-8.02038778,  0.40800916,  0.39764659,  0.40458991]), 14: array([0.40720821, 0.40446377, 0.39098547, 0.38862146]), 15: array([ 0.40569414,  0.41028788,  0.4137283 , -8.29745984]), 16: array([0.41901618, 0.58781062, 0.11892709, 0.30042931]), 17: array([-0.14736105,  0.41714182, -9.18266721, -0.09804175]), 18: array([0.82558868, 0.6175107 , 0.2295268 , 0.01292545]), 19: array([-9.1826672 ,  0.89584217,  0.16724573,  0.0487877 ]), 20: array([ 0.18584129,  0.26340449,  0.26397779, -9.12591099]), 21: array([0.2778908 , 0.37376062, 0.3527943 , 0.35778483]), 22: array([ 0.39254542, -8.27304918,  0.3978281 ,  0.3969089 ]), 23: array([0.39648843, 0.40087313, 0.40178098, 0.40350734]), 24: array([0.55040176, 0.6947582 , 0.38536186, 0.43754634]), 25: array([-0.05978676, -9.20623877,  0.72149534, -0.07488681]), 26: array([ 0.02780786,  0.16356641,  0.88914036, -9.18266721]), 27: array([0.11286827, 1.02117368, 0.25831333, 0.2429086 ]), 28: array([ 0.22893568, -9.03367549,  0.36428019,  0.30450387]), 29: array([ 0.3226489 ,  0.52079515, -9.03684275,  0.3773834 ]), 30: array([0.64164259, 0.137312  , 0.15177111, 0.1997414 ]), 31: array([-5.05127662,  0.3094837 ,  0.41839325,  0.42166412]), 32: array([ 0.67334961,  0.80278606, -9.20623877,  0.55768618]), 33: array([0.79676473, 0.80177902, 0.61509512, 0.24349535]), 34: array([-9.2062387 , -9.0610612 ,  0.26849261,  0.16130803]), 35: array([ 0.24370995,  1.13327811, -9.03378919,  0.23621523]), 36: array([0.47587831, 0.84201104, 0.97556215, 0.52235346]), 37: array([-6.43094157, -4.58962253,  0.71193115,  0.4488596 ]), 38: array([ 0.5954732 ,  0.9688855 ,  0.44403887, -3.45018805]), 39: array([0.25805788, 0.84552029, 0.31710965, 0.32548569]), 40: array([0.66083959, 0.91190511, 0.85627911, 0.64019354]), 41: array([ 0.1416257 ,  1.01962009, -9.05936689, -9.19246888]), 42: array([0.61696876, 0.38609892, 0.94839637, 0.34827747]), 43: array([-9.04611057,  1.24590102,  0.41856977,  0.33029153]), 44: array([ 0.43920741, -2.39743185, -5.82891555, -7.28073588]), 45: array([0.40612013, 0.63573543, 0.24564737, 0.29124703]), 46: array([-4.65858242,  0.64803001,  1.5341757 ,  0.32745606]), 47: array([0.62132952, 1.69219578, 0.81141761, 0.575637  ]), 48: array([0.86794669, 0.88121272, 1.02212638, 0.74232447]), 49: array([ 0.84408529,  1.13346099, -9.30616436,  0.77913167]), 50: array([0.53068349, 0.18605611, 0.39664807, 0.70053119]), 51: array([-7.83352701,  1.35951519, -8.05329091,  0.43793407]), 52: array([0.53127132, 0.16741186, 0.22957189, 0.43380068]), 53: array([-4.35021829,  1.42989521,  0.62302557, -1.58125392]), 54: array([0.22088374, 0.59162379, 0.59968529, 1.313411  ]), 55: array([0.44082328, 1.82348729, 0.42222027, 0.24022559]), 56: array([0.29177627, 0.29233885, 1.12753628, 0.21667519]), 57: array([0.90168883, 1.07951465, 1.24592019, 1.0055372 ]), 58: array([ 1.04491334,  1.20491787,  1.35951534, -9.30446673]), 59: array([1.19644599, 1.30309513, 1.47425792, 1.2056619 ]), 60: array([ 1.30697436,  1.39058243,  1.59015952, -9.3398399 ]), 61: array([1.43845611, 1.5282376 , 1.70723183, 1.04050341]), 62: array([1.54264845, 1.61386813, 1.8254867 , 1.00885877]), 63: array([0.80125031, 0.24871347, 0.83382495, 0.07179107])}"
18,0.9500000000000001,24.29169201850891,1.0000000000000007,"[1, 2, 2, 2, 1, 2, 2, 1, 1, 2, 1, 2, 1, 1]","{0: array([0.28970953, 0.42120636, 0.10252631, 0.2203877 ]), 1: array([-0.36565077,  0.4912141 , -9.12701982, -0.3149791 ]), 2: array([0.12934203, 0.88179816, 0.17373209, 0.10164317]), 3: array([0.73145829, 0.40326905, 0.98249076, 0.51835258]), 4: array([-7.35978838, -8.04250684,  0.27313243,  0.27994366]), 5: array([0.26508971, 0.26076477, 0.26241529, 0.26210392]), 6: array([ 0.25855947,  0.2597991 , -8.28669456,  0.26345704]), 7: array([0.82046429, 0.66747568, 0.69282097, 0.50864275]), 8: array([ 0.33219602, -0.06167923,  0.52647107,  0.26191873]), 9: array([0.36522152, 0.17846469, 0.63279906, 0.14120592]), 10: array([ 0.41581258, -9.16412957,  0.74020107, -9.12701982]), 11: array([ 0.52109389,  0.84868795, -9.1588812 , -9.02733415]), 12: array([0.28914062, 0.12452359, 0.84961495, 0.37588624]), 13: array([-8.97689181,  1.01634307,  0.2553167 ,  0.25556511]), 14: array([0.25948365, 0.26645078, 0.25885626, 0.25891305]), 15: array([ 0.27183951,  0.27329053,  0.27419219, -8.33950601]), 16: array([-0.20901439,  0.23019344, -0.20993314, -0.2539221 ]), 17: array([-0.17688879,  0.52090839, -9.16412957, -0.14690656]), 18: array([0.28414142, 0.08999069, 0.84431357, 0.24876879]), 19: array([-9.16412957,  0.81969629,  0.95827066,  0.68612773]), 20: array([ 0.7907856 ,  1.0002447 ,  1.06896026, -9.15888117]), 21: array([0.8928904 , 1.18076794, 0.55662488, 0.76086199]), 22: array([ 0.91902312, -8.89447505,  0.25714751,  0.25348636]), 23: array([0.28817664, 0.28978857, 0.28711987, 0.28421799]), 24: array([-0.11709352, -0.11436027,  0.55150435, -0.16886084]), 25: array([-0.10486455, -9.02216722,  0.81481761, -0.12069112]), 26: array([ 1.91854406e-03,  3.33830983e-02,  9.51153128e-01, -9.16412957e+00]), 27: array([0.09824925, 0.11489781, 1.06865487, 0.11558349]), 28: array([ 0.19104383, -9.45418314,  1.18076748,  0.1972614 ]), 29: array([ 0.99945174,  1.29370499, -9.04133642,  0.96388317]), 30: array([0.96750858, 0.81110415, 0.21708034, 0.18992585]), 31: array([-8.20445145,  0.43918926,  0.33167993,  0.32801342]), 32: array([-0.06854026, -0.01960838, -9.02216722, -0.05660485]), 33: array([0.98770988, 0.42223895, 0.46939238, 0.236931  ]), 34: array([-9.02216722, -9.29485832,  0.09801261,  0.08634482]), 35: array([ 0.15929506,  0.17120392, -9.4542512 ,  0.15883862]), 36: array([0.33556331, 0.5512611 , 0.01023527, 0.19518336]), 37: array([-9.19160119, -9.02161763,  1.40778282,  1.10790896]), 38: array([ 1.15721938,  1.52301295,  1.42331687, -8.12476655]), 39: array([0.46932957, 1.63484557, 0.33918734, 0.47191678]), 40: array([ 0.01866135,  0.09406713,  0.07279493, -0.07089581]), 41: array([ 0.04034312,  0.15616032, -9.2948583 , -9.02216692]), 42: array([0.47703278, 0.34109552, 0.71226431, 0.31125106]), 43: array([-9.2911679 ,  0.28104704,  0.2614337 ,  0.24340306]), 44: array([ 0.2768277 , -7.98197469, -7.95795723, -7.74229924]), 45: array([5.73622087e-04, 5.94148684e-02, 6.13922657e-01, 7.40233155e-01]), 46: array([-8.67711912,  1.32033998,  1.63940702,  1.28892594]), 47: array([1.47079876, 1.75697679, 1.24232148, 1.29550371]), 48: array([0.11951912, 0.16127474, 0.2562272 , 0.02647411]), 49: array([ 0.13778495,  0.49310572, -9.05159688,  0.13359304]), 50: array([0.11185152, 0.03118297, 0.95797348, 0.75148487]), 51: array([-6.92908452,  0.48010701, -8.26741733,  0.34208178]), 52: array([0.49695597, 0.16928577, 0.28858005, 0.61203871]), 53: array([-3.65788101,  0.40729188,  0.64209976, -4.47040271]), 54: array([0.66133293, 0.57034471, 1.73467534, 0.50944199]), 55: array([1.34837665, 1.87573413, 1.63732905, 1.56652321]), 56: array([0.20297182, 0.21122813, 0.26413568, 0.12993543]), 57: array([0.22400924, 0.26365657, 0.78664022, 0.20885515]), 58: array([ 0.29818256,  0.36428968,  1.08751165, -9.04796835]), 59: array([0.35317768, 0.44749084, 1.35737274, 0.3709254 ]), 60: array([ 0.4111142 ,  0.47785992,  1.57351496, -8.89629514]), 61: array([0.46248394, 0.63084398, 1.73940995, 0.52677853]), 62: array([0.46524253, 0.73906495, 1.87339478, 0.41827298]), 63: array([0.85873279, 0.05765229, 0.88457993, 0.67287943])}"
