,states,conv_iters,max_value,times_api,times_real,policy_updates,policies,V,all_stats
0,9,2,82.1056,0.0017511844635009766,0.0013055801391601562,2,"(0, 0, 0)","(74.64959999999999, 78.1056, 82.1056)","[{'State': None, 'Action': None, 'Reward': 37.59151729361271, 'Error': 21.467053774299423, 'Time': 0.0006995201110839844, 'Max V': 37.59151729361271, 'Mean V': 20.43465454851467}, {'State': None, 'Action': None, 'Reward': 82.1056, 'Error': 1.4210854715202004e-14, 'Time': 0.0010516643524169922, 'Max V': 82.1056, 'Mean V': 78.28693333333332}]"
1,16,3,74.9392384,0.0018591880798339844,0.0010941028594970703,3,"(0, 0, 0, 0)","(64.49725439999999, 67.48323839999999, 70.9392384, 74.9392384)","[{'State': None, 'Action': None, 'Reward': 37.59151729361271, 'Error': 21.467053774299423, 'Time': 0.0003056526184082031, 'Max V': 37.59151729361271, 'Mean V': 18.357106791214324}, {'State': None, 'Action': None, 'Reward': 37.59151729361269, 'Error': 18.011053774299423, 'Time': 0.0006234645843505859, 'Max V': 37.59151729361269, 'Mean V': 23.72387023478916}, {'State': None, 'Action': None, 'Reward': 74.9392384, 'Error': 1.4210854715202004e-14, 'Time': 0.0009300708770751953, 'Max V': 74.9392384, 'Mean V': 69.46474239999999}]"
2,25,4,68.74750197759998,0.0030908584594726562,0.0014057159423828125,4,"(0, 0, 0, 0, 0)","(55.725627801599984, 58.30551797759998, 61.291501977599985, 64.74750197759998, 68.74750197759998)","[{'State': None, 'Action': None, 'Reward': 37.59151729361271, 'Error': 21.467053774299423, 'Time': 0.0003027915954589844, 'Max V': 37.59151729361271, 'Mean V': 17.110578136834118}, {'State': None, 'Action': None, 'Reward': 37.59151729361269, 'Error': 18.011053774299423, 'Time': 0.0006189346313476562, 'Max V': 37.59151729361269, 'Mean V': 21.403988891693977}, {'State': None, 'Action': None, 'Reward': 37.59151729361262, 'Error': 15.025069774299407, 'Time': 0.0009293556213378906, 'Max V': 37.59151729361262, 'Mean V': 25.006199646553814}, {'State': None, 'Action': None, 'Reward': 68.74750197759998, 'Error': 0.0, 'Time': 0.001239776611328125, 'Max V': 68.74750197759998, 'Mean V': 61.76353034239999}]"
3,36,5,63.39784170864639,0.004605293273925781,0.0017015933990478516,5,"(0, 0, 0, 0, 0, 0)","(48.14694242058239, 50.37596753264639, 52.95585770864639, 55.941841708646386, 59.39784170864639, 63.39784170864639)","[{'State': None, 'Action': None, 'Reward': 37.59151729361271, 'Error': 21.467053774299423, 'Time': 0.00030112266540527344, 'Max V': 37.59151729361271, 'Mean V': 16.27955903391398}, {'State': None, 'Action': None, 'Reward': 37.59151729361269, 'Error': 18.011053774299423, 'Time': 0.0006146430969238281, 'Max V': 37.59151729361269, 'Mean V': 19.85740132963053}, {'State': None, 'Action': None, 'Reward': 37.59151729361262, 'Error': 15.025069774299407, 'Time': 0.00092315673828125, 'Max V': 37.59151729361262, 'Mean V': 22.859243625347048}, {'State': None, 'Action': None, 'Reward': 37.5915172936126, 'Error': 12.445179598299479, 'Time': 0.001232147216796875, 'Max V': 37.5915172936126, 'Mean V': 25.363421921063566}, {'State': None, 'Action': None, 'Reward': 63.39784170864639, 'Error': 7.105427357601002e-15, 'Time': 0.0015342235565185547, 'Max V': 63.39784170864639, 'Mean V': 55.036048797969066}]"
4,49,6,58.775735236270485,0.0066585540771484375,0.002066373825073242,6,"(0, 0, 0, 0, 0, 0, 0)","(41.59895825138319, 43.52483594820649, 45.75386106027048, 48.33375123627049, 51.31973523627049, 54.775735236270485, 58.775735236270485)","[{'State': None, 'Action': None, 'Reward': 37.59151729361271, 'Error': 21.467053774299423, 'Time': 0.00030875205993652344, 'Max V': 37.59151729361271, 'Mean V': 15.685973960399595}, {'State': None, 'Action': None, 'Reward': 37.59151729361269, 'Error': 18.011053774299423, 'Time': 0.0006339550018310547, 'Max V': 37.59151729361269, 'Mean V': 18.752695928156633}, {'State': None, 'Action': None, 'Reward': 37.59151729361262, 'Error': 15.025069774299407, 'Time': 0.0009582042694091797, 'Max V': 37.59151729361262, 'Mean V': 21.32570361019936}, {'State': None, 'Action': None, 'Reward': 37.59151729361259, 'Error': 12.445179598299443, 'Time': 0.0012683868408203125, 'Max V': 37.59151729361259, 'Mean V': 23.472142149384943}, {'State': None, 'Action': None, 'Reward': 37.59151729361257, 'Error': 10.216154486235439, 'Time': 0.0015921592712402344, 'Max V': 37.59151729361257, 'Mean V': 25.25002494914199}, {'State': None, 'Action': None, 'Reward': 58.775735236270485, 'Error': 7.105427357601002e-15, 'Time': 0.0018970966339111328, 'Max V': 58.775735236270485, 'Mean V': 49.15465888642029}]"
5,64,7,54.7822352441377,0.00871729850769043,0.002349376678466797,7,"(0, 0, 0, 0, 0, 0, 0, 0)","(35.941499929195075, 37.605458259250405, 39.5313359560737, 41.7603610681377, 44.3402512441377, 47.3262352441377, 50.7822352441377, 54.7822352441377)","[{'State': None, 'Action': None, 'Reward': 37.59151729361271, 'Error': 21.467053774299423, 'Time': 0.00030231475830078125, 'Max V': 37.59151729361271, 'Mean V': 15.240785155263808}, {'State': None, 'Action': None, 'Reward': 37.59151729361269, 'Error': 18.011053774299423, 'Time': 0.0006220340728759766, 'Max V': 37.59151729361269, 'Mean V': 17.924166877051213}, {'State': None, 'Action': None, 'Reward': 37.59151729361262, 'Error': 15.025069774299407, 'Time': 0.000934600830078125, 'Max V': 37.59151729361262, 'Mean V': 20.175548598838596}, {'State': None, 'Action': None, 'Reward': 37.5915172936126, 'Error': 12.445179598299479, 'Time': 0.0012438297271728516, 'Max V': 37.5915172936126, 'Mean V': 22.053682320625953}, {'State': None, 'Action': None, 'Reward': 37.59151729361257, 'Error': 10.216154486235439, 'Time': 0.0015575885772705078, 'Max V': 37.59151729361257, 'Mean V': 23.60932977041339}, {'State': None, 'Action': None, 'Reward': 37.59151729361255, 'Error': 8.290276789412179, 'Time': 0.0018744468688964844, 'Max V': 37.59151729361255, 'Mean V': 24.886349081192776}, {'State': None, 'Action': None, 'Reward': 54.7822352441377, 'Error': 7.105427357601002e-15, 'Time': 0.002182483673095703, 'Max V': 54.7822352441377, 'Mean V': 44.008701523650956}]"
6,81,8,51.33185125093498,0.3307039737701416,0.04260134696960449,8,"(0, 0, 0, 0, 0, 0, 0, 0, 0)","(31.053455938824552, 32.491115935992354, 34.155074266047684, 36.08095196287098, 38.30997707493498, 40.88986725093498, 43.87585125093498, 47.33185125093498, 51.33185125093498)","[{'State': None, 'Action': None, 'Reward': 37.59151729361271, 'Error': 21.467053774299423, 'Time': 0.040166378021240234, 'Max V': 37.59151729361271, 'Mean V': 14.89452719571375}, {'State': None, 'Action': None, 'Reward': 37.59151729361269, 'Error': 18.011053774299423, 'Time': 0.04056715965270996, 'Max V': 37.59151729361269, 'Mean V': 17.279755392858107}, {'State': None, 'Action': None, 'Reward': 37.59151729361262, 'Error': 15.025069774299407, 'Time': 0.04088854789733887, 'Max V': 37.59151729361262, 'Mean V': 19.28098359000244}, {'State': None, 'Action': None, 'Reward': 37.5915172936126, 'Error': 12.445179598299479, 'Time': 0.04119992256164551, 'Max V': 37.5915172936126, 'Mean V': 20.95043578714675}, {'State': None, 'Action': None, 'Reward': 37.59151729361257, 'Error': 10.216154486235439, 'Time': 0.04150962829589844, 'Max V': 37.59151729361257, 'Mean V': 22.33323352029114}, {'State': None, 'Action': None, 'Reward': 37.59151729361255, 'Error': 8.290276789412179, 'Time': 0.04181647300720215, 'Max V': 37.59151729361255, 'Mean V': 23.46836179653948}, {'State': None, 'Action': None, 'Reward': 37.59151729361253, 'Error': 6.626318459356845, 'Time': 0.04212450981140137, 'Max V': 37.59151729361253, 'Mean V': 24.389503662029718}, {'State': None, 'Action': None, 'Reward': 51.33185125093498, 'Error': 7.105427357601002e-15, 'Time': 0.04243135452270508, 'Max V': 51.33185125093498, 'Mean V': 39.5022217980456}]"
7,100,9,48.350719480807825,0.014674901962280273,0.003080606460571289,9,"(0, 0, 0, 0, 0, 0, 0, 0, 0, 0)","(26.830185931144413, 28.0723241686974, 29.509984165865202, 31.173942495920528, 33.09982019274383, 35.32884530480782, 37.90873548080783, 40.89471948080783, 44.35071948080783, 48.350719480807825)","[{'State': None, 'Action': None, 'Reward': 37.59151729361271, 'Error': 21.467053774299423, 'Time': 0.0003154277801513672, 'Max V': 37.59151729361271, 'Mean V': 14.617520828073705}, {'State': None, 'Action': None, 'Reward': 37.59151729361269, 'Error': 18.011053774299423, 'Time': 0.0006542205810546875, 'Max V': 37.59151729361269, 'Mean V': 16.764226205503626}, {'State': None, 'Action': None, 'Reward': 37.59151729361262, 'Error': 15.025069774299407, 'Time': 0.0009829998016357422, 'Max V': 37.59151729361262, 'Mean V': 18.565331582933517}, {'State': None, 'Action': None, 'Reward': 37.5915172936126, 'Error': 12.445179598299479, 'Time': 0.0013134479522705078, 'Max V': 37.5915172936126, 'Mean V': 20.06783856036339}, {'State': None, 'Action': None, 'Reward': 37.59151729361257, 'Error': 10.216154486235439, 'Time': 0.001649618148803711, 'Max V': 37.59151729361257, 'Mean V': 21.312356520193344}, {'State': None, 'Action': None, 'Reward': 37.59151729361255, 'Error': 8.290276789412179, 'Time': 0.0019669532775878906, 'Max V': 37.59151729361255, 'Mean V': 22.333971968816844}, {'State': None, 'Action': None, 'Reward': 37.59151729361253, 'Error': 6.626318459356845, 'Time': 0.0022804737091064453, 'Max V': 37.59151729361253, 'Mean V': 23.16299964775805}, {'State': None, 'Action': None, 'Reward': 37.59151729361251, 'Error': 5.188658462189018, 'Time': 0.00260162353515625, 'Max V': 37.59151729361251, 'Mean V': 23.825631493693738}, {'State': None, 'Action': None, 'Reward': 48.350719480807825, 'Error': 7.105427357601002e-15, 'Time': 0.002910137176513672, 'Max V': 48.350719480807825, 'Mean V': 35.55199961824105}]"
8,121,10,45.77502163141796,0.018062829971313477,0.0034379959106445312,10,"(0, 0, 0, 0, 0, 0, 0, 0, 0, 0, 0)","(23.18128064450877, 24.25448808175455, 25.496626319307527, 26.934286316475333, 28.598244646530663, 30.52412234335396, 32.75314745541796, 35.33303763141796, 38.31902163141796, 41.77502163141796, 45.77502163141796)","[{'State': None, 'Action': None, 'Reward': 37.59151729361271, 'Error': 21.467053774299423, 'Time': 0.0003108978271484375, 'Max V': 37.59151729361271, 'Mean V': 14.390879254550033}, {'State': None, 'Action': None, 'Reward': 37.59151729361269, 'Error': 18.011053774299423, 'Time': 0.0006453990936279297, 'Max V': 37.59151729361269, 'Mean V': 16.342429597668136}, {'State': None, 'Action': None, 'Reward': 37.59151729361262, 'Error': 15.025069774299407, 'Time': 0.0009877681732177734, 'Max V': 37.59151729361262, 'Mean V': 17.9797981226044}, {'State': None, 'Action': None, 'Reward': 37.5915172936126, 'Error': 12.445179598299479, 'Time': 0.001317739486694336, 'Max V': 37.5915172936126, 'Mean V': 19.345713556631548}, {'State': None, 'Action': None, 'Reward': 37.59151729361257, 'Error': 10.216154486235439, 'Time': 0.0016548633575439453, 'Max V': 37.59151729361257, 'Mean V': 20.47709352011333}, {'State': None, 'Action': None, 'Reward': 37.59151729361255, 'Error': 8.290276789412179, 'Time': 0.001990079879760742, 'Max V': 37.59151729361255, 'Mean V': 21.405834837043773}, {'State': None, 'Action': None, 'Reward': 37.59151729361253, 'Error': 6.626318459356845, 'Time': 0.0023064613342285156, 'Max V': 37.59151729361253, 'Mean V': 22.159496363353966}, {'State': None, 'Action': None, 'Reward': 37.59151729361251, 'Error': 5.188658462189018, 'Time': 0.002629518508911133, 'Max V': 37.59151729361251, 'Mean V': 22.761888950568224}, {'State': None, 'Action': None, 'Reward': 37.591517293612455, 'Error': 3.9465202246360533, 'Time': 0.0029540061950683594, 'Max V': 37.591517293612455, 'Mean V': 23.23358517440353}, {'State': None, 'Action': None, 'Reward': 45.77502163141796, 'Error': 7.105427357601002e-15, 'Time': 0.0032660961151123047, 'Max V': 45.77502163141796, 'Mean V': 32.08584530300187}]"
9,144,11,43.54961868954512,0.02127242088317871,0.0037076473236083984,11,"(0, 0, 0, 0, 0, 0, 0, 0, 0, 0, 0, 0)","(20.02862647685558, 20.955877702635934, 22.029085139881712, 23.271223377434694, 24.708883374602497, 26.372841704657827, 28.298719401481122, 30.527744513545123, 33.10763468954512, 36.09361868954512, 39.54961868954512, 43.54961868954512)","[{'State': None, 'Action': None, 'Reward': 37.59151729361271, 'Error': 21.467053774299423, 'Time': 0.0003197193145751953, 'Max V': 37.59151729361271, 'Mean V': 14.202011276613637}, {'State': None, 'Action': None, 'Reward': 37.59151729361269, 'Error': 18.011053774299423, 'Time': 0.0006525516510009766, 'Max V': 37.59151729361269, 'Mean V': 15.990932424471898}, {'State': None, 'Action': None, 'Reward': 37.59151729361262, 'Error': 15.025069774299407, 'Time': 0.0009746551513671875, 'Max V': 37.59151729361262, 'Mean V': 17.491853572330136}, {'State': None, 'Action': None, 'Reward': 37.5915172936126, 'Error': 12.445179598299479, 'Time': 0.0012938976287841797, 'Max V': 37.5915172936126, 'Mean V': 18.743942720188343}, {'State': None, 'Action': None, 'Reward': 37.59151729361257, 'Error': 10.216154486235439, 'Time': 0.0016129016876220703, 'Max V': 37.59151729361257, 'Mean V': 19.781041020046647}, {'State': None, 'Action': None, 'Reward': 37.59151729361255, 'Error': 8.290276789412179, 'Time': 0.0019326210021972656, 'Max V': 37.59151729361255, 'Mean V': 20.632387227232886}, {'State': None, 'Action': None, 'Reward': 37.59151729361253, 'Error': 6.626318459356845, 'Time': 0.0022568702697753906, 'Max V': 37.59151729361253, 'Mean V': 21.323243626350557}, {'State': None, 'Action': None, 'Reward': 37.59151729361251, 'Error': 5.188658462189018, 'Time': 0.002577543258666992, 'Max V': 37.59151729361251, 'Mean V': 21.875436831296966}, {'State': None, 'Action': None, 'Reward': 37.591517293612455, 'Error': 3.9465202246360533, 'Time': 0.002897024154663086, 'Max V': 37.591517293612455, 'Mean V': 22.307825036479326}, {'State': None, 'Action': None, 'Reward': 37.59151729361245, 'Error': 2.8733127873902973, 'Time': 0.003217458724975586, 'Max V': 37.59151729361245, 'Mean V': 22.636701721865634}, {'State': None, 'Action': None, 'Reward': 43.54961868954512, 'Error': 3.552713678800501e-15, 'Time': 0.0035371780395507812, 'Max V': 43.54961868954512, 'Mean V': 29.041124370772916}]"
10,169,12,41.62687054776698,0.025769472122192383,0.004111766815185547,12,"(0, 0, 0, 0, 0, 0, 0, 0, 0, 0, 0, 0, 0)","(17.30473327600322, 18.105878335077442, 19.03312956085779, 20.10633699810357, 21.34847523565655, 22.786135232824353, 24.45009356287968, 26.37597125970298, 28.60499637176698, 31.18488654776698, 34.17087054776698, 37.62687054776698, 41.62687054776698)","[{'State': None, 'Action': None, 'Reward': 37.59151729361271, 'Error': 21.467053774299423, 'Time': 0.0003151893615722656, 'Max V': 37.59151729361271, 'Mean V': 14.042199910667456}, {'State': None, 'Action': None, 'Reward': 37.59151729361269, 'Error': 18.011053774299423, 'Time': 0.0006945133209228516, 'Max V': 37.59151729361269, 'Mean V': 15.693511739459696}, {'State': None, 'Action': None, 'Reward': 37.59151729361262, 'Error': 15.025069774299407, 'Time': 0.0010225772857666016, 'Max V': 37.59151729361262, 'Mean V': 17.07897741440576}, {'State': None, 'Action': None, 'Reward': 37.5915172936126, 'Error': 12.445179598299479, 'Time': 0.001346588134765625, 'Max V': 37.5915172936126, 'Mean V': 18.234752012428714}, {'State': None, 'Action': None, 'Reward': 37.59151729361257, 'Error': 10.216154486235439, 'Time': 0.0016684532165527344, 'Max V': 37.59151729361257, 'Mean V': 19.192073519990227}, {'State': None, 'Action': None, 'Reward': 37.59151729361255, 'Error': 8.290276789412179, 'Time': 0.0019936561584472656, 'Max V': 37.59151729361255, 'Mean V': 19.9779315573929}, {'State': None, 'Action': None, 'Reward': 37.59151729361253, 'Error': 6.626318459356845, 'Time': 0.0023131370544433594, 'Max V': 37.59151729361253, 'Mean V': 20.615645156578445}, {'State': None, 'Action': None, 'Reward': 37.59151729361251, 'Error': 5.188658462189018, 'Time': 0.002634286880493164, 'Max V': 37.59151729361251, 'Mean V': 21.125361961144367}, {'State': None, 'Action': None, 'Reward': 37.591517293612455, 'Error': 3.9465202246360533, 'Time': 0.002959728240966797, 'Max V': 37.591517293612455, 'Mean V': 21.524489535158843}, {'State': None, 'Action': None, 'Reward': 37.59151729361245, 'Error': 2.8733127873902973, 'Time': 0.003284454345703125, 'Max V': 37.59151729361245, 'Mean V': 21.82806801397697}, {'State': None, 'Action': None, 'Reward': 37.59151729361244, 'Error': 1.946061561609934, 'Time': 0.003606081008911133, 'Max V': 37.59151729361244, 'Mean V': 22.049092074545452}, {'State': None, 'Action': None, 'Reward': 41.62687054776698, 'Error': 7.105427357601002e-15, 'Time': 0.003930807113647461, 'Max V': 41.62687054776698, 'Mean V': 26.36348061722619}]"
11,196,13,39.96561615327067,0.029291868209838867,0.0043599605560302734,13,"(0, 0, 0, 0, 0, 0, 0, 0, 0, 0, 0, 0, 0, 0)","(14.951289550466779, 15.643478881506908, 16.44462394058113, 17.371875166361484, 18.44508260360726, 19.68722084116024, 21.124880838328043, 22.788839168383372, 24.71471686520667, 26.94374197727067, 29.523632153270672, 32.50961615327067, 35.96561615327067, 39.96561615327067)","[{'State': None, 'Action': None, 'Reward': 37.59151729361271, 'Error': 21.467053774299423, 'Time': 0.00031447410583496094, 'Max V': 37.59151729361271, 'Mean V': 13.905218739856442}, {'State': None, 'Action': None, 'Reward': 37.59151729361269, 'Error': 18.011053774299423, 'Time': 0.0006420612335205078, 'Max V': 37.59151729361269, 'Mean V': 15.438579723734952}, {'State': None, 'Action': None, 'Reward': 37.59151729361262, 'Error': 15.025069774299407, 'Time': 0.0009653568267822266, 'Max V': 37.59151729361262, 'Mean V': 16.725083564756293}, {'State': None, 'Action': None, 'Reward': 37.5915172936126, 'Error': 12.445179598299479, 'Time': 0.0012874603271484375, 'Max V': 37.5915172936126, 'Mean V': 17.798302834349027}, {'State': None, 'Action': None, 'Reward': 37.59151729361257, 'Error': 10.216154486235439, 'Time': 0.0016088485717773438, 'Max V': 37.59151729361257, 'Mean V': 18.68724423422758}, {'State': None, 'Action': None, 'Reward': 37.59151729361255, 'Error': 8.290276789412179, 'Time': 0.0019292831420898438, 'Max V': 37.59151729361255, 'Mean V': 19.41696955467291}, {'State': None, 'Action': None, 'Reward': 37.59151729361253, 'Error': 6.626318459356845, 'Time': 0.00225067138671875, 'Max V': 37.59151729361253, 'Mean V': 20.009132182488063}, {'State': None, 'Action': None, 'Reward': 37.59151729361251, 'Error': 5.188658462189018, 'Time': 0.0025703907012939453, 'Max V': 37.59151729361251, 'Mean V': 20.482440643870707}, {'State': None, 'Action': None, 'Reward': 37.591517293612455, 'Error': 3.9465202246360533, 'Time': 0.0028922557830810547, 'Max V': 37.591517293612455, 'Mean V': 20.85305910545557}, {'State': None, 'Action': None, 'Reward': 37.59151729361245, 'Error': 2.8733127873902973, 'Time': 0.003228425979614258, 'Max V': 37.59151729361245, 'Mean V': 21.134953407215257}, {'State': None, 'Action': None, 'Reward': 37.59151729361244, 'Error': 1.946061561609934, 'Time': 0.003548860549926758, 'Max V': 37.59151729361244, 'Mean V': 21.34019003488599}, {'State': None, 'Action': None, 'Reward': 37.591517293612426, 'Error': 1.1449165025356773, 'Time': 0.0038690567016601562, 'Max V': 37.591517293612426, 'Mean V': 21.47919443214385}, {'State': None, 'Action': None, 'Reward': 39.96561615327067, 'Error': 3.552713678800501e-15, 'Time': 0.004184722900390625, 'Max V': 39.96561615327067, 'Mean V': 24.00573074613966}]"
12,225,14,38.53029235642586,0.03437972068786621,0.00474858283996582,14,"(0, 0, 0, 0, 0, 0, 0, 0, 0, 0, 0, 0, 0, 0, 0)","(12.917914171603298, 13.51596575362197, 14.2081550846621, 15.009300143736322, 15.936551369516673, 17.00975880676245, 18.25189704431543, 19.689557041483233, 21.353515371538563, 23.27939306836186, 25.50841818042586, 28.08830835642586, 31.07429235642586, 34.53029235642586, 38.53029235642586)","[{'State': None, 'Action': None, 'Reward': 37.59151729361271, 'Error': 21.467053774299423, 'Time': 0.0003139972686767578, 'Max V': 37.59151729361271, 'Mean V': 13.786501725153565}, {'State': None, 'Action': None, 'Reward': 37.59151729361269, 'Error': 18.011053774299423, 'Time': 0.0006442070007324219, 'Max V': 37.59151729361269, 'Mean V': 15.217638643440175}, {'State': None, 'Action': None, 'Reward': 37.59151729361262, 'Error': 15.025069774299407, 'Time': 0.0009703636169433594, 'Max V': 37.59151729361262, 'Mean V': 16.418375561726755}, {'State': None, 'Action': None, 'Reward': 37.5915172936126, 'Error': 12.445179598299479, 'Time': 0.0012943744659423828, 'Max V': 37.5915172936126, 'Mean V': 17.4200468800133}, {'State': None, 'Action': None, 'Reward': 37.59151729361257, 'Error': 10.216154486235439, 'Time': 0.0016188621520996094, 'Max V': 37.59151729361257, 'Mean V': 18.24972551989995}, {'State': None, 'Action': None, 'Reward': 37.59151729361255, 'Error': 8.290276789412179, 'Time': 0.001986980438232422, 'Max V': 37.59151729361255, 'Mean V': 18.930802485648925}, {'State': None, 'Action': None, 'Reward': 37.59151729361253, 'Error': 6.626318459356845, 'Time': 0.002315521240234375, 'Max V': 37.59151729361253, 'Mean V': 19.48348760494306}, {'State': None, 'Action': None, 'Reward': 37.59151729361251, 'Error': 5.188658462189018, 'Time': 0.0026369094848632812, 'Max V': 37.59151729361251, 'Mean V': 19.925242168900198}, {'State': None, 'Action': None, 'Reward': 37.591517293612455, 'Error': 3.9465202246360533, 'Time': 0.0029594898223876953, 'Max V': 37.591517293612455, 'Mean V': 20.27115273304607}, {'State': None, 'Action': None, 'Reward': 37.59151729361245, 'Error': 2.8733127873902973, 'Time': 0.003281116485595703, 'Max V': 37.59151729361245, 'Mean V': 20.534254081355108}, {'State': None, 'Action': None, 'Reward': 37.59151729361244, 'Error': 1.946061561609934, 'Time': 0.003603696823120117, 'Max V': 37.59151729361244, 'Mean V': 20.72580826718113}, {'State': None, 'Action': None, 'Reward': 37.591517293612426, 'Error': 1.1449165025356773, 'Time': 0.003929615020751953, 'Max V': 37.591517293612426, 'Mean V': 20.8555457046218}, {'State': None, 'Action': None, 'Reward': 37.59151729361242, 'Error': 0.45272717149554786, 'Time': 0.0042514801025390625, 'Max V': 37.59151729361242, 'Mean V': 20.93187347145751}, {'State': None, 'Action': None, 'Reward': 38.53029235642586, 'Error': 3.552713678800501e-15, 'Time': 0.00457310676574707, 'Max V': 38.53029235642586, 'Mean V': 21.92690743078208}]"
13,256,14,37.591517293612405,0.03509664535522461,0.005239248275756836,14,"(0, 1, 0, 0, 0, 0, 0, 0, 0, 0, 0, 0, 0, 0, 0, 0)","(11.587982832617653, 12.124463519312947, 12.577190690808576, 13.269380021848706, 14.070525080922927, 14.997776306703276, 16.07098374394905, 17.31312198150203, 18.750781978669828, 20.41474030872515, 22.340618005548443, 24.569643117612436, 27.14953329361243, 30.13551729361242, 33.59151729361241, 37.591517293612405)","[{'State': None, 'Action': None, 'Reward': 37.59151729361271, 'Error': 21.467053774299423, 'Time': 0.0003154277801513672, 'Max V': 37.59151729361271, 'Mean V': 13.68262433728855}, {'State': None, 'Action': None, 'Reward': 37.59151729361269, 'Error': 18.011053774299423, 'Time': 0.0006558895111083984, 'Max V': 37.59151729361269, 'Mean V': 15.024315198182238}, {'State': None, 'Action': None, 'Reward': 37.59151729361262, 'Error': 15.025069774299407, 'Time': 0.0009810924530029297, 'Max V': 37.59151729361262, 'Mean V': 16.150006059075913}, {'State': None, 'Action': None, 'Reward': 37.5915172936126, 'Error': 12.445179598299479, 'Time': 0.0013039112091064453, 'Max V': 37.5915172936126, 'Mean V': 17.08907291996954}, {'State': None, 'Action': None, 'Reward': 37.59151729361257, 'Error': 10.216154486235439, 'Time': 0.00162506103515625, 'Max V': 37.59151729361257, 'Mean V': 17.866896644863274}, {'State': None, 'Action': None, 'Reward': 37.59151729361255, 'Error': 8.290276789412179, 'Time': 0.0019495487213134766, 'Max V': 37.59151729361255, 'Mean V': 18.505406300252936}, {'State': None, 'Action': None, 'Reward': 37.59151729361253, 'Error': 6.626318459356845, 'Time': 0.0022726058959960938, 'Max V': 37.59151729361253, 'Mean V': 19.02354859959119}, {'State': None, 'Action': None, 'Reward': 37.59151729361251, 'Error': 5.188658462189018, 'Time': 0.0025947093963623047, 'Max V': 37.59151729361251, 'Mean V': 19.437693503301006}, {'State': None, 'Action': None, 'Reward': 37.591517293612455, 'Error': 3.9465202246360533, 'Time': 0.002916097640991211, 'Max V': 37.591517293612455, 'Mean V': 19.761984657187757}, {'State': None, 'Action': None, 'Reward': 37.59151729361245, 'Error': 2.8733127873902973, 'Time': 0.0032377243041992188, 'Max V': 37.59151729361245, 'Mean V': 20.008642171227475}, {'State': None, 'Action': None, 'Reward': 37.59151729361244, 'Error': 1.946061561609934, 'Time': 0.0035622119903564453, 'Max V': 37.59151729361244, 'Mean V': 20.18822422043937}, {'State': None, 'Action': None, 'Reward': 37.591517293612426, 'Error': 1.1449165025356773, 'Time': 0.003890514373779297, 'Max V': 37.591517293612426, 'Mean V': 20.309853068040002}, {'State': None, 'Action': None, 'Reward': 37.59151729361242, 'Error': 0.45272717149554786, 'Time': 0.00472712516784668, 'Max V': 37.59151729361242, 'Mean V': 20.381410349448487}, {'State': None, 'Action': None, 'Reward': 37.591517293612405, 'Error': 2.6645352591003757e-14, 'Time': 0.005064725875854492, 'Max V': 37.591517293612405, 'Mean V': 20.409705797666916}]"
14,289,14,37.591517293612405,0.0359652042388916,0.0049207210540771484,14,"(0, 1, 1, 0, 0, 0, 0, 0, 0, 0, 0, 0, 0, 0, 0, 0, 0)","(11.587982832617653, 12.124463519312947, 12.124463519312947, 12.577190690808576, 13.269380021848706, 14.070525080922927, 14.997776306703276, 16.07098374394905, 17.31312198150203, 18.750781978669828, 20.41474030872515, 22.340618005548443, 24.569643117612436, 27.14953329361243, 30.13551729361242, 33.59151729361241, 37.591517293612405)","[{'State': None, 'Action': None, 'Reward': 37.59151729361271, 'Error': 21.467053774299423, 'Time': 0.0003826618194580078, 'Max V': 37.59151729361271, 'Mean V': 13.59096781858412}, {'State': None, 'Action': None, 'Reward': 37.59151729361269, 'Error': 18.011053774299423, 'Time': 0.0007245540618896484, 'Max V': 37.59151729361269, 'Mean V': 14.853735687660535}, {'State': None, 'Action': None, 'Reward': 37.59151729361262, 'Error': 15.025069774299407, 'Time': 0.0010597705841064453, 'Max V': 37.59151729361262, 'Mean V': 15.913209439089872}, {'State': None, 'Action': None, 'Reward': 37.5915172936126, 'Error': 12.445179598299479, 'Time': 0.0013935565948486328, 'Max V': 37.5915172936126, 'Mean V': 16.7970370728721}, {'State': None, 'Action': None, 'Reward': 37.59151729361257, 'Error': 10.216154486235439, 'Time': 0.0017292499542236328, 'Max V': 37.59151729361257, 'Mean V': 17.529106461007387}, {'State': None, 'Action': None, 'Reward': 37.59151729361255, 'Error': 8.290276789412179, 'Time': 0.002064228057861328, 'Max V': 37.59151729361255, 'Mean V': 18.13005672490353}, {'State': None, 'Action': None, 'Reward': 37.59151729361253, 'Error': 6.626318459356845, 'Time': 0.0024001598358154297, 'Max V': 37.59151729361253, 'Mean V': 18.61772006545718}, {'State': None, 'Action': None, 'Reward': 37.59151729361251, 'Error': 5.188658462189018, 'Time': 0.0027458667755126953, 'Max V': 37.59151729361251, 'Mean V': 19.007503504242894}, {'State': None, 'Action': None, 'Reward': 37.591517293612455, 'Error': 3.9465202246360533, 'Time': 0.003080129623413086, 'Max V': 37.591517293612455, 'Mean V': 19.31271870790101}, {'State': None, 'Action': None, 'Reward': 37.59151729361245, 'Error': 2.8733127873902973, 'Time': 0.003409147262573242, 'Max V': 37.59151729361245, 'Mean V': 19.54486695640898}, {'State': None, 'Action': None, 'Reward': 37.59151729361244, 'Error': 1.946061561609934, 'Time': 0.003747701644897461, 'Max V': 37.59151729361244, 'Mean V': 19.71388535566723}, {'State': None, 'Action': None, 'Reward': 37.591517293612426, 'Error': 1.1449165025356773, 'Time': 0.004077911376953125, 'Max V': 37.591517293612426, 'Mean V': 19.828359565173713}, {'State': None, 'Action': None, 'Reward': 37.59151729361242, 'Error': 0.45272717149554786, 'Time': 0.004411220550537109, 'Max V': 37.59151729361242, 'Mean V': 19.895707594734642}, {'State': None, 'Action': None, 'Reward': 37.591517293612405, 'Error': 2.6645352591003757e-14, 'Time': 0.004739046096801758, 'Max V': 37.591517293612405, 'Mean V': 19.922338604822567}]"
15,324,14,37.591517293612405,0.03514909744262695,0.004853487014770508,14,"(0, 1, 1, 1, 0, 0, 0, 0, 0, 0, 0, 0, 0, 0, 0, 0, 0, 0)","(11.587982832617653, 12.124463519312947, 12.124463519312947, 12.124463519312947, 12.577190690808576, 13.269380021848706, 14.070525080922927, 14.997776306703276, 16.07098374394905, 17.31312198150203, 18.750781978669828, 20.41474030872515, 22.340618005548443, 24.569643117612436, 27.14953329361243, 30.13551729361242, 33.59151729361241, 37.591517293612405)","[{'State': None, 'Action': None, 'Reward': 37.59151729361271, 'Error': 21.467053774299423, 'Time': 0.00033020973205566406, 'Max V': 37.59151729361271, 'Mean V': 13.509495357513519}, {'State': None, 'Action': None, 'Reward': 37.59151729361269, 'Error': 18.011053774299423, 'Time': 0.0006680488586425781, 'Max V': 37.59151729361269, 'Mean V': 14.702109456085687}, {'State': None, 'Action': None, 'Reward': 37.59151729361262, 'Error': 15.025069774299407, 'Time': 0.0010159015655517578, 'Max V': 37.59151729361262, 'Mean V': 15.702723554657837}, {'State': None, 'Action': None, 'Reward': 37.5915172936126, 'Error': 12.445179598299479, 'Time': 0.00135040283203125, 'Max V': 37.5915172936126, 'Mean V': 16.537449653229935}, {'State': None, 'Action': None, 'Reward': 37.59151729361257, 'Error': 10.216154486235439, 'Time': 0.0016818046569824219, 'Max V': 37.59151729361257, 'Mean V': 17.228848519802153}, {'State': None, 'Action': None, 'Reward': 37.59151729361255, 'Error': 8.290276789412179, 'Time': 0.002015829086303711, 'Max V': 37.59151729361255, 'Mean V': 17.796412657926286}, {'State': None, 'Action': None, 'Reward': 37.59151729361253, 'Error': 6.626318459356845, 'Time': 0.002346515655517578, 'Max V': 37.59151729361253, 'Mean V': 18.2569835906714}, {'State': None, 'Action': None, 'Reward': 37.59151729361251, 'Error': 5.188658462189018, 'Time': 0.0026764869689941406, 'Max V': 37.59151729361251, 'Mean V': 18.62511239396902}, {'State': None, 'Action': None, 'Reward': 37.591517293612455, 'Error': 3.9465202246360533, 'Time': 0.003006458282470703, 'Max V': 37.591517293612455, 'Mean V': 18.9133711974239}, {'State': None, 'Action': None, 'Reward': 37.59151729361245, 'Error': 2.8733127873902973, 'Time': 0.0033392906188964844, 'Max V': 37.59151729361245, 'Mean V': 19.132622321014757}, {'State': None, 'Action': None, 'Reward': 37.59151729361244, 'Error': 1.946061561609934, 'Time': 0.003675699234008789, 'Max V': 37.59151729361244, 'Mean V': 19.29225080920311}, {'State': None, 'Action': None, 'Reward': 37.591517293612426, 'Error': 1.1449165025356773, 'Time': 0.004014253616333008, 'Max V': 37.591517293612426, 'Mean V': 19.400365340403674}, {'State': None, 'Action': None, 'Reward': 37.59151729361242, 'Error': 0.45272717149554786, 'Time': 0.0043523311614990234, 'Max V': 37.59151729361242, 'Mean V': 19.463971812766776}, {'State': None, 'Action': None, 'Reward': 37.591517293612405, 'Error': 2.6645352591003757e-14, 'Time': 0.004675865173339844, 'Max V': 37.591517293612405, 'Mean V': 19.489123322294255}]"
16,361,14,37.591517293612405,0.03512835502624512,0.0048635005950927734,14,"(0, 1, 1, 1, 1, 0, 0, 0, 0, 0, 0, 0, 0, 0, 0, 0, 0, 0, 0)","(11.587982832617653, 12.124463519312947, 12.124463519312947, 12.124463519312947, 12.124463519312947, 12.577190690808576, 13.269380021848706, 14.070525080922927, 14.997776306703276, 16.07098374394905, 17.31312198150203, 18.750781978669828, 20.41474030872515, 22.340618005548443, 24.569643117612436, 27.14953329361243, 30.13551729361242, 33.59151729361241, 37.591517293612405)","[{'State': None, 'Action': None, 'Reward': 37.59151729361271, 'Error': 21.467053774299423, 'Time': 0.0003299713134765625, 'Max V': 37.59151729361271, 'Mean V': 13.436598944976664}, {'State': None, 'Action': None, 'Reward': 37.59151729361269, 'Error': 18.011053774299423, 'Time': 0.0006706714630126953, 'Max V': 37.59151729361269, 'Mean V': 14.566443880466085}, {'State': None, 'Action': None, 'Reward': 37.59151729361262, 'Error': 15.025069774299407, 'Time': 0.0010058879852294922, 'Max V': 37.59151729361262, 'Mean V': 15.514394079113384}, {'State': None, 'Action': None, 'Reward': 37.5915172936126, 'Error': 12.445179598299479, 'Time': 0.0013403892517089844, 'Max V': 37.5915172936126, 'Mean V': 16.30518722512905}, {'State': None, 'Action': None, 'Reward': 37.59151729361257, 'Error': 10.216154486235439, 'Time': 0.0016734600067138672, 'Max V': 37.59151729361257, 'Mean V': 16.960196677671153}, {'State': None, 'Action': None, 'Reward': 37.59151729361255, 'Error': 8.290276789412179, 'Time': 0.0020084381103515625, 'Max V': 37.59151729361255, 'Mean V': 17.497889019051904}, {'State': None, 'Action': None, 'Reward': 37.59151729361253, 'Error': 6.626318459356845, 'Time': 0.002341747283935547, 'Max V': 37.59151729361253, 'Mean V': 17.934219376389382}, {'State': None, 'Action': None, 'Reward': 37.59151729361251, 'Error': 5.188658462189018, 'Time': 0.002674579620361328, 'Max V': 37.59151729361251, 'Mean V': 18.282972979513445}, {'State': None, 'Action': None, 'Reward': 37.591517293612455, 'Error': 3.9465202246360533, 'Time': 0.0030078887939453125, 'Max V': 37.591517293612455, 'Mean V': 18.556060266997015}, {'State': None, 'Action': None, 'Reward': 37.59151729361245, 'Error': 2.8733127873902973, 'Time': 0.003345012664794922, 'Max V': 37.59151729361245, 'Mean V': 18.763771857767296}, {'State': None, 'Action': None, 'Reward': 37.59151729361244, 'Error': 1.946061561609934, 'Time': 0.0036821365356445312, 'Max V': 37.59151729361244, 'Mean V': 18.914998846577316}, {'State': None, 'Action': None, 'Reward': 37.591517293612426, 'Error': 1.1449165025356773, 'Time': 0.004018068313598633, 'Max V': 37.591517293612426, 'Mean V': 19.017423139293644}, {'State': None, 'Action': None, 'Reward': 37.59151729361242, 'Error': 0.45272717149554786, 'Time': 0.004349708557128906, 'Max V': 37.59151729361242, 'Mean V': 19.077681902585002}, {'State': None, 'Action': None, 'Reward': 37.591517293612405, 'Error': 2.6645352591003757e-14, 'Time': 0.0046803951263427734, 'Max V': 37.591517293612405, 'Mean V': 19.10150964845313}]"
17,400,14,37.591517293612405,0.034923553466796875,0.004799842834472656,14,"(0, 1, 1, 1, 1, 1, 0, 0, 0, 0, 0, 0, 0, 0, 0, 0, 0, 0, 0, 0)","(11.587982832617653, 12.124463519312947, 12.124463519312947, 12.124463519312947, 12.124463519312947, 12.124463519312947, 12.577190690808576, 13.269380021848706, 14.070525080922927, 14.997776306703276, 16.07098374394905, 17.31312198150203, 18.750781978669828, 20.41474030872515, 22.340618005548443, 24.569643117612436, 27.14953329361243, 30.13551729361242, 33.59151729361241, 37.591517293612405)","[{'State': None, 'Action': None, 'Reward': 37.59151729361271, 'Error': 21.467053774299423, 'Time': 0.0003237724304199219, 'Max V': 37.59151729361271, 'Mean V': 13.370992173693494}, {'State': None, 'Action': None, 'Reward': 37.59151729361269, 'Error': 18.011053774299423, 'Time': 0.0006635189056396484, 'Max V': 37.59151729361269, 'Mean V': 14.444344862408446}, {'State': None, 'Action': None, 'Reward': 37.59151729361262, 'Error': 15.025069774299407, 'Time': 0.0009999275207519531, 'Max V': 37.59151729361262, 'Mean V': 15.344897551123376}, {'State': None, 'Action': None, 'Reward': 37.5915172936126, 'Error': 12.445179598299479, 'Time': 0.0013356208801269531, 'Max V': 37.5915172936126, 'Mean V': 16.096151039838254}, {'State': None, 'Action': None, 'Reward': 37.59151729361257, 'Error': 10.216154486235439, 'Time': 0.001676321029663086, 'Max V': 37.59151729361257, 'Mean V': 16.718410019753254}, {'State': None, 'Action': None, 'Reward': 37.59151729361255, 'Error': 8.290276789412179, 'Time': 0.002025604248046875, 'Max V': 37.59151729361255, 'Mean V': 17.22921774406496}, {'State': None, 'Action': None, 'Reward': 37.59151729361253, 'Error': 6.626318459356845, 'Time': 0.0023517608642578125, 'Max V': 37.59151729361253, 'Mean V': 17.64373158353557}, {'State': None, 'Action': None, 'Reward': 37.59151729361251, 'Error': 5.188658462189018, 'Time': 0.0026733875274658203, 'Max V': 37.59151729361251, 'Mean V': 17.97504750650343}, {'State': None, 'Action': None, 'Reward': 37.591517293612455, 'Error': 3.9465202246360533, 'Time': 0.0030040740966796875, 'Max V': 37.591517293612455, 'Mean V': 18.234480429612816}, {'State': None, 'Action': None, 'Reward': 37.59151729361245, 'Error': 2.8733127873902973, 'Time': 0.0033261775970458984, 'Max V': 37.59151729361245, 'Mean V': 18.431806440844582}, {'State': None, 'Action': None, 'Reward': 37.59151729361244, 'Error': 1.946061561609934, 'Time': 0.0036497116088867188, 'Max V': 37.59151729361244, 'Mean V': 18.575472080214105}, {'State': None, 'Action': None, 'Reward': 37.591517293612426, 'Error': 1.1449165025356773, 'Time': 0.003975629806518555, 'Max V': 37.591517293612426, 'Mean V': 18.672775158294616}, {'State': None, 'Action': None, 'Reward': 37.59151729361242, 'Error': 0.45272717149554786, 'Time': 0.004297971725463867, 'Max V': 37.59151729361242, 'Mean V': 18.730020983421404}, {'State': None, 'Action': None, 'Reward': 37.591517293612405, 'Error': 2.6645352591003757e-14, 'Time': 0.004620075225830078, 'Max V': 37.591517293612405, 'Mean V': 18.752657341996123}]"
18,441,14,37.591517293612405,0.03558945655822754,0.0048983097076416016,14,"(0, 1, 1, 1, 1, 1, 1, 0, 0, 0, 0, 0, 0, 0, 0, 0, 0, 0, 0, 0, 0)","(11.587982832617653, 12.124463519312947, 12.124463519312947, 12.124463519312947, 12.124463519312947, 12.124463519312947, 12.124463519312947, 12.577190690808576, 13.269380021848706, 14.070525080922927, 14.997776306703276, 16.07098374394905, 17.31312198150203, 18.750781978669828, 20.41474030872515, 22.340618005548443, 24.569643117612436, 27.14953329361243, 30.13551729361242, 33.59151729361241, 37.591517293612405)","[{'State': None, 'Action': None, 'Reward': 37.59151729361271, 'Error': 21.467053774299423, 'Time': 0.0003218650817871094, 'Max V': 37.59151729361271, 'Mean V': 13.311633666342056}, {'State': None, 'Action': None, 'Reward': 37.59151729361269, 'Error': 18.011053774299423, 'Time': 0.0006799697875976562, 'Max V': 37.59151729361269, 'Mean V': 14.333874322261057}, {'State': None, 'Action': None, 'Reward': 37.59151729361262, 'Error': 15.025069774299407, 'Time': 0.0010237693786621094, 'Max V': 37.59151729361262, 'Mean V': 15.191543549608607}, {'State': None, 'Action': None, 'Reward': 37.5915172936126, 'Error': 12.445179598299479, 'Time': 0.001367330551147461, 'Max V': 37.5915172936126, 'Mean V': 15.907023062670392}, {'State': None, 'Action': None, 'Reward': 37.59151729361257, 'Error': 10.216154486235439, 'Time': 0.0017156600952148438, 'Max V': 37.59151729361257, 'Mean V': 16.49965066258944}, {'State': None, 'Action': None, 'Reward': 37.59151729361255, 'Error': 8.290276789412179, 'Time': 0.002051830291748047, 'Max V': 37.59151729361255, 'Mean V': 16.986134209552972}, {'State': None, 'Action': None, 'Reward': 37.59151729361253, 'Error': 6.626318459356845, 'Time': 0.0023860931396484375, 'Max V': 37.59151729361253, 'Mean V': 17.38090929476307}, {'State': None, 'Action': None, 'Reward': 37.59151729361251, 'Error': 5.188658462189018, 'Time': 0.0027239322662353516, 'Max V': 37.59151729361251, 'Mean V': 17.69644826901818}, {'State': None, 'Action': None, 'Reward': 37.591517293612455, 'Error': 3.9465202246360533, 'Time': 0.003056049346923828, 'Max V': 37.591517293612455, 'Mean V': 17.943527243408067}, {'State': None, 'Action': None, 'Reward': 37.59151729361245, 'Error': 2.8733127873902973, 'Time': 0.0033876895904541016, 'Max V': 37.59151729361245, 'Mean V': 18.131456777914508}, {'State': None, 'Action': None, 'Reward': 37.59151729361244, 'Error': 1.946061561609934, 'Time': 0.0037174224853515625, 'Max V': 37.59151729361244, 'Mean V': 18.268281196361666}, {'State': None, 'Action': None, 'Reward': 37.591517293612426, 'Error': 1.1449165025356773, 'Time': 0.0040471553802490234, 'Max V': 37.591517293612426, 'Mean V': 18.36095079453359}, {'State': None, 'Action': None, 'Reward': 37.59151729361242, 'Error': 0.45272717149554786, 'Time': 0.004389286041259766, 'Max V': 37.59151729361242, 'Mean V': 18.415470627987673}, {'State': None, 'Action': None, 'Reward': 37.591517293612405, 'Error': 2.6645352591003757e-14, 'Time': 0.004721403121948242, 'Max V': 37.591517293612405, 'Mean V': 18.437029064725497}]"
19,484,14,37.591517293612405,0.035186052322387695,0.004862785339355469,14,"(0, 1, 1, 1, 1, 1, 1, 1, 0, 0, 0, 0, 0, 0, 0, 0, 0, 0, 0, 0, 0, 0)","(11.587982832617653, 12.124463519312947, 12.124463519312947, 12.124463519312947, 12.124463519312947, 12.124463519312947, 12.124463519312947, 12.124463519312947, 12.577190690808576, 13.269380021848706, 14.070525080922927, 14.997776306703276, 16.07098374394905, 17.31312198150203, 18.750781978669828, 20.41474030872515, 22.340618005548443, 24.569643117612436, 27.14953329361243, 30.13551729361242, 33.59151729361241, 37.591517293612405)","[{'State': None, 'Action': None, 'Reward': 37.59151729361271, 'Error': 21.467053774299423, 'Time': 0.0003299713134765625, 'Max V': 37.59151729361271, 'Mean V': 13.257671386931657}, {'State': None, 'Action': None, 'Reward': 37.59151729361269, 'Error': 18.011053774299423, 'Time': 0.0006701946258544922, 'Max V': 37.59151729361269, 'Mean V': 14.233446558490703}, {'State': None, 'Action': None, 'Reward': 37.59151729361262, 'Error': 15.025069774299407, 'Time': 0.0010063648223876953, 'Max V': 37.59151729361262, 'Mean V': 15.05213082095882}, {'State': None, 'Action': None, 'Reward': 37.5915172936126, 'Error': 12.445179598299479, 'Time': 0.0013403892517089844, 'Max V': 37.5915172936126, 'Mean V': 15.735088537972333}, {'State': None, 'Action': None, 'Reward': 37.59151729361257, 'Error': 10.216154486235439, 'Time': 0.0016748905181884766, 'Max V': 37.59151729361257, 'Mean V': 16.300778519713244}, {'State': None, 'Action': None, 'Reward': 37.59151729361255, 'Error': 8.290276789412179, 'Time': 0.0020101070404052734, 'Max V': 37.59151729361255, 'Mean V': 16.76514917817843}, {'State': None, 'Action': None, 'Reward': 37.59151729361253, 'Error': 6.626318459356845, 'Time': 0.002347707748413086, 'Max V': 37.59151729361253, 'Mean V': 17.141979941333524}, {'State': None, 'Action': None, 'Reward': 37.59151729361251, 'Error': 5.188658462189018, 'Time': 0.0026857852935791016, 'Max V': 37.59151729361251, 'Mean V': 17.443176234940676}, {'State': None, 'Action': None, 'Reward': 37.591517293612455, 'Error': 3.9465202246360533, 'Time': 0.0030171871185302734, 'Max V': 37.591517293612455, 'Mean V': 17.67902434685829}, {'State': None, 'Action': None, 'Reward': 37.59151729361245, 'Error': 2.8733127873902973, 'Time': 0.0033533573150634766, 'Max V': 37.59151729361245, 'Mean V': 17.858411629796255}, {'State': None, 'Action': None, 'Reward': 37.59151729361244, 'Error': 1.946061561609934, 'Time': 0.0036873817443847656, 'Max V': 37.59151729361244, 'Mean V': 17.989016756495822}, {'State': None, 'Action': None, 'Reward': 37.591517293612426, 'Error': 1.1449165025356773, 'Time': 0.0040204524993896484, 'Max V': 37.591517293612426, 'Mean V': 18.077474100205382}, {'State': None, 'Action': None, 'Reward': 37.59151729361242, 'Error': 0.45272717149554786, 'Time': 0.004355907440185547, 'Max V': 37.59151729361242, 'Mean V': 18.129515759411557}, {'State': None, 'Action': None, 'Reward': 37.591517293612405, 'Error': 2.6645352591003757e-14, 'Time': 0.0046863555908203125, 'Max V': 37.591517293612405, 'Mean V': 18.150094267206743}]"
20,529,14,37.591517293612405,0.03522992134094238,0.004870176315307617,14,"(0, 1, 1, 1, 1, 1, 1, 1, 1, 0, 0, 0, 0, 0, 0, 0, 0, 0, 0, 0, 0, 0, 0)","(11.587982832617653, 12.124463519312947, 12.124463519312947, 12.124463519312947, 12.124463519312947, 12.124463519312947, 12.124463519312947, 12.124463519312947, 12.124463519312947, 12.577190690808576, 13.269380021848706, 14.070525080922927, 14.997776306703276, 16.07098374394905, 17.31312198150203, 18.750781978669828, 20.41474030872515, 22.340618005548443, 24.569643117612436, 27.14953329361243, 30.13551729361242, 33.59151729361241, 37.591517293612405)","[{'State': None, 'Action': None, 'Reward': 37.59151729361271, 'Error': 21.467053774299423, 'Time': 0.0003287792205810547, 'Max V': 37.59151729361271, 'Mean V': 13.208401479643902}, {'State': None, 'Action': None, 'Reward': 37.59151729361269, 'Error': 18.011053774299423, 'Time': 0.0006682872772216797, 'Max V': 37.59151729361269, 'Mean V': 14.14175164374386}, {'State': None, 'Action': None, 'Reward': 37.59151729361262, 'Error': 15.025069774299407, 'Time': 0.0010066032409667969, 'Max V': 37.59151729361262, 'Mean V': 14.924840938278576}, {'State': None, 'Action': None, 'Reward': 37.5915172936126, 'Error': 12.445179598299479, 'Time': 0.0013458728790283203, 'Max V': 37.5915172936126, 'Mean V': 15.578104841508889}, {'State': None, 'Action': None, 'Reward': 37.59151729361257, 'Error': 10.216154486235439, 'Time': 0.0016787052154541016, 'Max V': 37.59151729361257, 'Mean V': 16.11919960665237}, {'State': None, 'Action': None, 'Reward': 37.59151729361255, 'Error': 8.290276789412179, 'Time': 0.0020198822021484375, 'Max V': 37.59151729361255, 'Mean V': 16.56338023648863}, {'State': None, 'Action': None, 'Reward': 37.59151729361253, 'Error': 6.626318459356845, 'Time': 0.0023534297943115234, 'Max V': 37.59151729361253, 'Mean V': 16.923827053419593}, {'State': None, 'Action': None, 'Reward': 37.59151729361251, 'Error': 5.188658462189018, 'Time': 0.002687692642211914, 'Max V': 37.59151729361251, 'Mean V': 17.211927856000347}, {'State': None, 'Action': None, 'Reward': 37.591517293612455, 'Error': 3.9465202246360533, 'Time': 0.0030221939086914062, 'Max V': 37.591517293612455, 'Mean V': 17.437521702182412}, {'State': None, 'Action': None, 'Reward': 37.59151729361245, 'Error': 2.8733127873902973, 'Time': 0.003354787826538086, 'Max V': 37.59151729361245, 'Mean V': 17.609109538036115}, {'State': None, 'Action': None, 'Reward': 37.59151729361244, 'Error': 1.946061561609934, 'Time': 0.003692626953125, 'Max V': 37.59151729361244, 'Mean V': 17.734036180966136}, {'State': None, 'Action': None, 'Reward': 37.591517293612426, 'Error': 1.1449165025356773, 'Time': 0.00402379035949707, 'Max V': 37.591517293612426, 'Mean V': 17.818647553210063}, {'State': None, 'Action': None, 'Reward': 37.59151729361242, 'Error': 0.45272717149554786, 'Time': 0.00435638427734375, 'Max V': 37.59151729361242, 'Mean V': 17.86842653158119}, {'State': None, 'Action': None, 'Reward': 37.591517293612405, 'Error': 2.6645352591003757e-14, 'Time': 0.004690885543823242, 'Max V': 37.591517293612405, 'Mean V': 17.888110321646142}]"
21,576,14,37.591517293612405,0.03546333312988281,0.004907369613647461,14,"(0, 1, 1, 1, 1, 1, 1, 1, 1, 1, 0, 0, 0, 0, 0, 0, 0, 0, 0, 0, 0, 0, 0, 0)","(11.587982832617653, 12.124463519312947, 12.124463519312947, 12.124463519312947, 12.124463519312947, 12.124463519312947, 12.124463519312947, 12.124463519312947, 12.124463519312947, 12.124463519312947, 12.577190690808576, 13.269380021848706, 14.070525080922927, 14.997776306703276, 16.07098374394905, 17.31312198150203, 18.750781978669828, 20.41474030872515, 22.340618005548443, 24.569643117612436, 27.14953329361243, 30.13551729361242, 33.59151729361241, 37.591517293612405)","[{'State': None, 'Action': None, 'Reward': 37.59151729361271, 'Error': 21.467053774299423, 'Time': 0.00033164024353027344, 'Max V': 37.59151729361271, 'Mean V': 13.163237397963462}, {'State': None, 'Action': None, 'Reward': 37.59151729361269, 'Error': 18.011053774299423, 'Time': 0.0006747245788574219, 'Max V': 37.59151729361269, 'Mean V': 14.05769797189258}, {'State': None, 'Action': None, 'Reward': 37.59151729361262, 'Error': 15.025069774299407, 'Time': 0.001013040542602539, 'Max V': 37.59151729361262, 'Mean V': 14.808158545821685}, {'State': None, 'Action': None, 'Reward': 37.5915172936126, 'Error': 12.445179598299479, 'Time': 0.0013515949249267578, 'Max V': 37.5915172936126, 'Mean V': 15.434203119750734}, {'State': None, 'Action': None, 'Reward': 37.59151729361257, 'Error': 10.216154486235439, 'Time': 0.001689910888671875, 'Max V': 37.59151729361257, 'Mean V': 15.952752269679904}, {'State': None, 'Action': None, 'Reward': 37.59151729361255, 'Error': 8.290276789412179, 'Time': 0.002031564712524414, 'Max V': 37.59151729361255, 'Mean V': 16.378425373272986}, {'State': None, 'Action': None, 'Reward': 37.59151729361253, 'Error': 6.626318459356845, 'Time': 0.002368450164794922, 'Max V': 37.59151729361253, 'Mean V': 16.723853572831825}, {'State': None, 'Action': None, 'Reward': 37.59151729361251, 'Error': 5.188658462189018, 'Time': 0.002701997756958008, 'Max V': 37.59151729361251, 'Mean V': 16.999950175305045}, {'State': None, 'Action': None, 'Reward': 37.591517293612455, 'Error': 3.9465202246360533, 'Time': 0.003038167953491211, 'Max V': 37.591517293612455, 'Mean V': 17.216144277896188}, {'State': None, 'Action': None, 'Reward': 37.59151729361245, 'Error': 2.8733127873902973, 'Time': 0.003374338150024414, 'Max V': 37.59151729361245, 'Mean V': 17.38058262058932}, {'State': None, 'Action': None, 'Reward': 37.59151729361244, 'Error': 1.946061561609934, 'Time': 0.0037195682525634766, 'Max V': 37.59151729361244, 'Mean V': 17.500303986730586}, {'State': None, 'Action': None, 'Reward': 37.591517293612426, 'Error': 1.1449165025356773, 'Time': 0.004052400588989258, 'Max V': 37.591517293612426, 'Mean V': 17.581389885131028}, {'State': None, 'Action': None, 'Reward': 37.59151729361242, 'Error': 0.45272717149554786, 'Time': 0.0043866634368896484, 'Max V': 37.59151729361242, 'Mean V': 17.629094739403353}, {'State': None, 'Action': None, 'Reward': 37.591517293612405, 'Error': 2.6645352591003757e-14, 'Time': 0.004729270935058594, 'Max V': 37.591517293612405, 'Mean V': 17.647958371548928}]"
22,625,14,37.591517293612405,0.03687596321105957,0.0050356388092041016,14,"(0, 1, 1, 1, 1, 1, 1, 1, 1, 1, 1, 0, 0, 0, 0, 0, 0, 0, 0, 0, 0, 0, 0, 0, 0)","(11.587982832617653, 12.124463519312947, 12.124463519312947, 12.124463519312947, 12.124463519312947, 12.124463519312947, 12.124463519312947, 12.124463519312947, 12.124463519312947, 12.124463519312947, 12.124463519312947, 12.577190690808576, 13.269380021848706, 14.070525080922927, 14.997776306703276, 16.07098374394905, 17.31312198150203, 18.750781978669828, 20.41474030872515, 22.340618005548443, 24.569643117612436, 27.14953329361243, 30.13551729361242, 33.59151729361241, 37.591517293612405)","[{'State': None, 'Action': None, 'Reward': 37.59151729361271, 'Error': 21.467053774299423, 'Time': 0.0003910064697265625, 'Max V': 37.59151729361271, 'Mean V': 13.121686442817454}, {'State': None, 'Action': None, 'Reward': 37.59151729361269, 'Error': 18.011053774299423, 'Time': 0.0007414817810058594, 'Max V': 37.59151729361269, 'Mean V': 13.980368593789407}, {'State': None, 'Action': None, 'Reward': 37.59151729361262, 'Error': 15.025069774299407, 'Time': 0.0010840892791748047, 'Max V': 37.59151729361262, 'Mean V': 14.700810744761348}, {'State': None, 'Action': None, 'Reward': 37.5915172936126, 'Error': 12.445179598299479, 'Time': 0.0014307498931884766, 'Max V': 37.5915172936126, 'Mean V': 15.30181353573323}, {'State': None, 'Action': None, 'Reward': 37.59151729361257, 'Error': 10.216154486235439, 'Time': 0.0017828941345214844, 'Max V': 37.59151729361257, 'Mean V': 15.799620719665233}, {'State': None, 'Action': None, 'Reward': 37.59151729361255, 'Error': 8.290276789412179, 'Time': 0.0021278858184814453, 'Max V': 37.59151729361255, 'Mean V': 16.20826689911459}, {'State': None, 'Action': None, 'Reward': 37.59151729361253, 'Error': 6.626318459356845, 'Time': 0.002471923828125, 'Max V': 37.59151729361253, 'Mean V': 16.539877970691077}, {'State': None, 'Action': None, 'Reward': 37.59151729361251, 'Error': 5.188658462189018, 'Time': 0.0028162002563476562, 'Max V': 37.59151729361251, 'Mean V': 16.804930709065367}, {'State': None, 'Action': None, 'Reward': 37.591517293612455, 'Error': 3.9465202246360533, 'Time': 0.0031557083129882812, 'Max V': 37.591517293612455, 'Mean V': 17.012477047552863}, {'State': None, 'Action': None, 'Reward': 37.59151729361245, 'Error': 2.8733127873902973, 'Time': 0.003497600555419922, 'Max V': 37.59151729361245, 'Mean V': 17.170337856538264}, {'State': None, 'Action': None, 'Reward': 37.59151729361244, 'Error': 1.946061561609934, 'Time': 0.0038352012634277344, 'Max V': 37.59151729361244, 'Mean V': 17.285270368033885}, {'State': None, 'Action': None, 'Reward': 37.591517293612426, 'Error': 1.1449165025356773, 'Time': 0.004173755645751953, 'Max V': 37.591517293612426, 'Mean V': 17.36311283049831}, {'State': None, 'Action': None, 'Reward': 37.59151729361242, 'Error': 0.45272717149554786, 'Time': 0.004512310028076172, 'Max V': 37.59151729361242, 'Mean V': 17.408909490599743}, {'State': None, 'Action': None, 'Reward': 37.591517293612405, 'Error': 2.6645352591003757e-14, 'Time': 0.004855155944824219, 'Max V': 37.591517293612405, 'Mean V': 17.42701857745949}]"
23,676,14,37.59151729361244,0.036237239837646484,0.005007743835449219,14,"(0, 1, 1, 1, 1, 1, 1, 1, 1, 1, 1, 1, 0, 0, 0, 0, 0, 0, 0, 0, 0, 0, 0, 0, 0, 0)","(11.587982832617728, 12.124463519313018, 12.124463519313018, 12.124463519313018, 12.124463519313018, 12.124463519313018, 12.124463519313018, 12.124463519313018, 12.124463519313018, 12.124463519313018, 12.124463519313018, 12.124463519313018, 12.577190690808612, 13.269380021848738, 14.070525080922955, 14.997776306703301, 16.07098374394907, 17.313121981502047, 18.750781978669846, 20.414740308725168, 22.34061800554846, 24.569643117612458, 27.149533293612453, 30.135517293612452, 33.59151729361245, 37.59151729361244)","[{'State': None, 'Action': None, 'Reward': 37.59151729361271, 'Error': 21.467053774299423, 'Time': 0.00034117698669433594, 'Max V': 37.59151729361271, 'Mean V': 13.08333171499037}, {'State': None, 'Action': None, 'Reward': 37.59151729361269, 'Error': 18.011053774299423, 'Time': 0.000690460205078125, 'Max V': 37.59151729361269, 'Mean V': 13.90898762938648}, {'State': None, 'Action': None, 'Reward': 37.591517293612654, 'Error': 15.025069774299432, 'Time': 0.0010383129119873047, 'Max V': 37.591517293612654, 'Mean V': 14.601720466859499}, {'State': None, 'Action': None, 'Reward': 37.5915172936126, 'Error': 12.445179598299479, 'Time': 0.0013835430145263672, 'Max V': 37.5915172936126, 'Mean V': 15.179607765870916}, {'State': None, 'Action': None, 'Reward': 37.59151729361257, 'Error': 10.216154486235439, 'Time': 0.0017256736755371094, 'Max V': 37.59151729361257, 'Mean V': 15.658268519651692}, {'State': None, 'Action': None, 'Reward': 37.59151729361251, 'Error': 8.290276789412136, 'Time': 0.0020742416381835938, 'Max V': 37.59151729361251, 'Mean V': 16.051197538353016}, {'State': None, 'Action': None, 'Reward': 37.59151729361257, 'Error': 6.626318459356796, 'Time': 0.002421855926513672, 'Max V': 37.59151729361257, 'Mean V': 16.370054337945856}, {'State': None, 'Action': None, 'Reward': 37.59151729361251, 'Error': 5.188658462189018, 'Time': 0.0027625560760498047, 'Max V': 37.59151729361251, 'Mean V': 16.624912740228744}, {'State': None, 'Action': None, 'Reward': 37.591517293612455, 'Error': 3.9465202246360533, 'Time': 0.003104686737060547, 'Max V': 37.591517293612455, 'Mean V': 16.824476527235948}, {'State': None, 'Action': None, 'Reward': 37.59151729361248, 'Error': 2.873312787390244, 'Time': 0.0034515857696533203, 'Max V': 37.59151729361248, 'Mean V': 16.976265766645064}, {'State': None, 'Action': None, 'Reward': 37.59151729361244, 'Error': 1.946061561609934, 'Time': 0.0037925243377685547, 'Max V': 37.59151729361244, 'Mean V': 17.086777796929237}, {'State': None, 'Action': None, 'Reward': 37.59151729361246, 'Error': 1.1449165025356365, 'Time': 0.004137992858886719, 'Max V': 37.59151729361246, 'Mean V': 17.161626318529738}, {'State': None, 'Action': None, 'Reward': 37.59151729361242, 'Error': 0.45272717149554786, 'Time': 0.004484415054321289, 'Max V': 37.59151729361242, 'Mean V': 17.20566156862718}, {'State': None, 'Action': None, 'Reward': 37.59151729361244, 'Error': 2.1316282072803006e-14, 'Time': 0.004828214645385742, 'Max V': 37.59151729361244, 'Mean V': 17.223074152146207}]"
24,729,14,37.591517293612405,0.03628969192504883,0.005009174346923828,14,"(0, 1, 1, 1, 1, 1, 1, 1, 1, 1, 1, 1, 1, 0, 0, 0, 0, 0, 0, 0, 0, 0, 0, 0, 0, 0, 0)","(11.587982832617653, 12.124463519312947, 12.124463519312947, 12.124463519312947, 12.124463519312947, 12.124463519312947, 12.124463519312947, 12.124463519312947, 12.124463519312947, 12.124463519312947, 12.124463519312947, 12.124463519312947, 12.124463519312947, 12.577190690808576, 13.269380021848706, 14.070525080922927, 14.997776306703276, 16.07098374394905, 17.31312198150203, 18.750781978669828, 20.41474030872515, 22.340618005548443, 24.569643117612436, 27.14953329361243, 30.13551729361242, 33.59151729361241, 37.591517293612405)","[{'State': None, 'Action': None, 'Reward': 37.59151729361271, 'Error': 21.467053774299423, 'Time': 0.00034308433532714844, 'Max V': 37.59151729361271, 'Mean V': 13.04781807811344}, {'State': None, 'Action': None, 'Reward': 37.59151729361269, 'Error': 18.011053774299423, 'Time': 0.0006940364837646484, 'Max V': 37.59151729361269, 'Mean V': 13.842894143828213}, {'State': None, 'Action': None, 'Reward': 37.59151729361262, 'Error': 15.025069774299407, 'Time': 0.0010395050048828125, 'Max V': 37.59151729361262, 'Mean V': 14.50997020954297}, {'State': None, 'Action': None, 'Reward': 37.59151729361259, 'Error': 12.445179598299443, 'Time': 0.0013835430145263672, 'Max V': 37.59151729361259, 'Mean V': 15.066454275257696}, {'State': None, 'Action': None, 'Reward': 37.59151729361257, 'Error': 10.216154486235439, 'Time': 0.0017275810241699219, 'Max V': 37.59151729361257, 'Mean V': 15.527386852972487}, {'State': None, 'Action': None, 'Reward': 37.59151729361255, 'Error': 8.290276789412179, 'Time': 0.0020732879638671875, 'Max V': 37.59151729361255, 'Mean V': 15.905762945055221}, {'State': None, 'Action': None, 'Reward': 37.5915172936125, 'Error': 6.626318459356881, 'Time': 0.0024275779724121094, 'Max V': 37.5915172936125, 'Mean V': 16.212810233551902}, {'State': None, 'Action': None, 'Reward': 37.59151729361254, 'Error': 5.18865846218905, 'Time': 0.0027701854705810547, 'Max V': 37.59151729361254, 'Mean V': 16.45822943575037}, {'State': None, 'Action': None, 'Reward': 37.591517293612455, 'Error': 3.9465202246360533, 'Time': 0.0031185150146484375, 'Max V': 37.591517293612455, 'Mean V': 16.65040197138695}, {'State': None, 'Action': None, 'Reward': 37.59151729361245, 'Error': 2.8733127873902973, 'Time': 0.0034613609313964844, 'Max V': 37.59151729361245, 'Mean V': 16.79656938711417}, {'State': None, 'Action': None, 'Reward': 37.59151729361247, 'Error': 1.9460615616099233, 'Time': 0.003801584243774414, 'Max V': 37.59151729361247, 'Mean V': 16.902988379239794}, {'State': None, 'Action': None, 'Reward': 37.591517293612426, 'Error': 1.1449165025356773, 'Time': 0.0041429996490478516, 'Max V': 37.591517293612426, 'Mean V': 16.975064733373475}, {'State': None, 'Action': None, 'Reward': 37.59151729361245, 'Error': 0.45272717149559405, 'Time': 0.004482746124267578, 'Max V': 37.59151729361245, 'Mean V': 17.017469048282184}, {'State': None, 'Action': None, 'Reward': 37.591517293612405, 'Error': 2.6645352591003757e-14, 'Time': 0.0048236846923828125, 'Max V': 37.591517293612405, 'Mean V': 17.034236721300484}]"
25,784,14,37.59151729361243,0.036397457122802734,0.0050334930419921875,14,"(0, 1, 1, 1, 1, 1, 1, 1, 1, 1, 1, 1, 1, 1, 0, 0, 0, 0, 0, 0, 0, 0, 0, 0, 0, 0, 0, 0)","(11.587982832617728, 12.124463519313018, 12.124463519313018, 12.124463519313018, 12.124463519313018, 12.124463519313018, 12.124463519313018, 12.124463519313018, 12.124463519313018, 12.124463519313018, 12.124463519313018, 12.124463519313018, 12.124463519313018, 12.124463519313018, 12.577190690808603, 13.269380021848729, 14.070525080922948, 14.997776306703294, 16.070983743949064, 17.31312198150204, 18.75078197866984, 20.414740308725165, 22.340618005548457, 24.569643117612454, 27.14953329361245, 30.135517293612445, 33.59151729361244, 37.59151729361243)","[{'State': None, 'Action': None, 'Reward': 37.59151729361271, 'Error': 21.467053774299423, 'Time': 0.0003485679626464844, 'Max V': 37.59151729361271, 'Mean V': 13.014841129584864}, {'State': None, 'Action': None, 'Reward': 37.59151729361269, 'Error': 18.011053774299423, 'Time': 0.0007028579711914062, 'Max V': 37.59151729361269, 'Mean V': 13.781521621524108}, {'State': None, 'Action': None, 'Reward': 37.59151729361262, 'Error': 15.025069774299407, 'Time': 0.0010499954223632812, 'Max V': 37.59151729361262, 'Mean V': 14.424773542034766}, {'State': None, 'Action': None, 'Reward': 37.5915172936126, 'Error': 12.445179598299479, 'Time': 0.0013947486877441406, 'Max V': 37.5915172936126, 'Mean V': 14.961383176831074}, {'State': None, 'Action': None, 'Reward': 37.59151729361257, 'Error': 10.216154486235439, 'Time': 0.001737833023071289, 'Max V': 37.59151729361257, 'Mean V': 15.405853876770369}, {'State': None, 'Action': None, 'Reward': 37.59151729361255, 'Error': 8.290276789412179, 'Time': 0.0020856857299804688, 'Max V': 37.59151729361255, 'Mean V': 15.770716536993001}, {'State': None, 'Action': None, 'Reward': 37.59151729361253, 'Error': 6.626318459356845, 'Time': 0.002427339553833008, 'Max V': 37.59151729361253, 'Mean V': 16.066797850900574}, {'State': None, 'Action': None, 'Reward': 37.59151729361248, 'Error': 5.188658462189071, 'Time': 0.0027740001678466797, 'Max V': 37.59151729361248, 'Mean V': 16.303452081591825}, {'State': None, 'Action': None, 'Reward': 37.591517293612526, 'Error': 3.9465202246360143, 'Time': 0.0031185150146484375, 'Max V': 37.591517293612526, 'Mean V': 16.488761312384405}, {'State': None, 'Action': None, 'Reward': 37.59151729361245, 'Error': 2.8733127873902973, 'Time': 0.003463268280029297, 'Max V': 37.59151729361245, 'Mean V': 16.62970846326413}, {'State': None, 'Action': None, 'Reward': 37.59151729361244, 'Error': 1.946061561609934, 'Time': 0.0038084983825683594, 'Max V': 37.59151729361244, 'Mean V': 16.732326777099505}, {'State': None, 'Action': None, 'Reward': 37.591517293612455, 'Error': 1.144916502535704, 'Time': 0.004148244857788086, 'Max V': 37.591517293612455, 'Mean V': 16.801828975728476}, {'State': None, 'Action': None, 'Reward': 37.59151729361242, 'Error': 0.45272717149554786, 'Time': 0.004489898681640625, 'Max V': 37.59151729361242, 'Mean V': 16.84271885081903}, {'State': None, 'Action': None, 'Reward': 37.59151729361243, 'Error': 2.1316282072803006e-14, 'Time': 0.004848003387451172, 'Max V': 37.59151729361243, 'Mean V': 16.858887678372405}]"
26,841,14,37.591517293612405,0.036492347717285156,0.0051152706146240234,14,"(0, 1, 1, 1, 1, 1, 1, 1, 1, 1, 1, 1, 1, 1, 1, 0, 0, 0, 0, 0, 0, 0, 0, 0, 0, 0, 0, 0, 0)","(11.587982832617653, 12.124463519312947, 12.124463519312947, 12.124463519312947, 12.124463519312947, 12.124463519312947, 12.124463519312947, 12.124463519312947, 12.124463519312947, 12.124463519312947, 12.124463519312947, 12.124463519312947, 12.124463519312947, 12.124463519312947, 12.124463519312947, 12.577190690808576, 13.269380021848706, 14.070525080922927, 14.997776306703276, 16.07098374394905, 17.31312198150203, 18.750781978669828, 20.41474030872515, 22.340618005548443, 24.569643117612436, 27.14953329361243, 30.13551729361242, 33.59151729361241, 37.591517293612405)","[{'State': None, 'Action': None, 'Reward': 37.59151729361271, 'Error': 21.467053774299423, 'Time': 0.00033926963806152344, 'Max V': 37.59151729361271, 'Mean V': 12.984138453368603}, {'State': None, 'Action': None, 'Reward': 37.59151729361269, 'Error': 18.011053774299423, 'Time': 0.0006897449493408203, 'Max V': 37.59151729361269, 'Mean V': 13.724381686965115}, {'State': None, 'Action': None, 'Reward': 37.59151729361262, 'Error': 15.025069774299407, 'Time': 0.0010406970977783203, 'Max V': 37.59151729361262, 'Mean V': 14.345452506768504}, {'State': None, 'Action': None, 'Reward': 37.5915172936126, 'Error': 12.445179598299479, 'Time': 0.0013859272003173828, 'Max V': 37.5915172936126, 'Mean V': 14.863558361054592}, {'State': None, 'Action': None, 'Reward': 37.59151729361257, 'Error': 10.216154486235439, 'Time': 0.0017309188842773438, 'Max V': 37.59151729361257, 'Mean V': 15.292702485133914}, {'State': None, 'Action': None, 'Reward': 37.59151729361255, 'Error': 8.290276789412179, 'Time': 0.0020771026611328125, 'Max V': 37.59151729361255, 'Mean V': 15.644983674314382}, {'State': None, 'Action': None, 'Reward': 37.59151729361253, 'Error': 6.626318459356845, 'Time': 0.002420186996459961, 'Max V': 37.59151729361253, 'Mean V': 15.930855287742386}, {'State': None, 'Action': None, 'Reward': 37.59151729361251, 'Error': 5.188658462189018, 'Time': 0.0027642250061035156, 'Max V': 37.59151729361251, 'Mean V': 16.159349027720232}, {'State': None, 'Action': None, 'Reward': 37.591517293612455, 'Error': 3.9465202246360533, 'Time': 0.0031185150146484375, 'Max V': 37.591517293612455, 'Mean V': 16.338268285037028}, {'State': None, 'Action': None, 'Reward': 37.59151729361245, 'Error': 2.8733127873902973, 'Time': 0.003462553024291992, 'Max V': 37.59151729361245, 'Mean V': 16.47435518933478}, {'State': None, 'Action': None, 'Reward': 37.59151729361244, 'Error': 1.946061561609934, 'Time': 0.0038073062896728516, 'Max V': 37.59151729361244, 'Mean V': 16.57343494062411}, {'State': None, 'Action': None, 'Reward': 37.591517293612426, 'Error': 1.1449165025356773, 'Time': 0.00415492057800293, 'Max V': 37.591517293612426, 'Mean V': 16.640540511714136}, {'State': None, 'Action': None, 'Reward': 37.59151729361242, 'Error': 0.45272717149554786, 'Time': 0.0045735836029052734, 'Max V': 37.59151729361242, 'Mean V': 16.680020391111928}, {'State': None, 'Action': None, 'Reward': 37.591517293612405, 'Error': 2.6645352591003757e-14, 'Time': 0.004927396774291992, 'Max V': 37.591517293612405, 'Mean V': 16.69563167288755}]"
27,900,14,37.591517293612405,0.03675699234008789,0.0050737857818603516,14,"(0, 1, 1, 1, 1, 1, 1, 1, 1, 1, 1, 1, 1, 1, 1, 1, 0, 0, 0, 0, 0, 0, 0, 0, 0, 0, 0, 0, 0, 0)","(11.587982832617653, 12.124463519312947, 12.124463519312947, 12.124463519312947, 12.124463519312947, 12.124463519312947, 12.124463519312947, 12.124463519312947, 12.124463519312947, 12.124463519312947, 12.124463519312947, 12.124463519312947, 12.124463519312947, 12.124463519312947, 12.124463519312947, 12.124463519312947, 12.577190690808576, 13.269380021848706, 14.070525080922927, 14.997776306703276, 16.07098374394905, 17.31312198150203, 18.750781978669828, 20.41474030872515, 22.340618005548443, 24.569643117612436, 27.14953329361243, 30.13551729361242, 33.59151729361241, 37.591517293612405)","[{'State': None, 'Action': None, 'Reward': 37.59151729361271, 'Error': 21.467053774299423, 'Time': 0.00034737586975097656, 'Max V': 37.59151729361271, 'Mean V': 12.955482622233426}, {'State': None, 'Action': None, 'Reward': 37.59151729361269, 'Error': 18.011053774299423, 'Time': 0.0006997585296630859, 'Max V': 37.59151729361269, 'Mean V': 13.67105108137672}, {'State': None, 'Action': None, 'Reward': 37.59151729361262, 'Error': 15.025069774299407, 'Time': 0.001058816909790039, 'Max V': 37.59151729361262, 'Mean V': 14.271419540519995}, {'State': None, 'Action': None, 'Reward': 37.5915172936126, 'Error': 12.445179598299479, 'Time': 0.0014071464538574219, 'Max V': 37.5915172936126, 'Mean V': 14.77225519966321}, {'State': None, 'Action': None, 'Reward': 37.59151729361257, 'Error': 10.216154486235439, 'Time': 0.0017533302307128906, 'Max V': 37.59151729361257, 'Mean V': 15.187094519606555}, {'State': None, 'Action': None, 'Reward': 37.59151729361255, 'Error': 8.290276789412179, 'Time': 0.0021004676818847656, 'Max V': 37.59151729361255, 'Mean V': 15.527633002481004}, {'State': None, 'Action': None, 'Reward': 37.59151729361253, 'Error': 6.626318459356845, 'Time': 0.002446889877319336, 'Max V': 37.59151729361253, 'Mean V': 15.803975562128075}, {'State': None, 'Action': None, 'Reward': 37.59151729361251, 'Error': 5.188658462189018, 'Time': 0.002795696258544922, 'Max V': 37.59151729361251, 'Mean V': 16.02485284410666}, {'State': None, 'Action': None, 'Reward': 37.591517293612455, 'Error': 3.9465202246360533, 'Time': 0.003141164779663086, 'Max V': 37.591517293612455, 'Mean V': 16.197808126179563}, {'State': None, 'Action': None, 'Reward': 37.59151729361245, 'Error': 2.8733127873902973, 'Time': 0.0035123825073242188, 'Max V': 37.59151729361245, 'Mean V': 16.329358800334056}, {'State': None, 'Action': None, 'Reward': 37.59151729361244, 'Error': 1.946061561609934, 'Time': 0.0038568973541259766, 'Max V': 37.59151729361244, 'Mean V': 16.42513589324707}, {'State': None, 'Action': None, 'Reward': 37.591517293612426, 'Error': 1.1449165025356773, 'Time': 0.00420069694519043, 'Max V': 37.591517293612426, 'Mean V': 16.490004611967432}, {'State': None, 'Action': None, 'Reward': 37.59151729361242, 'Error': 0.45272717149554786, 'Time': 0.004546403884887695, 'Max V': 37.59151729361242, 'Mean V': 16.528168495385298}, {'State': None, 'Action': None, 'Reward': 37.591517293612405, 'Error': 2.6645352591003757e-14, 'Time': 0.004889965057373047, 'Max V': 37.591517293612405, 'Mean V': 16.543259401101732}]"
28,961,14,37.591517293612405,0.03781604766845703,0.005330085754394531,14,"(0, 1, 1, 1, 1, 1, 1, 1, 1, 1, 1, 1, 1, 1, 1, 1, 1, 0, 0, 0, 0, 0, 0, 0, 0, 0, 0, 0, 0, 0, 0)","(11.587982832617653, 12.124463519312947, 12.124463519312947, 12.124463519312947, 12.124463519312947, 12.124463519312947, 12.124463519312947, 12.124463519312947, 12.124463519312947, 12.124463519312947, 12.124463519312947, 12.124463519312947, 12.124463519312947, 12.124463519312947, 12.124463519312947, 12.124463519312947, 12.124463519312947, 12.577190690808576, 13.269380021848706, 14.070525080922927, 14.997776306703276, 16.07098374394905, 17.31312198150203, 18.750781978669828, 20.41474030872515, 22.340618005548443, 24.569643117612436, 27.14953329361243, 30.13551729361242, 33.59151729361241, 37.591517293612405)","[{'State': None, 'Action': None, 'Reward': 37.59151729361271, 'Error': 21.467053774299423, 'Time': 0.00035071372985839844, 'Max V': 37.59151729361271, 'Mean V': 12.92867555439729}, {'State': None, 'Action': None, 'Reward': 37.59151729361269, 'Error': 18.011053774299423, 'Time': 0.0007040500640869141, 'Max V': 37.59151729361269, 'Mean V': 13.621161160019835}, {'State': None, 'Action': None, 'Reward': 37.59151729361262, 'Error': 15.025069774299407, 'Time': 0.0010547637939453125, 'Max V': 37.59151729361262, 'Mean V': 14.202162894674617}, {'State': None, 'Action': None, 'Reward': 37.5915172936126, 'Error': 12.445179598299479, 'Time': 0.0014028549194335938, 'Max V': 37.5915172936126, 'Mean V': 14.686842564813206}, {'State': None, 'Action': None, 'Reward': 37.59151729361257, 'Error': 10.216154486235439, 'Time': 0.0017504692077636719, 'Max V': 37.59151729361257, 'Mean V': 15.088299971209995}, {'State': None, 'Action': None, 'Reward': 37.59151729361255, 'Error': 8.290276789412179, 'Time': 0.0020971298217773438, 'Max V': 37.59151729361255, 'Mean V': 15.417853341733654}, {'State': None, 'Action': None, 'Reward': 37.59151729361253, 'Error': 6.626318459356845, 'Time': 0.0024614334106445312, 'Max V': 37.59151729361253, 'Mean V': 15.685281625263077}, {'State': None, 'Action': None, 'Reward': 37.59151729361251, 'Error': 5.188658462189018, 'Time': 0.0028192996978759766, 'Max V': 37.59151729361251, 'Mean V': 15.899033833629451}, {'State': None, 'Action': None, 'Reward': 37.591517293612455, 'Error': 3.9465202246360533, 'Time': 0.003180265426635742, 'Max V': 37.591517293612455, 'Mean V': 16.066409913054834}, {'State': None, 'Action': None, 'Reward': 37.59151729361245, 'Error': 2.8733127873902973, 'Time': 0.00366973876953125, 'Max V': 37.59151729361245, 'Mean V': 16.193717017075315}, {'State': None, 'Action': None, 'Reward': 37.59151729361244, 'Error': 1.946061561609934, 'Time': 0.004024982452392578, 'Max V': 37.59151729361244, 'Mean V': 16.286404526345976}, {'State': None, 'Action': None, 'Reward': 37.591517293612426, 'Error': 1.1449165025356773, 'Time': 0.00437474250793457, 'Max V': 37.591517293612426, 'Mean V': 16.349180705752776}, {'State': None, 'Action': None, 'Reward': 37.59151729361242, 'Error': 0.45272717149554786, 'Time': 0.0047817230224609375, 'Max V': 37.59151729361242, 'Mean V': 16.386113496157165}, {'State': None, 'Action': None, 'Reward': 37.591517293612405, 'Error': 2.6645352591003757e-14, 'Time': 0.005143880844116211, 'Max V': 37.591517293612405, 'Mean V': 16.40071759846338}]"
29,1024,14,37.591517293612405,0.03657078742980957,0.005077838897705078,14,"(0, 1, 1, 1, 1, 1, 1, 1, 1, 1, 1, 1, 1, 1, 1, 1, 1, 1, 0, 0, 0, 0, 0, 0, 0, 0, 0, 0, 0, 0, 0, 0)","(11.587982832617653, 12.124463519312947, 12.124463519312947, 12.124463519312947, 12.124463519312947, 12.124463519312947, 12.124463519312947, 12.124463519312947, 12.124463519312947, 12.124463519312947, 12.124463519312947, 12.124463519312947, 12.124463519312947, 12.124463519312947, 12.124463519312947, 12.124463519312947, 12.124463519312947, 12.124463519312947, 12.577190690808576, 13.269380021848706, 14.070525080922927, 14.997776306703276, 16.07098374394905, 17.31312198150203, 18.750781978669828, 20.41474030872515, 22.340618005548443, 24.569643117612436, 27.14953329361243, 30.13551729361242, 33.59151729361241, 37.591517293612405)","[{'State': None, 'Action': None, 'Reward': 37.59151729361271, 'Error': 21.467053774299423, 'Time': 0.00033974647521972656, 'Max V': 37.59151729361271, 'Mean V': 12.90354392830092}, {'State': None, 'Action': None, 'Reward': 37.59151729361269, 'Error': 18.011053774299423, 'Time': 0.0006899833679199219, 'Max V': 37.59151729361269, 'Mean V': 13.574389358747752}, {'State': None, 'Action': None, 'Reward': 37.59151729361262, 'Error': 15.025069774299407, 'Time': 0.0010395050048828125, 'Max V': 37.59151729361262, 'Mean V': 14.137234789194572}, {'State': None, 'Action': None, 'Reward': 37.5915172936126, 'Error': 12.445179598299479, 'Time': 0.0013980865478515625, 'Max V': 37.5915172936126, 'Mean V': 14.606768219641332}, {'State': None, 'Action': None, 'Reward': 37.59151729361257, 'Error': 10.216154486235439, 'Time': 0.0017464160919189453, 'Max V': 37.59151729361257, 'Mean V': 14.995680082088217}, {'State': None, 'Action': None, 'Reward': 37.59151729361255, 'Error': 8.290276789412179, 'Time': 0.0020918846130371094, 'Max V': 37.59151729361255, 'Mean V': 15.314934909783013}, {'State': None, 'Action': None, 'Reward': 37.59151729361253, 'Error': 6.626318459356845, 'Time': 0.0024404525756835938, 'Max V': 37.59151729361253, 'Mean V': 15.57400605945214}, {'State': None, 'Action': None, 'Reward': 37.59151729361251, 'Error': 5.188658462189018, 'Time': 0.0027878284454345703, 'Max V': 37.59151729361251, 'Mean V': 15.781078511307065}, {'State': None, 'Action': None, 'Reward': 37.591517293612455, 'Error': 3.9465202246360533, 'Time': 0.0031347274780273438, 'Max V': 37.591517293612455, 'Mean V': 15.943224088250405}, {'State': None, 'Action': None, 'Reward': 37.59151729361245, 'Error': 2.8733127873902973, 'Time': 0.0034847259521484375, 'Max V': 37.59151729361245, 'Mean V': 16.066552845270238}, {'State': None, 'Action': None, 'Reward': 37.59151729361244, 'Error': 1.946061561609934, 'Time': 0.0038285255432128906, 'Max V': 37.59151729361244, 'Mean V': 16.156343869876196}, {'State': None, 'Action': None, 'Reward': 37.591517293612426, 'Error': 1.1449165025356773, 'Time': 0.004172325134277344, 'Max V': 37.591517293612426, 'Mean V': 16.217158293676537}, {'State': None, 'Action': None, 'Reward': 37.59151729361242, 'Error': 0.45272717149554786, 'Time': 0.0045206546783447266, 'Max V': 37.59151729361242, 'Mean V': 16.252936934380788}, {'State': None, 'Action': None, 'Reward': 37.591517293612405, 'Error': 2.6645352591003757e-14, 'Time': 0.004895925521850586, 'Max V': 37.591517293612405, 'Mean V': 16.26708465848993}]"
30,1089,14,37.591517293612405,0.03869128227233887,0.005293130874633789,14,"(0, 1, 1, 1, 1, 1, 1, 1, 1, 1, 1, 1, 1, 1, 1, 1, 1, 1, 1, 0, 0, 0, 0, 0, 0, 0, 0, 0, 0, 0, 0, 0, 0)","(11.587982832617653, 12.124463519312947, 12.124463519312947, 12.124463519312947, 12.124463519312947, 12.124463519312947, 12.124463519312947, 12.124463519312947, 12.124463519312947, 12.124463519312947, 12.124463519312947, 12.124463519312947, 12.124463519312947, 12.124463519312947, 12.124463519312947, 12.124463519312947, 12.124463519312947, 12.124463519312947, 12.124463519312947, 12.577190690808576, 13.269380021848706, 14.070525080922927, 14.997776306703276, 16.07098374394905, 17.31312198150203, 18.750781978669828, 20.41474030872515, 22.340618005548443, 24.569643117612436, 27.14953329361243, 30.13551729361242, 33.59151729361241, 37.591517293612405)","[{'State': None, 'Action': None, 'Reward': 37.59151729361271, 'Error': 21.467053774299423, 'Time': 0.0003726482391357422, 'Max V': 37.59151729361271, 'Mean V': 12.87993543105887}, {'State': None, 'Action': None, 'Reward': 37.59151729361269, 'Error': 18.011053774299423, 'Time': 0.0007302761077880859, 'Max V': 37.59151729361269, 'Mean V': 13.530452212098222}, {'State': None, 'Action': None, 'Reward': 37.59151729361262, 'Error': 15.025069774299407, 'Time': 0.001088857650756836, 'Max V': 37.59151729361262, 'Mean V': 14.07624172041029}, {'State': None, 'Action': None, 'Reward': 37.5915172936126, 'Error': 12.445179598299479, 'Time': 0.0014808177947998047, 'Max V': 37.5915172936126, 'Mean V': 14.53154686508593}, {'State': None, 'Action': None, 'Reward': 37.59151729361257, 'Error': 10.216154486235439, 'Time': 0.0018434524536132812, 'Max V': 37.59151729361257, 'Mean V': 14.908673519579882}, {'State': None, 'Action': None, 'Reward': 37.59151729361255, 'Error': 8.290276789412179, 'Time': 0.002214193344116211, 'Max V': 37.59151729361255, 'Mean V': 15.218253958556648}, {'State': None, 'Action': None, 'Reward': 37.59151729361253, 'Error': 6.626318459356845, 'Time': 0.0026302337646484375, 'Max V': 37.59151729361253, 'Mean V': 15.469474467326714}, {'State': None, 'Action': None, 'Reward': 37.59151729361251, 'Error': 5.188658462189018, 'Time': 0.002981424331665039, 'Max V': 37.59151729361251, 'Mean V': 15.670271996398156}, {'State': None, 'Action': None, 'Reward': 37.591517293612455, 'Error': 3.9465202246360533, 'Time': 0.0033485889434814453, 'Max V': 37.591517293612455, 'Mean V': 15.827504071009878}, {'State': None, 'Action': None, 'Reward': 37.59151729361245, 'Error': 2.8733127873902973, 'Time': 0.003699779510498047, 'Max V': 37.59151729361245, 'Mean V': 15.947095592968505}, {'State': None, 'Action': None, 'Reward': 37.59151729361244, 'Error': 1.946061561609934, 'Time': 0.004047870635986328, 'Max V': 37.59151729361244, 'Mean V': 16.03416567743489}, {'State': None, 'Action': None, 'Reward': 37.591517293612426, 'Error': 1.1449165025356773, 'Time': 0.004398822784423828, 'Max V': 37.591517293612426, 'Mean V': 16.093137239907946}, {'State': None, 'Action': None, 'Reward': 37.59151729361242, 'Error': 0.45272717149554786, 'Time': 0.004746913909912109, 'Max V': 37.59151729361242, 'Mean V': 16.12783167937874}, {'State': None, 'Action': None, 'Reward': 37.591517293612405, 'Error': 2.6645352591003757e-14, 'Time': 0.005107402801513672, 'Max V': 37.591517293612405, 'Mean V': 16.141550684575478}]"
31,1156,14,37.591517293612405,0.036885738372802734,0.005090236663818359,14,"(0, 1, 1, 1, 1, 1, 1, 1, 1, 1, 1, 1, 1, 1, 1, 1, 1, 1, 1, 1, 0, 0, 0, 0, 0, 0, 0, 0, 0, 0, 0, 0, 0, 0)","(11.587982832617653, 12.124463519312947, 12.124463519312947, 12.124463519312947, 12.124463519312947, 12.124463519312947, 12.124463519312947, 12.124463519312947, 12.124463519312947, 12.124463519312947, 12.124463519312947, 12.124463519312947, 12.124463519312947, 12.124463519312947, 12.124463519312947, 12.124463519312947, 12.124463519312947, 12.124463519312947, 12.124463519312947, 12.124463519312947, 12.577190690808576, 13.269380021848706, 14.070525080922927, 14.997776306703276, 16.07098374394905, 17.31312198150203, 18.750781978669828, 20.41474030872515, 22.340618005548443, 24.569643117612436, 27.14953329361243, 30.13551729361242, 33.59151729361241, 37.591517293612405)","[{'State': None, 'Action': None, 'Reward': 37.59151729361271, 'Error': 21.467053774299423, 'Time': 0.00034427642822265625, 'Max V': 37.59151729361271, 'Mean V': 12.857715668948705}, {'State': None, 'Action': None, 'Reward': 37.59151729361269, 'Error': 18.011053774299423, 'Time': 0.0007009506225585938, 'Max V': 37.59151729361269, 'Mean V': 13.4890996034869}, {'State': None, 'Action': None, 'Reward': 37.59151729361262, 'Error': 15.025069774299407, 'Time': 0.0010504722595214844, 'Max V': 37.59151729361262, 'Mean V': 14.018836479201552}, {'State': None, 'Action': None, 'Reward': 37.5915172936126, 'Error': 12.445179598299479, 'Time': 0.0014116764068603516, 'Max V': 37.5915172936126, 'Mean V': 14.460750296092613}, {'State': None, 'Action': None, 'Reward': 37.59151729361257, 'Error': 10.216154486235439, 'Time': 0.0017664432525634766, 'Max V': 37.59151729361257, 'Mean V': 14.826784990160274}, {'State': None, 'Action': None, 'Reward': 37.59151729361255, 'Error': 8.290276789412179, 'Time': 0.0021162033081054688, 'Max V': 37.59151729361255, 'Mean V': 15.127260122108313}, {'State': None, 'Action': None, 'Reward': 37.59151729361253, 'Error': 6.626318459356845, 'Time': 0.002465963363647461, 'Max V': 37.59151729361253, 'Mean V': 15.371091792385137}, {'State': None, 'Action': None, 'Reward': 37.59151729361251, 'Error': 5.188658462189018, 'Time': 0.0028154850006103516, 'Max V': 37.59151729361251, 'Mean V': 15.565983511778013}, {'State': None, 'Action': None, 'Reward': 37.591517293612455, 'Error': 3.9465202246360533, 'Time': 0.0031654834747314453, 'Max V': 37.591517293612455, 'Mean V': 15.71859111360703}, {'State': None, 'Action': None, 'Reward': 37.59151729361245, 'Error': 2.8733127873902973, 'Time': 0.0035140514373779297, 'Max V': 37.59151729361245, 'Mean V': 15.834665237860989}, {'State': None, 'Action': None, 'Reward': 37.59151729361244, 'Error': 1.946061561609934, 'Time': 0.0038623809814453125, 'Max V': 37.59151729361244, 'Mean V': 15.919174437490126}, {'State': None, 'Action': None, 'Reward': 37.591517293612426, 'Error': 1.1449165025356773, 'Time': 0.004210233688354492, 'Max V': 37.591517293612426, 'Mean V': 15.97641154224339}, {'State': None, 'Action': None, 'Reward': 37.59151729361242, 'Error': 0.45272717149554786, 'Time': 0.004557609558105469, 'Max V': 37.59151729361242, 'Mean V': 16.010085557023867}, {'State': None, 'Action': None, 'Reward': 37.591517293612405, 'Error': 2.6645352591003757e-14, 'Time': 0.004904508590698242, 'Max V': 37.591517293612405, 'Mean V': 16.023401062067755}]"
32,1225,14,37.591517293612405,0.03717851638793945,0.005138397216796875,14,"(0, 1, 1, 1, 1, 1, 1, 1, 1, 1, 1, 1, 1, 1, 1, 1, 1, 1, 1, 1, 1, 0, 0, 0, 0, 0, 0, 0, 0, 0, 0, 0, 0, 0, 0)","(11.587982832617653, 12.124463519312947, 12.124463519312947, 12.124463519312947, 12.124463519312947, 12.124463519312947, 12.124463519312947, 12.124463519312947, 12.124463519312947, 12.124463519312947, 12.124463519312947, 12.124463519312947, 12.124463519312947, 12.124463519312947, 12.124463519312947, 12.124463519312947, 12.124463519312947, 12.124463519312947, 12.124463519312947, 12.124463519312947, 12.124463519312947, 12.577190690808576, 13.269380021848706, 14.070525080922927, 14.997776306703276, 16.07098374394905, 17.31312198150203, 18.750781978669828, 20.41474030872515, 22.340618005548443, 24.569643117612436, 27.14953329361243, 30.13551729361242, 33.59151729361241, 37.591517293612405)","[{'State': None, 'Action': None, 'Reward': 37.59151729361271, 'Error': 21.467053774299423, 'Time': 0.0003495216369628906, 'Max V': 37.59151729361271, 'Mean V': 12.83676560753055}, {'State': None, 'Action': None, 'Reward': 37.59151729361269, 'Error': 18.011053774299423, 'Time': 0.0007083415985107422, 'Max V': 37.59151729361269, 'Mean V': 13.45011000108194}, {'State': None, 'Action': None, 'Reward': 37.59151729361262, 'Error': 15.025069774299407, 'Time': 0.0010633468627929688, 'Max V': 37.59151729361262, 'Mean V': 13.964711537490457}, {'State': None, 'Action': None, 'Reward': 37.5915172936126, 'Error': 12.445179598299479, 'Time': 0.0014200210571289062, 'Max V': 37.5915172936126, 'Mean V': 14.393999245327484}, {'State': None, 'Action': None, 'Reward': 37.59151729361257, 'Error': 10.216154486235439, 'Time': 0.0017728805541992188, 'Max V': 37.59151729361257, 'Mean V': 14.749575805278928}, {'State': None, 'Action': None, 'Reward': 37.59151729361255, 'Error': 8.290276789412179, 'Time': 0.0021278858184814453, 'Max V': 37.59151729361255, 'Mean V': 15.041465933457019}, {'State': None, 'Action': None, 'Reward': 37.59151729361253, 'Error': 6.626318459356845, 'Time': 0.002477884292602539, 'Max V': 37.59151729361253, 'Mean V': 15.278330984583077}, {'State': None, 'Action': None, 'Reward': 37.59151729361251, 'Error': 5.188658462189018, 'Time': 0.002826690673828125, 'Max V': 37.59151729361251, 'Mean V': 15.467654369136156}, {'State': None, 'Action': None, 'Reward': 37.591517293612455, 'Error': 3.9465202246360533, 'Time': 0.0031785964965820312, 'Max V': 37.591517293612455, 'Mean V': 15.615901753770059}, {'State': None, 'Action': None, 'Reward': 37.59151729361245, 'Error': 2.8733127873902973, 'Time': 0.0035483837127685547, 'Max V': 37.59151729361245, 'Mean V': 15.728659474473904}, {'State': None, 'Action': None, 'Reward': 37.59151729361244, 'Error': 1.946061561609934, 'Time': 0.0039000511169433594, 'Max V': 37.59151729361244, 'Mean V': 15.810754125542209}, {'State': None, 'Action': None, 'Reward': 37.591517293612426, 'Error': 1.1449165025356773, 'Time': 0.004250288009643555, 'Max V': 37.591517293612426, 'Mean V': 15.866355884445385}, {'State': None, 'Action': None, 'Reward': 37.59151729361242, 'Error': 0.45272717149554786, 'Time': 0.004601955413818359, 'Max V': 37.59151729361242, 'Mean V': 15.899067784517843}, {'State': None, 'Action': None, 'Reward': 37.591517293612405, 'Error': 2.6645352591003757e-14, 'Time': 0.004952669143676758, 'Max V': 37.591517293612405, 'Mean V': 15.912002846560474}]"
